country,year,iso_code_co2,population_co2,gdp_co2,co2,coal_co2,oil_co2,gas_co2,cement_co2,primary_energy_consumption_energy,fossil_fuel_consumption,fossil_share_energy,renewables_consumption,renewables_share_energy,renewables_electricity,renewables_share_elec,solar_consumption,solar_share_energy,wind_consumption,wind_share_energy,hydro_consumption,hydro_share_energy
Algeria,2000,DZA,30903894.0,208554150552.0,84.55245208740234,1.9602400064468384,26.827808380126957,38.53428649902344,2.943280935287476,299.9456481933594,299.7859802246094,99.94998931884766,0.1499999910593032,0.0500106699764728,0.050000000745058,0.1968504041433334,0.0,0.0,0.0,0.0,0.1499999910593032,0.0500106699764728
Algeria,2001,DZA,31331226.0,223420294027.0,86.01919555664062,2.0958080291748047,28.458288192749023,41.02947235107422,2.94571590423584,310.8129577636719,310.6102294921875,99.9386749267578,0.1906077414751052,0.0613279342651367,0.0700000002980232,0.2629601657390594,0.0,0.0,0.0,0.0,0.1906077414751052,0.0613279342651367
Algeria,2002,DZA,31750832.0,245360923720.0,89.65840148925781,2.6087679862976074,29.49519920349121,44.653167724609375,3.023736953735352,321.95050048828125,321.7841491699219,99.95149230957033,0.1561643779277801,0.0485072433948516,0.0599999986588954,0.2169981896877288,0.0,0.0,0.0,0.0,0.1561643779277801,0.0485072433948516
Algeria,2003,DZA,32175813.0,273568638765.0,94.0779266357422,2.788304090499878,31.94275283813477,44.0266227722168,3.5293869972229004,336.922119140625,336.1535949707031,99.78565979003906,0.7220707535743713,0.2143433988094329,0.2599999904632568,0.8792694807052612,0.0,0.0,0.0,0.0,0.7220707535743713,0.2143433988094329
Algeria,2004,DZA,32628286.0,296773569597.0,90.85253143310548,1.9235999584198,32.81844711303711,41.2090072631836,4.035037040710449,349.7778015136719,349.05450439453125,99.80550384521484,0.6802167892456055,0.1944950670003891,0.25,0.800000011920929,0.0,0.0,0.0,0.0,0.6802167892456055,0.1944950670003891
Algeria,2005,DZA,33109258.0,326854481030.0,109.56442260742188,2.3632800579071045,31.052400588989254,61.210784912109375,4.2334418296813965,366.27154541015625,364.6814880371094,99.59233856201172,1.492741942405701,0.4076589345932007,0.550000011920929,1.6219404935836792,0.0,0.0,0.0,0.0,1.492741942405701,0.4076589345932007
Algeria,2006,DZA,33623505.0,345705309468.0,103.79776000976562,2.700367927551269,35.23302459716797,49.30644607543945,4.441604137420654,379.2200622558594,378.6008911132813,99.8465576171875,0.581818163394928,0.1534400582313537,0.2199999988079071,0.6244677901268005,0.0,0.0,0.0,0.0,0.581818163394928,0.1534400582313537
Algeria,2007,DZA,34189420.0,371665260161.0,107.54869842529295,3.011807918548584,38.32177734375,51.0761604309082,4.659999847412109,399.6397705078125,399.000732421875,99.8495864868164,0.6010638475418091,0.1504157036542892,0.2199999988079071,0.5915569067001343,0.0,0.0,0.0,0.0,0.6010638475418091,0.1504157036542892
Algeria,2008,DZA,34816963.0,395658515586.0,108.59608459472656,3.008245944976806,37.36307144165039,51.550559997558594,5.092050075531006,423.5569152832031,422.76171875,99.8236846923828,0.7467018365859985,0.1763133406639099,0.2800000011920929,0.6959980130195618,0.0,0.0,0.0,0.0,0.7467018365859985,0.1763133406639099
Algeria,2009,DZA,35490442.0,418247711085.0,116.32797241210938,1.5938400030136108,44.89132690429688,54.89404678344727,5.69197416305542,448.8593444824219,447.90423583984375,99.79999542236328,0.8976377844810486,0.2000075876712799,0.3000000119209289,0.7792208194732666,0.0,0.0,0.0,0.0,0.8976377844810486,0.2000075876712799
Algeria,2010,DZA,36188237.0,450705801593.0,117.84735870361328,1.2164859771728516,45.36540603637695,53.36783218383789,7.746408939361572,438.9949035644531,438.4894714355469,99.8919677734375,0.4742187261581421,0.1080314293503761,0.1700000017881393,0.371747225522995,0.0236979182809591,0.0053986054845154,0.0,0.0,0.4505208134651184,0.1026328206062316
Algeria,2011,DZA,36903374.0,482028679734.0,124.71524047851562,1.121148943901062,46.91973876953125,56.72063446044922,7.734612941741943,464.48828125,463.3955078125,99.77903747558594,1.026214361190796,0.2209660559892654,0.5,0.976181149482727,0.046939767897129,0.0101071428507566,0.0,0.0,0.979274570941925,0.2108589112758636
Algeria,2012,DZA,37646165.0,498417638719.0,135.5934600830078,1.1065280437469482,48.540672302246094,64.1163330078125,7.542937755584717,507.671875,506.531982421875,99.7889175415039,1.0714510679244995,0.2110803425312042,0.6200000047683716,1.080139398574829,0.0688737481832504,0.0135684162378311,0.0,0.0,1.002577304840088,0.1975119262933731
Algeria,2013,DZA,38414176.0,512373332647.0,141.53427124023438,0.7767679691314697,52.01780700683594,65.45003509521484,7.896093845367432,536.976806640625,536.6290283203125,99.93922424316406,0.3263427019119262,0.0607765018939971,0.3300000131130218,0.5510101914405823,0.0731457769870758,0.0136223193258047,0.0,0.0,0.2531969249248504,0.0471541844308376
Algeria,2014,DZA,39205035.0,531843509827.0,152.43466186523438,0.5789120197296143,53.58233642578125,73.83326721191406,8.087319374084473,585.61328125,584.9251708984375,99.8896255493164,0.6463104486465454,0.1103725954890251,0.25,0.3889839947223663,0.1526717543601989,0.0260722674429416,0.0025445292703807,0.0004345377965364,0.4910941421985626,0.0838657915592193
Algeria,2015,DZA,40019528.0,551521739825.0,160.3216094970703,0.5349439978599548,55.59020614624024,78.76866912841797,8.263200759887695,617.5181884765625,616.9202880859375,99.9089813232422,0.5620253086090088,0.0910188481211662,0.2199999988079071,0.3195816576480865,0.1468354314565658,0.0237796995788812,0.0481012612581253,0.0077899009920656,0.3670885860919952,0.0594492480158805
Algeria,2016,DZA,40850719.0,569170418715.0,158.30831909179688,0.0,54.6279296875,78.67901611328125,8.928498268127441,616.995849609375,616.09619140625,99.8631362915039,0.8443518877029419,0.1368611305952072,0.3400000035762787,0.4786036014556885,0.6155778765678406,0.0997791215777397,0.0478694848716259,0.0077591729350388,0.1809045076370239,0.0293228421360254
Algeria,2017,DZA,41689302.0,577138830559.0,165.2516326904297,0.9233499765396118,55.32405471801758,82.3540267944336,10.10031795501709,623.794677734375,622.2537841796875,99.7679214477539,1.4474999904632568,0.232082262635231,0.6399999856948853,0.841330349445343,1.2599999904632568,0.2020197808742523,0.0474999994039535,0.0076158251613378,0.1400000005960464,0.0224466435611248
Algeria,2018,DZA,42505033.0,584064441740.0,174.461181640625,1.5462080240249634,56.231407165527344,88.88864135742188,11.403738975524902,669.6197509765625,667.6884155273438,99.72876739501952,1.8159202337265012,0.2712335288524627,0.8199999928474426,1.0684038400650024,1.4999998807907104,0.2240463197231292,0.0248756203800439,0.0037155279424041,0.2910447716712951,0.0434716790914535
Algeria,2019,DZA,43294551.0,589905104177.0,182.42498779296875,1.2750999927520752,59.63656234741211,91.99771881103516,12.541890144348145,694.348876953125,692.3007202148438,99.72296142578124,1.923267364501953,0.2770384550094604,0.8700000047683716,1.066045880317688,1.5222772359848022,0.2192775309085846,0.0247524734586477,0.0035654881503432,0.3762376010417938,0.0541954189538955
Algeria,2020,DZA,44042094.0,559819958223.0,171.13853454589844,0.5752609968185425,54.12953567504883,87.02569580078125,11.878520011901855,648.8988037109375,646.9493408203125,99.71749877929688,1.8328394889831543,0.2825045883655548,0.8799999952316284,1.1087312698364258,1.691357970237732,0.2606973648071289,0.0190123450011014,0.0029304665513336,0.1224691420793533,0.0188767742365598
Algeria,2021,DZA,44761099.0,578853830170.0,182.0358123779297,1.1761690378189087,57.34283065795898,96.2590103149414,11.924866676330566,707.6273193359375,705.8380737304688,99.76195526123048,1.6842365264892578,0.2380471229553222,0.8100000023841858,0.946261703968048,1.6354680061340332,0.2311542779207229,0.0258620698004961,0.0036553009413182,0.0229064039885997,0.0032375522423535
Algeria,2022,DZA,45477391.0,595820067103.0,192.778564453125,0.7584480047225952,61.61016082763672,101.3791046142578,12.836498260498049,734.247802734375,732.4723510742188,99.77208709716795,1.6732187271118164,0.2279137521982193,0.8600000143051147,0.9401989579200744,1.5945945978164673,0.2172041535377502,0.0393120422959327,0.0053548021242022,0.0393120422959327,0.0053548021242022
Argentina,2000,ARG,37213986.0,536480965694.0,143.3548126220703,2.3596770763397217,67.43399047851562,69.43824768066406,2.6571080684661865,703.6347045898438,600.2755126953125,85.9854965209961,80.67864990234375,11.556683540344238,29.0,32.591590881347656,9.999999747378752e-05,1.4324338735605124e-05,0.0965500026941299,0.0138301495462656,79.37566375732422,11.370038986206056
Argentina,2001,ARG,37624817.0,514867255248.0,135.00396728515625,2.007817029953003,64.33441925048828,64.80706787109375,2.3481171131134038,687.3407592773438,558.672119140625,82.0981216430664,102.32105255126952,15.036309242248535,36.9900016784668,41.03616714477539,0.0001187845336971,1.745565350574907e-05,0.1363563686609268,0.0200378745794296,101.05020904541016,14.849555015563965
Argentina,2002,ARG,38029345.0,460558541367.0,124.93011474609376,1.5791840553283691,57.495487213134766,62.61775970458984,1.72809100151062,658.1510620117188,535.50830078125,82.21666717529297,99.88162994384766,15.334840774536133,36.380001068115234,43.007450103759766,0.00012876711844,1.976963540073484e-05,0.2011095732450485,0.0308763831853866,98.02420043945312,15.049670219421388
Argentina,2003,ARG,38424283.0,503104157615.0,134.42098999023438,2.4804608821868896,59.35518646240234,69.06818389892578,2.219749927520752,704.7577514648438,582.6388549804688,83.43450927734375,95.0641098022461,13.613283157348633,34.7599983215332,37.75387954711914,0.0001771117094904,2.536258762120269e-05,0.2124087214469909,0.0304171591997146,92.0996551513672,13.188770294189451
Argentina,2004,ARG,38815915.0,550306327169.0,157.2351531982422,2.531824111938477,67.81330871582031,82.91265869140625,2.886733055114746,751.156982421875,638.63720703125,85.67436981201172,85.46143341064453,11.464811325073242,31.399999618530277,31.31857109069824,0.0001897019101306,2.544886592659168e-05,0.1963306367397308,0.0263381227850914,82.55393981933594,11.0747652053833
Argentina,2005,ARG,39216786.0,601050418142.0,161.7279510498047,3.667664051055908,71.79974365234375,81.96734619140625,3.3804030418396,796.3668212890625,676.3755493164062,85.6293716430664,95.0359344482422,12.03158187866211,35.209999084472656,33.29550552368164,0.0002177419228246,2.756620233412832e-05,0.1927947849035263,0.0244078859686851,91.9788589477539,11.64455509185791
Argentina,2006,ARG,39622113.0,652296814311.0,174.34165954589844,3.968029022216797,81.91065216064453,83.86719512939453,3.796710968017578,836.0589599609375,703.2701416015625,84.83195495605469,105.10111236572266,12.67781925201416,39.13999938964844,34.505863189697266,0.0002406417042948,2.902740197896492e-05,0.1862032115459442,0.0224607586860656,101.64495086669922,12.260920524597168
Argentina,2007,ARG,40016767.0,714725198062.0,173.76358032226562,3.7592639923095694,77.95159912109375,87.17755126953125,4.180575847625732,869.0759887695312,757.5216064453125,87.74140930175781,86.54283142089844,10.023991584777832,32.349998474121094,28.497180938720703,0.0002896276710089,3.354668660904281e-05,0.1638111770153045,0.0189737472683191,83.03231811523438,9.617380142211914
Argentina,2008,ARG,40424151.0,747157417513.0,187.5955352783203,3.97544002532959,88.65780639648438,90.11974334716795,4.243143081665039,879.07177734375,767.49267578125,87.89398193359375,86.20085144042969,9.871803283691406,32.45000076293945,26.617996215820312,0.0003791556810028,4.3421263399068266e-05,0.1106888577342033,0.0126761924475431,82.32109832763672,9.427489280700684
Argentina,2009,ARG,40854832.0,705920838368.0,178.37844848632812,3.3048598766326904,82.37968444824219,87.9928207397461,4.0077738761901855,852.1541137695312,729.6475830078125,86.26725769042969,94.67367553710938,11.193401336669922,35.849998474121094,29.30837059020996,0.0001996955252252,2.3610282369190827e-05,0.0966706722974777,0.0114295091480016,90.86138153076172,10.742669105529783
Argentina,2010,ARG,41288694.0,785785170150.0,186.1212921142578,4.081696033477783,90.14539337158205,86.92839813232422,4.353361129760742,882.2677001953125,760.0804443359375,86.76467895507812,97.1686782836914,11.091996192932127,34.77000045776367,27.595237731933597,0.0002236718719359,2.553258491388988e-05,0.0660198107361793,0.0075362916104495,86.87476348876953,9.916925430297852
Argentina,2011,ARG,41730655.0,837742673804.0,189.88381958007807,4.825488090515137,86.90641784667969,92.58561706542967,4.694683074951172,907.375732421875,791.2130737304688,87.74905395507812,93.88368225097656,10.412117958068848,32.61000061035156,25.18341064453125,0.0041813468560576,0.0004637299571186,0.0688874348998069,0.007639923132956,80.79515075683594,8.960541725158691
Argentina,2012,ARG,42161718.0,829147409948.0,191.71456909179688,5.0784010887146,85.5890121459961,95.38307189941406,4.533281803131104,944.1318969726562,831.2481079101562,88.54119110107422,91.07833862304688,9.70129680633545,30.989999771118164,22.78341293334961,0.0210643466562032,0.0022436890285462,0.9532524943351746,0.101536601781845,75.16597747802734,8.006376266479492
Argentina,2013,ARG,42582453.0,849088398588.0,189.52484130859372,4.840051174163818,87.4873046875,91.33809661865234,4.568103790283203,1009.4488525390624,885.8467407226562,88.28382873535156,101.686279296875,10.13409423828125,34.77000045776367,24.93366813659668,0.0385526306927204,0.0038421701174229,1.159475326538086,0.1155537664890289,83.81426239013672,8.352962493896484
Argentina,2014,ARG,43024071.0,827750786191.0,188.5391845703125,5.536411762237549,84.29196166992188,92.84390258789062,4.4786481857299805,993.0078125,870.5072021484375,88.18254852294922,102.62718963623048,10.396154403686523,34.540000915527344,24.93142890930176,0.0405699759721756,0.0041097463108599,1.5763128995895386,0.1596807986497879,82.4852294921875,8.355770111083984
Argentina,2015,ARG,43477011.0,850356641236.0,191.8087921142578,5.46668815612793,86.95404815673828,93.53459167480467,4.635950088500977,1009.9921264648438,883.201904296875,87.95014190673828,103.18531799316406,10.275299072265623,34.43000030517578,23.67624855041504,0.0371721498668193,0.0037016402930021,1.5021138191223145,0.1495820134878158,81.86701202392578,8.152400016784668
Argentina,2016,ARG,43900312.0,832669278245.0,190.0204925537109,4.191616058349609,84.55413055419922,96.30091094970705,4.132608890533447,1005.7216796875,883.4912719726562,88.33233642578125,95.88225555419922,9.586402893066406,31.489999771118164,21.395570755004883,0.0358618088066577,0.0035854992456734,1.375273823738098,0.1375012397766113,74.75575256347656,7.474153995513916
Argentina,2017,ARG,44288898.0,856142153676.0,187.0680084228516,4.279551982879639,80.8571548461914,96.44380950927734,4.527687072753906,996.9880981445312,872.593994140625,88.0194091796875,103.55142211914062,10.44533348083496,33.68000030517578,23.130279541015625,0.0410424992442131,0.0041399970650672,1.5289175510406494,0.1542234122753143,78.98571014404297,7.9673662185668945
Argentina,2018,ARG,44654876.0,833736983405.0,182.48345947265625,4.3564958572387695,76.10860443115234,96.12503814697266,4.534536838531494,986.0548095703124,857.0653686523438,87.43233489990234,106.10145568847656,10.823792457580566,35.220001220703125,23.99509620666504,0.2689800858497619,0.0274396296590566,3.5142858028411865,0.358504980802536,80.2951889038086,8.191202163696289
Argentina,2019,ARG,44973469.0,817053926667.0,180.4276580810547,2.143397092819214,76.60902404785156,95.6064682006836,4.298126220703125,925.657958984375,793.84521484375,86.31107330322266,105.00768280029295,11.41699504852295,34.779998779296875,24.926538467407227,1.979450225830078,0.2152163684368133,12.366252899169922,1.34452486038208,68.08045196533203,7.402069568634033
Argentina,2020,ARG,45191960.0,735814250460.0,164.6127166748047,3.22439193725586,66.67529296875,89.08480834960938,3.641663074493408,863.9719848632812,731.6663208007812,85.28540802001953,101.51876068115234,11.833356857299805,36.619998931884766,25.318029403686523,3.3194024562835693,0.3869203627109527,23.23614501953125,2.708480834960937,58.44370651245117,6.812388896942139
Argentina,2021,ARG,45312282.0,812324184006.0,190.19692993164065,4.5103840827941895,85.4408187866211,93.07292938232422,4.848045825958252,948.1873779296876,814.0086059570312,86.39404296875,103.14739990234376,10.947453498840332,37.040000915527344,24.18544006347656,5.425170421600342,0.5757954120635986,31.865886688232425,3.38205623626709,48.39410018920898,5.136262893676758
Argentina,2022,ARG,45407904.0,854914363923.0,183.7681427001953,4.730780124664307,81.96734619140625,89.62027740478516,5.254691123962402,1001.241455078125,856.9418334960938,86.14564514160156,119.4657211303711,12.00951099395752,42.27000045776367,29.029600143432617,7.223781108856201,0.7261838316917419,34.80342102050781,3.4986777305603027,55.94493865966797,5.62396764755249
Australia,2000,AUS,19132472.0,692059312020.0,349.89764404296875,185.79684448242188,102.67832946777344,46.60950469970703,3.620856046676636,1305.259521484375,1253.1943359375,96.23548889160156,49.02204513549805,3.764508247375488,17.540000915527344,8.089286804199219,0.1298611164093017,0.0099723152816295,0.3722222149372101,0.0285837464034557,45.740272521972656,3.5124940872192383
Australia,2001,AUS,19365438.0,713890072308.0,357.66778564453125,190.08221435546875,103.20231628417967,49.32619857788086,3.540903091430664,1315.38525390625,1264.4698486328125,96.34463500976562,47.974647521972656,3.6553659439086914,17.260000228881836,7.6964240074157715,0.1495856344699859,0.0113974828273057,0.7928177118301392,0.0604077130556106,44.54005813598633,3.393671751022339
Australia,2002,AUS,19595356.0,747065694937.0,362.4249267578125,191.1466522216797,105.48076629638672,50.589115142822266,3.4877378940582275,1341.7451171875,1288.9951171875,96.28914642333984,49.67614364624024,3.7108545303344727,17.950000762939453,8.031679153442383,0.1597260236740112,0.0119316838681697,1.4617809057235718,0.1091964095830917,44.09588623046875,3.294004201889038
Australia,2003,AUS,19819449.0,774450991263.0,370.784423828125,195.3860321044922,110.9507827758789,49.911895751953125,3.5840160846710205,1360.8623046875,1306.22412109375,96.2034912109375,51.54791259765625,3.7965071201324463,18.65999984741211,8.258463859558105,0.1722070723772049,0.0126830618828535,1.918392300605774,0.1412897258996963,44.17043685913086,3.2531557083129883
Australia,2004,AUS,20046679.0,809792445090.0,382.0048828125,202.22543334960935,114.08649444580078,51.45504760742188,3.55464506149292,1404.444091796875,1347.7529296875,96.17093658447266,53.661075592041016,3.829066753387451,19.3799991607666,8.454390525817871,0.1976964771747589,0.0141069293022155,2.154471635818481,0.1537355631589889,42.51124954223633,3.033454179763794
Australia,2005,AUS,20294490.0,840092380696.0,385.0815124511719,200.7153778076172,116.6541976928711,53.32233047485352,3.664126873016357,1410.3502197265625,1349.5140380859375,95.90489959716795,57.62366485595703,4.09509801864624,20.71999931335449,8.979804039001465,0.225940853357315,0.0160567685961723,3.492069721221924,0.2481683045625686,41.574462890625,2.9545412063598637
Australia,2006,AUS,20590566.0,866678665246.0,391.3725280761719,204.40054321289065,117.40723419189452,54.84887313842773,3.888062000274658,1470.837890625,1408.5712890625,95.97647094726562,59.05013275146485,4.023526191711426,21.13999938964844,8.882725715637207,0.2606951594352722,0.0177631080150604,5.781015872955322,0.3939037621021271,39.96015930175781,2.72278380393982
Australia,2007,AUS,20954545.0,911250727265.0,398.896240234375,203.5587310791016,118.8532257080078,61.00629806518555,3.97154688835144,1506.1669921875,1446.27099609375,96.21353149414062,56.91780090332031,3.786470651626587,20.290000915527344,8.343271255493164,0.3025266230106354,0.0201256573200225,7.585372447967529,0.504618763923645,34.70465469360352,2.308735609054565
Australia,2008,AUS,21370595.0,937889628737.0,404.279296875,204.6875762939453,122.48204040527344,61.74418640136719,3.862907886505127,1531.7454833984375,1475.35693359375,96.50086975097656,53.49655532836914,3.499129056930542,19.1200008392334,7.791996479034424,0.3672823309898376,0.0240233838558197,9.125198364257812,0.5968654751777649,31.174537658691406,2.039079427719116
Australia,2009,AUS,21783014.0,963129933389.0,406.9770812988281,206.0664825439453,122.3622817993164,63.086692810058594,3.829016923904419,1509.5445556640625,1450.366455078125,96.27782440185548,56.072265625,3.7221736907958975,20.15999984741211,8.067227363586426,0.7617900371551514,0.05056893825531,11.647637367248535,0.7731902599334717,33.18123245239258,2.202627420425415
Australia,2010,AUS,22141583.0,993853968687.0,405.0259399414063,200.6348571777344,124.5061264038086,64.24649810791016,3.548614978790283,1508.837890625,1443.7646484375,95.912353515625,61.53114318847656,4.087644577026367,22.15999984741211,8.829740524291992,2.545958995819092,0.1691334694623947,12.981771469116213,0.8624066710472107,35.796875,2.37806248664856
Australia,2011,AUS,22479779.0,1024000293343.0,403.8743896484375,192.2319183349609,129.83555603027344,66.45992279052734,3.4955320358276367,1558.6024169921875,1469.942138671875,94.60803985595705,83.77586364746094,5.391960620880127,30.61000061035156,11.943967819213867,5.2967529296875,0.3409082591533661,16.663211822509766,1.072473406791687,50.70466232299805,3.2634406089782715
Australia,2012,AUS,22852648.0,1062662906305.0,405.005126953125,189.24395751953125,132.4775390625,67.70000457763672,3.5182368755340576,1536.113037109375,1448.73583984375,94.60008239746094,82.69605255126953,5.399917125701904,30.270000457763672,12.076119422912598,6.216494560241699,0.405926913022995,19.90979385375977,1.300076961517334,43.9072151184082,2.8670692443847656
Australia,2013,AUS,23236271.0,1086068056518.0,397.8498840332031,176.43588256835938,135.7637176513672,69.98033905029297,3.294420003890991,1555.586181640625,1454.28369140625,93.82730865478516,95.67405700683594,6.172687530517578,35.529998779296875,14.237056732177734,9.83989715576172,0.6348493695259094,23.68030548095703,1.5278031826019287,48.82097244262695,3.1498258113861084
Australia,2014,AUS,23595599.0,1113888062929.0,392.6095886230469,168.2185821533203,137.13186645507812,70.90663146972656,3.137567043304444,1566.4581298828125,1472.994140625,94.3372802734375,88.4184799194336,5.662723541259766,32.7599983215332,13.22834587097168,12.600508689880373,0.8069941401481628,24.87786293029785,1.593291997909546,36.85496139526367,2.360360145568848
Australia,2015,AUS,23947997.0,1139303344945.0,400.5891723632813,174.22158813476562,136.86904907226562,71.66510009765625,3.0761559009552,1601.6258544921875,1501.139404296875,94.04469299316406,95.05847930908205,5.955306529998779,35.79999923706055,14.09504222869873,15.684870719909668,0.9826395511627196,29.956966400146484,1.876770257949829,35.66219711303711,2.234196662902832
Australia,2016,AUS,24329963.0,1169967279612.0,409.6663208007813,179.59364318847656,136.7613983154297,74.09294891357422,2.9308550357818604,1606.8890380859375,1491.790283203125,93.21490478515624,108.58718872070312,6.785098552703857,41.7400016784668,16.16388511657715,18.69290351867676,1.168030858039856,32.76307678222656,2.0472092628479004,44.29502868652344,2.767786264419556
Australia,2017,AUS,24731044.0,1197832839959.0,413.4078369140625,176.95074462890625,139.2207794189453,75.47686004638672,3.019062042236328,1602.028076171875,1494.319091796875,93.62653350830078,101.72325897216795,6.373468399047852,39.18999862670898,15.133026123046877,22.29389190673828,1.3968232870101929,33.0269775390625,2.0693044662475586,33.74929428100586,2.1145613193511963
Australia,2018,AUS,25119700.0,1231576952488.0,414.7805786132813,169.3362579345703,143.396728515625,78.34589385986328,2.9417850971221924,1625.908203125,1491.399658203125,92.15235900878906,127.0066909790039,7.847639083862305,49.4900016784668,18.84400177001953,30.67681884765625,1.8954954147338867,40.4526252746582,2.499534368515014,43.063087463378906,2.6608328819274902
Australia,2019,AUS,25482714.0,1255505542015.0,414.9253234863281,164.888427734375,142.6931610107422,80.30481719970703,3.0395469665527344,1680.292724609375,1531.1895751953125,91.59278869628906,140.54635620117188,8.407210350036621,55.2599983215332,20.782249450683597,45.288551330566406,2.709073305130005,48.197242736816406,2.8830654621124268,34.70496368408203,2.0759835243225098
Australia,2020,AUS,25743787.0,1232259790388.0,398.5469055175781,156.62181091308594,134.7765350341797,83.3782730102539,2.820162057876587,1585.4119873046875,1413.450439453125,89.70777130126953,162.16607666015625,10.292229652404783,64.27999877929688,24.242881774902344,58.87541198730469,3.7366585731506343,55.81948471069336,3.5427074432373047,35.607295989990234,2.259896039962769
Australia,2021,AUS,25956417.0,1296705194119.0,388.4722900390625,151.82119750976562,134.17898559570312,80.1983871459961,2.900470972061157,1589.322998046875,1383.953125,87.71741485595703,193.78733825683597,12.282586097717283,77.2699966430664,28.89137840270996,76.83203887939453,4.869751453399658,65.99969482421875,4.183177947998047,39.2677001953125,2.488856554031372
Australia,2022,AUS,26200987.0,1344251444393.0,384.0784301757813,145.99969482421875,133.83250427246094,80.24947357177734,2.81820011138916,1660.789794921875,1429.6251220703125,86.75297546386719,218.3011474609375,13.247021675109863,87.44000244140625,32.038692474365234,92.24594116210938,5.597698211669922,73.83366394042969,4.480398654937744,40.935523986816406,2.484062910079956
Austria,2000,AUT,8012929.0,280410163017.0,66.20402526855469,15.750812530517578,32.17915344238281,15.264114379882812,1.7115559577941897,395.1707153320313,266.3775939941406,68.73230743408203,121.18045043945312,31.267690658569336,43.43999862670898,72.83702087402344,0.0083333328366279,0.002150215441361,0.186111107468605,0.0480214804410934,116.21013641357422,29.985219955444336
Austria,2001,AUT,8042233.0,285335695766.0,70.19072723388672,16.56209945678711,34.42438888549805,16.1558780670166,1.7199219465255735,406.5934753417969,281.8998718261719,70.58857727050781,117.4563446044922,29.411422729492188,42.2400016784668,69.26861572265625,0.0138121545314788,0.0034586051478981,0.4751381576061249,0.1189760342240333,111.75547790527344,27.983909606933597
Austria,2002,AUT,8081640.0,291231427735.0,71.9883804321289,16.7359676361084,36.06699752807617,16.0694637298584,1.735653042793274,406.8281555175781,283.94097900390625,71.07691192626953,115.5431671142578,28.92309188842773,41.900001525878906,69.10770416259766,0.0246575325727462,0.0061723431572318,0.5561643242835999,0.1392206251621246,110.2109603881836,27.58831787109375
Austria,2003,AUT,8122604.0,294489280951.0,77.41192626953125,17.941356658935547,39.08909225463867,17.26712989807129,1.754470944404602,407.7035827636719,304.8074645996094,75.87948608398438,96.8919677734375,24.120513916015625,35.2400016784668,60.79006576538086,0.0408719331026077,0.0101747550070285,0.997275173664093,0.2482640147209167,90.50406646728516,22.53029441833496
Austria,2004,AUT,8173496.0,303692479841.0,77.7159194946289,17.766063690185547,39.12228012084961,17.6622314453125,1.7899999618530271,422.45745849609375,307.23260498046875,73.88082885742188,108.61628723144533,26.11917304992676,39.619998931884766,64.0582046508789,0.0487804859876632,0.0117303393781185,2.5040652751922607,0.6021575331687927,99.62678527832033,23.957448959350582
Austria,2005,AUT,8229204.0,311441138652.0,79.0954818725586,17.862354278564453,39.39477157592773,18.70117950439453,1.7974799871444702,431.3501281738281,312.7488098144531,73.68338775634766,111.70075988769533,26.316614151000977,40.880001068115234,63.507843017578125,0.0565010048449039,0.0133115937933325,3.5787010192871094,0.8431392312049866,99.71810913085938,23.49351119995117
Austria,2006,AUT,8269901.0,323236897651.0,76.79620361328125,17.866479873657227,38.11665344238281,17.498249053955078,1.9541419744491575,425.8647155761719,306.0762939453125,73.01021575927734,113.14762878417967,26.989784240722656,40.65999984741211,65.35926818847656,0.0598579533398151,0.0142782777547836,4.686612129211426,1.117925763130188,95.33712768554688,22.7413387298584
Austria,2007,AUT,8296948.0,336303973991.0,74.0921630859375,17.4556827545166,36.60202026367188,16.495914459228516,2.1307759284973145,420.0656127929688,292.9969787597656,70.90591430664062,120.22237396240234,29.09408187866211,43.16999816894531,68.70921325683594,0.0644637644290924,0.015600373968482,5.4180450439453125,1.3111789226531982,98.549072265625,23.84909439086914
Austria,2008,AUT,8323250.0,342892519161.0,73.46647644042969,17.028175354003906,35.45661926269531,17.436203002929688,2.132967948913574,424.5602111816406,293.9140014648437,70.42298889160156,123.44117736816406,29.57700729370117,44.52999877929688,69.16744232177734,0.0794720575213432,0.0190418288111686,5.3067474365234375,1.2715182304382324,101.13321685791016,24.23192977905273
Austria,2009,AUT,8345073.0,331119036991.0,67.3017578125,12.830026626586914,34.40778732299805,17.03582191467285,1.7985899448394775,409.7724304199219,271.3446655273437,67.45240020751953,130.9311065673828,32.54759979248047,47.18000030517578,71.25811767578125,0.1283839344978332,0.0319144092500209,5.128714084625244,1.2749249935150146,107.3393783569336,26.683034896850582
Austria,2010,AUT,8365087.0,338832243101.0,72.000244140625,15.497025489807127,34.784706115722656,18.77790641784668,1.622128963470459,421.5583190917969,289.5495300292969,69.88688659667969,124.76215362548828,30.113115310668945,44.9900016784668,66.33736419677734,0.2312842160463333,0.0558237247169017,5.374775409698486,1.2972782850265503,99.90473175048828,24.11342430114746
Austria,2011,AUT,8393272.0,349713455451.0,69.89170837402344,15.81769561767578,33.26857376098633,17.73004913330078,1.6656800508499146,395.8688659667969,275.89801025390625,70.84181213378906,113.5584487915039,29.15818977355957,40.90999984741211,65.7717056274414,0.4509584307670593,0.1157917454838752,5.016156196594238,1.2879890203475952,88.69733428955078,22.774646759033203
Austria,2012,AUT,8431599.0,352093108730.0,67.26034545898438,14.686060905456545,32.62679672241211,16.945335388183594,1.6725469827651978,414.4023132324219,266.2047119140625,65.50175476074219,140.20382690429688,34.49824905395508,51.33000183105469,74.77057647705078,0.8698016405105591,0.2140215039253235,6.34543514251709,1.5613439083099363,113.00952911376952,27.8068790435791
Austria,2013,AUT,8481411.0,352182904722.0,67.75886535644531,14.95901584625244,33.449825286865234,16.33197021484375,1.656404972076416,410.8523254394531,265.784912109375,65.9764633178711,137.06317138671875,34.02354049682617,50.5,78.23392486572266,1.6009565591812134,0.3974094986915588,8.064531326293945,2.0018789768218994,107.45964050292967,26.67498016357422
Austria,2014,AUT,8547812.0,354511819035.0,64.15873718261719,13.800963401794434,32.413272857666016,14.946700096130373,1.6389909982681274,394.8892517089844,251.5323486328125,64.98330688476562,135.53993225097656,35.01669692993164,50.20000076293945,81.55970764160156,1.9980814456939695,0.5162037014961243,9.785669326782228,2.5281245708465576,104.34410858154295,26.95726776123047
Austria,2015,AUT,8644037.0,358108266932.0,66.35778045654297,14.37122631072998,32.99490737915039,15.966398239135742,1.701496958732605,396.38323974609375,260.525390625,66.94841766357422,128.6180877685547,33.05158615112305,47.59000015258789,77.03140258789062,2.372400045394897,0.6096466779708862,12.254032135009766,3.148975610733032,94.06800842285156,24.17309188842773
Austria,2016,AUT,8737920.0,365232738553.0,67.21873474121094,13.333645820617676,34.107688903808594,16.736982345581055,1.728526949882507,409.6510925292969,265.02459716796875,65.97356414794922,136.68870544433594,34.02643203735352,51.08000183105469,78.74209594726562,2.7538092136383057,0.6855161190032959,13.152860641479492,3.27419114112854,100.43049621582033,25.00054168701172
Austria,2017,AUT,8798779.0,373481694490.0,69.60147857666016,14.022619247436523,34.54632568359375,17.975048065185547,1.7103890180587769,417.5686645507813,273.6918334960937,66.78731536865234,136.1042938232422,33.21268081665039,51.04999923706055,76.0918197631836,3.1724274158477783,0.7741476893424988,16.42877769470215,4.009012222290039,95.734375,23.36146354675293
Austria,2018,AUT,8841653.0,382540042762.0,66.56651306152344,12.29438591003418,34.086673736572266,17.018579483032227,1.8266559839248655,408.4021301269531,268.0670471191406,66.86079406738281,132.86605834960938,33.13920974731445,50.060001373291016,77.40838623046875,3.6197311878204346,0.902826726436615,15.001068115234377,3.741539001464844,93.62664031982422,23.352184295654297
Austria,2019,AUT,8880876.0,388344674039.0,67.95123291015625,13.004640579223633,34.088096618652344,17.791006088256836,1.770522952079773,427.96038818359375,276.150146484375,65.81050872802734,143.4639129638672,34.189491271972656,54.63999938964844,77.29522705078125,4.213101387023926,1.0040420293807983,18.44078254699707,4.39470100402832,101.05437469482422,24.08269500732422
Austria,2020,AUT,8921402.0,363281092036.0,62.17982864379883,11.370793342590332,30.779054641723636,16.95908546447754,1.821123003959656,400.1441040039063,247.33370971679688,63.12006378173828,144.5126953125,36.87993621826172,55.41999816894531,80.283935546875,5.044281482696533,1.2873108386993408,16.769210815429688,4.279536724090576,103.69884490966795,26.464155197143555
Austria,2021,AUT,8967053.0,379835198584.0,65.7513427734375,12.407522201538086,32.170162200927734,17.923263549804688,1.8887970447540283,406.3347778320313,260.5310363769531,65.36187744140625,138.06680297851562,34.63812255859375,52.75,79.12104797363281,6.832278728485107,1.7140783071517944,16.601089477539062,4.164872169494629,95.78746795654295,24.03110694885254
Austria,2022,AUT,9064678.0,398815419150.0,61.454139709472656,11.663233757019045,30.7015323638916,15.96839427947998,1.8315719366073608,381.8233337402344,243.0203094482422,64.86591339111328,131.6299285888672,35.13408279418945,50.40999984741211,78.19140625,9.293628692626951,2.48061466217041,17.79275131225586,4.7491631507873535,85.07398223876953,22.70757484436035
Azerbaijan,2000,AZE,8174784.0,34255707098.0,29.765310287475582,,17.96459197998047,11.420687675476074,0.1210400015115737,132.05523681640625,127.51921081542967,96.7665023803711,4.261111259460449,3.233495712280273,1.5199999809265137,8.137044906616211,0.0,0.0,0.0,0.0,4.261111259460449,3.233495712280273
Azerbaijan,2001,AZE,8251776.0,36862177017.0,28.41546058654785,,11.277791976928713,16.57593536376953,0.3037169873714447,127.22747039794922,123.4054183959961,97.17012786865234,3.5939228534698486,2.829875230789185,1.2899999618530271,6.803797721862793,0.0,0.0,0.0,0.0,3.5939228534698486,2.829875230789185
Azerbaijan,2002,AZE,8326141.0,40295217200.0,28.57033348083496,,11.28652000427246,16.621965408325195,0.4716919958591461,125.60863494873048,119.71258544921876,95.58132934570312,5.534246444702148,4.418671607971191,2.0,10.70663833618164,0.0,0.0,0.0,0.0,5.534246444702148,4.418671607971191
Azerbaijan,2003,AZE,8400528.0,44994637993.0,30.48758316040039,,12.697283744812012,17.054304122924805,0.5385140180587769,136.0352020263672,128.8719024658203,95.03677368164062,6.730245113372803,4.963229179382324,2.440000057220459,11.47695255279541,0.0,0.0,0.0,0.0,6.730245113372803,4.963229179382324
Azerbaijan,2004,AZE,8489874.0,50107477354.0,32.2530403137207,,12.730939865112305,18.621976852416992,0.7241439819335938,153.89793395996094,145.95896911621094,95.13369750976562,7.466125011444092,4.866299629211426,2.7300000190734863,12.569061279296877,0.0,0.0,0.0,0.0,7.466125011444092,4.866299629211426
Azerbaijan,2005,AZE,8597248.0,64019175136.0,34.19356155395508,,14.637680053710938,18.53251266479492,0.7425000071525574,166.83738708496094,158.22023010253906,95.1357192993164,8.089784622192383,4.864279747009277,2.9800000190734863,13.047285079956056,0.0,0.0,0.0,0.0,8.089784622192383,4.864279747009277
Azerbaijan,2006,AZE,8711380.0,87026407066.0,34.521827697753906,,12.976669311523438,20.465181350708008,0.7830780148506165,164.09156799316406,156.9268341064453,95.88619995117188,6.732619762420654,4.113798141479492,2.490000009536743,10.15911865234375,0.0,0.0,0.0,0.0,6.732619762420654,4.113798141479492
Azerbaijan,2007,AZE,8828313.0,109944254894.0,30.036785125732425,0.0219809990376234,11.455945014953612,17.577749252319336,0.8172320127487183,151.0711212158203,144.38662719726562,95.82725524902344,6.287234306335449,4.172743797302246,2.3399999141693115,10.724105834960938,0.0,0.0,0.0,0.0,6.287234306335449,4.172743797302246
Azerbaijan,2008,AZE,8942637.0,123130002462.0,33.0365104675293,0.0146559998393058,10.607279777526855,20.73823928833008,0.7699909806251526,151.1634979248047,144.89144897460938,96.09420776367188,5.889182090759277,3.905794620513916,2.2100000381469727,10.222016334533691,0.0,0.0,0.0,0.0,5.889182090759277,3.905794620513916
Azerbaijan,2009,AZE,9046336.0,136020226283.0,29.102575302124023,0.0146559998393058,9.240608215332031,18.788991928100582,0.6208000183105469,130.1682891845703,123.71572875976562,95.3272476196289,6.064303874969482,4.672755718231201,2.289999961853028,12.148540496826172,0.0,0.0,0.0055118105374276,0.0042470404878258,6.0587921142578125,4.668508529663086
Azerbaijan,2010,AZE,9146852.0,144296577620.0,27.54905128479004,0.0219839997589588,8.694671630859375,17.9682559967041,0.6173999905586243,128.43936157226562,118.87249755859376,92.97915649414062,8.976041793823242,7.020840644836426,3.4100000858306885,18.264596939086918,0.0,0.0,0.0013020833721384,0.0010184578131884,8.974740028381348,7.019822120666504
Azerbaijan,2011,AZE,9256156.0,145980469968.0,30.210229873657227,0.0183199997991323,10.266528129577637,19.023487091064453,0.4650900065898895,145.73922729492188,138.35763549804688,95.228759765625,6.932124614715576,4.771241188049316,2.650000095367432,13.073508262634276,0.0,0.0,0.0,0.0,6.932124614715576,4.771241188049316
Azerbaijan,2012,AZE,9376179.0,149196415149.0,32.77006530761719,0.0146540002897381,11.63931655883789,19.83116912841797,0.6580600142478943,150.09083557128906,145.0977783203125,96.86676788330078,4.693298816680908,3.133229970932007,1.7999999523162842,7.836308479309082,0.0,0.0,0.0,0.0,4.693298816680908,3.133229970932007
Azerbaijan,2013,AZE,9504417.0,157913964589.0,33.55888748168945,0.0109919998794794,12.069215774536133,19.93582344055176,0.7217599749565125,154.2117462158203,149.9351043701172,97.38764190673828,4.021906852722168,2.6123571395874023,1.559999942779541,6.709677219390869,0.0020460358355194,0.001328965765424,0.0020460358355194,0.001328965765424,3.808439731597901,2.473703384399414
Azerbaijan,2014,AZE,9631136.0,162332395164.0,34.34476089477539,0.0073279999196529,11.629535675048828,21.19990348815918,0.9245190024375916,157.2412872314453,153.428466796875,97.7122573852539,3.592231273651123,2.2877438068389893,1.3700000047683716,5.562322616577148,0.0073791346512734,0.0046994662843644,0.0058524175547063,0.0037271631881594,3.307124614715576,2.106171131134033
Azerbaijan,2015,AZE,9752859.0,164036906588.0,34.683326721191406,0.0109919998794794,11.534272193908691,21.93270301818848,0.8434159755706787,171.82615661621094,167.10147094726562,97.40436553955078,4.45292329788208,2.5956335067749023,1.7100000381469729,6.959707260131836,0.0116455694660544,0.0067882668226957,0.0116455694660544,0.0067882668226957,4.145569801330566,2.416475534439087
Azerbaijan,2016,AZE,9868434.0,159010796104.0,34.72696685791016,0.0036639999598264,12.136359214782717,21.509790420532227,0.726161003112793,170.1923370361328,164.51315307617188,96.85525512695312,5.341500759124756,3.144747734069824,2.0899999141693115,8.410462379455566,0.0886934697628021,0.0522172749042511,0.0572864338755607,0.0337267369031906,4.922864437103272,2.898280620574951
Azerbaijan,2017,AZE,9968510.0,159255674569.0,34.698280334472656,0.0036639999598264,12.587080001831056,20.894187927246094,0.9289199709892272,166.95396423339844,161.8766632080078,97.13162994384766,4.780343532562256,2.868372201919556,1.8799999952316284,7.762180328369141,0.0930000022053718,0.0558032356202602,0.0552500002086162,0.0331519208848476,4.365999698638916,2.6197516918182373
Azerbaijan,2018,AZE,10039782.0,161644514845.0,34.57623291015625,0.0036639999598264,11.837220191955566,21.28208351135254,1.0829540491104126,176.16668701171875,170.90748596191406,97.18254852294922,4.954830169677734,2.817448616027832,1.950000047683716,7.759650230407715,0.0976616889238357,0.0555330365896225,0.2057213932275772,0.1169786602258682,4.398009777069092,2.5008254051208496
Azerbaijan,2019,AZE,10110483.0,165653307401.0,37.7525520324707,0.0036639999598264,12.112088203430176,24.1215934753418,1.0964720249176023,185.89059448242188,181.05880737304688,97.54878997802734,4.549657821655273,2.4512126445770264,1.7899999618530271,6.8978800773620605,0.1094059348106384,0.0589444749057292,0.2608910799026489,0.1405599117279052,3.87326717376709,2.08679461479187
Azerbaijan,2020,AZE,10181736.0,158697520949.0,36.23716354370117,0.0036639999598264,10.629263877868652,24.332624435424805,1.0175679922103882,184.9285125732422,181.42369079589844,98.20955657958984,3.307511568069458,1.7904454469680786,1.3200000524520874,5.126214027404785,0.1160493791103363,0.0628206729888916,0.2372839599847793,0.1284482330083847,2.6407406330108643,1.42950439453125
Azerbaijan,2021,AZE,10234372.0,167584576527.0,38.29964447021485,0.0,11.744174003601074,25.221576690673828,1.0810680389404297,197.5494384765625,193.51519775390625,98.06966400146484,3.809018135070801,1.9303348064422607,1.5199999809265137,5.469593048095703,0.1359605938196182,0.0689021348953247,0.2251231521368026,0.1140879467129707,3.146059274673462,1.5943604707717896
Azerbaijan,2022,AZE,10295307.0,175370552026.0,41.17457580566406,0.0439720004796981,12.847041130065918,26.792829513549805,1.119420051574707,210.28628540039065,205.4224395751953,97.81175231933594,4.595719814300537,2.188248634338379,1.840000033378601,6.357982158660889,0.1496314406394958,0.0712469071149826,0.2046683132648468,0.0974526703357696,3.9206387996673584,1.866809368133545
Bangladesh,2000,BGD,134544303.0,200824294390.0,26.53926658630371,1.2530879974365234,7.701727867126465,16.880048751831055,0.7044029831886292,136.25477600097656,133.9060516357422,98.37517547607422,2.211677074432373,1.6248265504837036,0.9399999976158142,5.897114276885986,2.7777776267612356e-05,2.0407169358804825e-05,0.0,0.0,2.0805554389953613,1.5284969806671145
Bangladesh,2001,BGD,136805810.0,213164797419.0,31.0642204284668,1.3300319910049438,9.896464347839355,18.902576446533203,0.9351490139961244,155.69100952148438,152.6677703857422,98.16938018798828,2.8468825817108154,1.8306201696395876,0.9800000190734864,5.638665676116943,3.867403574986383e-05,2.4868419131962582e-05,0.0,0.0,2.743093967437744,1.7638813257217407
Bangladesh,2002,BGD,138933659.0,226285297151.0,32.00688934326172,1.329885959625244,9.90636920928955,19.886009216308597,0.8846269845962524,156.24465942382812,153.8367156982422,98.54642486572266,2.269110679626465,1.453572154045105,1.0499999523162842,5.540896415710449,0.0001808219094527,0.0001158329032477,0.0,0.0,2.0520548820495605,1.3145281076431274
Bangladesh,2003,BGD,140970355.0,242325893842.0,33.495933532714844,1.3703360557556152,9.900128364562988,21.39043235778809,0.8350390195846558,165.1080780029297,162.7410888671875,98.64736938476562,2.23146915435791,1.3526304960250854,1.1200000047683716,5.580468654632568,0.0023160763084888,0.001403916045092,0.0,0.0,2.0408718585968018,1.2370977401733398
Bangladesh,2004,BGD,142902857.0,260372737862.0,35.978172302246094,1.450943946838379,10.65124797821045,23.09052848815918,0.7854509949684143,175.49659729003906,173.20352172851562,98.7674331665039,2.1614973545074463,1.2325705289840698,1.2100000381469729,4.814962387084961,0.0051869922317564,0.0029578262474387,0.0,0.0,2.0298104286193848,1.1574773788452148
Bangladesh,2005,BGD,144715789.0,280264340330.0,37.7166748046875,1.6048320531845093,10.636591911315918,24.724672317504883,0.7505800127983093,190.2471160888672,187.9779052734375,98.87702178955078,2.134929656982422,1.1229803562164309,1.2799999713897705,4.747774600982666,0.0091451611369848,0.0048103858716785,0.0,0.0,2.0134408473968506,1.0590766668319702
Bangladesh,2006,BGD,146405983.0,303255436424.0,41.725807189941406,1.8100160360336304,10.959024429321287,28.25676727294922,0.699999988079071,205.8841552734375,203.58929443359372,98.94916534423828,2.1621036529541016,1.0508331060409546,1.3899999856948853,4.608753204345703,0.0145267378538846,0.0070603350177407,0.0042780744843184,0.0020792444702237,2.002673864364624,0.973346471786499
Bangladesh,2007,BGD,147989282.0,327072515722.0,42.67510223388672,2.209392070770264,10.20423984527588,29.57947158813477,0.6819999814033508,211.75387573242188,209.4282989501953,98.96316528320312,2.194181442260742,1.0368376970291138,0.7599999904632568,2.452404022216797,0.024061169475317,0.0113698551431298,0.0042553190141916,0.0020108066964894,1.9920213222503664,0.9413089156150818
Bangladesh,2008,BGD,149474264.0,349461394439.0,45.34149169921875,2.469351053237915,9.950677871704102,32.22246551513672,0.6990000009536743,222.95111083984372,220.05401611328125,98.77579498291016,2.727296829223633,1.2242035865783691,0.959999978542328,2.8045573234558105,0.0401424802839756,0.0180187821388244,0.0076517146080732,0.0034346303436905,2.506596326828003,1.1251375675201416
Bangladesh,2009,BGD,150873716.0,372693237092.0,49.18837738037109,3.015471935272217,10.032032012939451,35.441871643066406,0.6990000009536743,245.34375,244.0081329345703,99.48683166503906,1.2586387395858765,0.5131713151931763,0.4699999988079071,1.262422800064087,0.06588976085186,0.0268645267933607,0.0133858267217874,0.0054576601833105,1.0944881439208984,0.446243941783905
Bangladesh,2010,BGD,152201978.0,400087800634.0,54.0355224609375,3.0739049911499023,10.885068893432615,39.39654541015625,0.6800000071525574,251.0744171142578,248.84616088867188,99.165771484375,2.0934062004089355,0.8342272043228149,0.8299999833106995,2.0313262939453125,0.1153749972581863,0.0459772050380706,0.013281250372529,0.0052926088683307,1.8984373807907104,0.7565317153930664
Bangladesh,2011,BGD,153591074.0,431418704062.0,55.59271240234375,2.8359360694885254,13.86457633972168,38.19720077514648,0.6949999928474426,271.62908935546875,268.7568054199219,99.00469970703124,2.7018380165100098,0.995303750038147,0.9800000190734864,2.21619176864624,0.3203082978725433,0.1179952472448349,0.0132124358788132,0.0048672002740204,2.2590672969818115,0.8321957588195801
Bangladesh,2012,BGD,155070110.0,458456647637.0,59.703861236572266,3.422175884246826,15.575663566589355,40.01454544067383,0.675000011920929,295.02752685546875,292.3768005371094,99.15398406982422,2.494661569595337,0.8460166454315186,0.9100000262260436,1.8716578483581543,0.4020025432109833,0.1363314539194107,0.0131443301215767,0.0044576474465429,2.002577304840088,0.6791356801986694
Bangladesh,2013,BGD,156532134.0,486135250102.0,64.7627944946289,3.748271942138672,16.3121280670166,43.94235229492188,0.7427210211753845,306.57666015625,303.92779541015625,99.18719482421876,2.490589141845703,0.8128067255020142,1.0700000524520874,2.0059993267059326,0.4969207048416137,0.1621706634759903,0.0129948845133185,0.0042408960871398,1.862861156463623,0.6079469323158264
Bangladesh,2014,BGD,157964931.0,516793803718.0,67.55188751220703,3.5101120471954346,18.287023544311523,44.9719352722168,0.7524589896202087,318.5583801269531,316.23858642578125,99.31393432617188,2.1846022605896,0.6860688328742981,0.7799999713897705,1.391614556312561,0.5890661478042603,0.1849947422742843,0.0129287522286176,0.0040602423250675,1.4413573741912842,0.4526546597480774
Bangladesh,2015,BGD,159383179.0,552104723056.0,76.94612884521484,8.606736183166504,18.726703643798828,48.49303817749024,1.0622949600219729,385.1017456054688,381.8580932617188,99.20682525634766,3.053023099899292,0.7931761741638184,0.800000011920929,1.3493000268936155,0.6732152104377747,0.174901470541954,0.0128632904961705,0.0033418859820812,2.273788452148437,0.5907307863235474
Bangladesh,2016,BGD,160811934.0,589932630231.0,81.76116180419922,6.071494102478027,21.644123077392575,52.90297317504883,1.1162949800491333,386.7011413574219,383.65576171875,99.25972747802734,2.8612780570983887,0.7402721047401428,1.2400000095367432,1.7947605848312378,0.5525979995727539,0.1429685950279235,0.0127663314342498,0.0033029154874384,2.2226948738098145,0.5750573873519897
Bangladesh,2017,BGD,162186146.0,630957812405.0,86.53086853027344,7.151854991912842,25.47848320007324,52.682647705078125,1.2057050466537476,402.96527099609375,399.2973937988281,99.14311981201172,3.451061487197876,0.8568776249885559,1.2899999618530271,1.7562968730926514,0.7288199663162231,0.1809615790843963,0.0127024995163083,0.003153953468427,2.5738203525543213,0.6390639543533325
Bangladesh,2018,BGD,163523109.0,678912369102.0,86.60810852050781,8.182022094726562,24.35919570922852,52.6536750793457,1.3942619562149048,430.2879943847656,427.05279541015625,99.29188537597656,3.0455992221832275,0.7081168293952942,1.399999976158142,1.7687933444976809,0.7835398316383362,0.182176873087883,0.0126393027603626,0.0029387001413851,2.152763843536377,0.5005282163619995
Bangladesh,2019,BGD,164913060.0,717214595514.0,94.80768585205078,8.680315017700195,25.187204360961918,59.41747283935547,1.496065974235535,482.56201171875,479.2814025878906,99.36043548583984,3.0850603580474854,0.6395677924156189,1.190000057220459,1.3981906175613403,0.925816774368286,0.1919322460889816,0.012576731853187,0.0026072980836033,2.0373544692993164,0.4223665297031402
Bangladesh,2020,BGD,166298024.0,754358367084.0,95.72908782958984,10.54865550994873,23.636463165283203,60.12623977661133,1.3898359537124634,457.4471740722656,454.2763366699219,99.34709930419922,2.9854559898376465,0.6528986692428589,1.25,1.4626725912094116,1.1331061124801636,0.2478024810552597,0.012580051086843,0.0027511704247444,1.7300511598587036,0.3783502578735351
Bangladesh,2021,BGD,167658855.0,807308397444.0,98.53028106689452,14.216320037841797,22.595888137817383,60.15555191040039,1.5137699842453003,492.4703979492188,488.9675598144531,99.32942199707033,3.30103611946106,0.6705762147903442,1.350000023841858,1.4113956689834597,1.509076476097107,0.3065555095672607,0.0125147784128785,0.002542266389355,1.6794761419296265,0.3411706984043121
Bangladesh,2022,BGD,169384891.0,858143907016.0,102.14740753173828,16.148717880249023,25.759262084960938,58.784278869628906,1.4163930416107178,512.1739501953125,508.41259765625,99.30733489990234,3.546142816543579,0.6926618218421936,1.590000033378601,1.5550122261047363,1.5928853750228882,0.3111355006694793,0.0124840289354324,0.0024384832940995,1.904242157936096,0.3719522655010223
Belarus,2000,BLR,9991310.0,91419114455.0,55.01446914672852,4.198119163513184,17.2091064453125,31.337158203125,0.8619089722633362,254.99905395507807,254.9192352294922,99.97058868408205,0.0749999955296516,0.0294124279171228,0.0299999993294477,0.1149425208568573,0.0,0.0,0.0,0.0,0.0749999955296516,0.0294124279171228
Belarus,2001,BLR,9938068.0,94624119098.0,54.10469055175781,3.734734058380127,16.439224243164062,31.648286819458008,0.8221650123596191,247.91148376464844,247.82334899902344,99.96656799316406,0.0828729271888732,0.0334291420876979,0.0299999993294477,0.1196649372577667,0.0,0.0,0.0,0.0,0.0828729271888732,0.0334291420876979
Belarus,2002,BLR,9873451.0,98263269227.0,53.94411849975586,3.227302074432373,16.129409790039062,31.99905204772949,0.9815719723701476,256.47613525390625,256.3914794921875,99.96902465820312,0.0794520527124404,0.0309789683669805,0.0299999993294477,0.1133786886930465,0.0,0.0,0.0,0.0,0.0794520527124404,0.0309789683669805
Belarus,2003,BLR,9803175.0,103937865617.0,55.23625183105469,3.141658067703247,15.544519424438477,33.599857330322266,1.163838028907776,254.5518341064453,254.4706268310547,99.97002410888672,0.0762942805886268,0.0299725793302059,0.0299999993294477,0.1126549020409584,0.0,0.0,0.0,0.0,0.0762942805886268,0.0299725793302059
Belarus,2004,BLR,9735089.0,114486408721.0,58.372802734375,2.969913959503174,15.873194694519045,36.35385513305664,1.3005709648132324,285.033447265625,284.9354553222656,99.96766662597656,0.0921683013439178,0.0323366187512874,0.0299999993294477,0.0961538404226303,0.0,0.0,0.00273740128614,0.0009603985818102,0.0894308984279632,0.0313762202858924
Belarus,2005,BLR,9667833.0,123858071551.0,59.39620971679688,2.962913990020752,15.956747055053713,36.97647476196289,1.466325044631958,284.10595703125,284.0000305175781,99.9649887084961,0.0994623601436615,0.0350096933543682,0.0399999991059303,0.1291989684104919,0.0,0.0,0.0026881720405071,0.0009462079615332,0.0967741906642913,0.03406348451972
Belarus,2006,BLR,9608041.0,134673942572.0,61.80949401855469,2.891993999481201,17.939929962158203,37.41933441162109,1.5716580152511597,302.1119079589844,302.0030822753906,99.96607208251952,0.1025066822767257,0.0339307449758052,0.0399999991059303,0.1257466226816177,0.0,0.0,0.0026737968437373,0.0008850537124089,0.093582883477211,0.0309768784791231
Belarus,2007,BLR,9563135.0,144615680573.0,60.27566146850586,2.7929110527038574,16.006746292114258,37.867794036865234,1.6170040369033811,294.7267150878906,294.5802307128906,99.95266723632812,0.1394946873188018,0.047331303358078,0.050000000745058,0.157084509730339,0.0,0.0,0.0026595746167004,0.0009024080936796,0.0930851101875305,0.0315842814743518
Belarus,2008,BLR,9529357.0,157577029170.0,62.93113327026367,2.6277220249176025,17.910781860351562,38.63467025756836,1.8081450462341309,298.6141967773437,298.314208984375,99.902587890625,0.2908881306648254,0.0974156558513641,0.0700000002980232,0.1997147053480148,0.0,0.0,0.0026385225355625,0.0008836159831844,0.1029023751616478,0.0344610214233398
Belarus,2009,BLR,9507334.0,156010272888.0,60.62834167480469,2.677125930786133,22.486248016357425,31.81996154785156,1.8737159967422483,282.5153503417969,281.958984375,99.80721282958984,0.5446237921714783,0.1927847266197204,0.1099999994039535,0.3621995151042938,0.0,0.0,0.0026246719062328,0.0009290755842812,0.1181102395057678,0.0418084003031253
Belarus,2010,BLR,9490752.0,166239903113.0,62.515438079833984,2.90057110786438,16.326311111450195,39.55260848999024,1.970170021057129,306.201171875,305.4148254394531,99.74758911132812,0.7728472352027893,0.2524096667766571,0.1400000005960464,0.4011461138725281,0.0,0.0,0.0026041667442768,0.0008505132864229,0.1171875,0.0382730960845947
Belarus,2011,BLR,9472738.0,173120303880.0,61.35323715209961,2.975090980529785,17.418203353881836,37.37804412841797,1.966120958328247,300.68426513671875,299.9355163574219,99.7556610107422,0.7346571087837219,0.2443398684263229,0.1400000005960464,0.434917688369751,0.0,0.0,0.0103626949712634,0.0034465324133634,0.1088082864880561,0.0361885875463485
Belarus,2012,BLR,9463075.0,175940441074.0,62.59169769287109,5.004252910614014,17.088029861450195,36.81653594970703,2.1891019344329834,325.236328125,324.3800048828125,99.74261474609376,0.8370725512504578,0.2573888599872589,0.209999993443489,0.6815968751907349,0.0,0.0,0.0154639175161719,0.0047549526207149,0.1855669915676117,0.057059422135353
Belarus,2013,BLR,9464454.0,177632980571.0,64.15185546875,4.837887763977051,18.704225540161133,36.89973831176758,2.3702070713043213,294.2054138183594,293.2774353027344,99.6947784423828,0.8978967666625977,0.3052250444889068,0.3000000119209289,0.9520787596702576,0.0010230179177597,0.0003477578866295,0.0204603597521781,0.0069551584310829,0.3529411554336548,0.1199764683842659
Belarus,2014,BLR,9472704.0,180627882895.0,63.69921112060547,4.63426685333252,18.38311767578125,36.59370040893555,2.653243064880371,294.8627624511719,293.9651794433594,99.70474243164062,0.8705306649208069,0.295259565114975,0.2899999916553497,0.834772527217865,0.0050890585407614,0.001726065762341,0.0229007620364427,0.0077672954648733,0.3078880310058594,0.1044269800186157
Belarus,2015,BLR,9487289.0,173709821418.0,58.82780838012695,4.09411096572876,17.17800521850586,33.956642150878906,2.269357919692993,266.96160888671875,266.0072326660156,99.6544418334961,0.922392725944519,0.3455564975738525,0.3400000035762787,0.9973599314689636,0.0227848086506128,0.0085358852520585,0.0987341776490211,0.0369888395071029,0.2810126543045044,0.1052759289741516
Belarus,2016,BLR,9499066.0,169304543676.0,58.18806457519531,3.691615104675293,17.313228607177734,33.88493728637695,2.206054925918579,272.797607421875,271.6468200683594,99.59493255615234,1.1048331260681152,0.4050692915916443,0.4300000071525574,1.2809056043624878,0.0653266310691833,0.023950956761837,0.1834170818328857,0.0672469213604927,0.356783926486969,0.1308090835809707
Belarus,2017,BLR,9495793.0,173606575679.0,59.44437026977539,3.882256984710693,17.344511032104492,34.768646240234375,2.227168083190918,277.8399353027344,275.72052001953125,99.27384185791016,2.016805648803711,0.7261557579040527,0.7799999713897705,2.260214567184448,0.2224999964237213,0.0801116675138473,0.2425000071525573,0.0873127207159996,1.0149999856948853,0.3654532432556152
Belarus,2018,BLR,9480031.0,179054352755.0,62.17066955566406,3.963576078414917,18.138839721679688,36.8132438659668,2.163325071334839,307.1786193847656,305.2554626464844,99.40398406982422,1.8302849531173704,0.5960175395011902,0.8100000023841858,2.077455759048462,0.2935323417186737,0.0955864414572715,0.2462686449289322,0.0801953971385955,0.8059701323509216,0.2624576687812805
Belarus,2019,BLR,9435415.0,181643469714.0,62.17063522338867,4.100521087646484,17.973445892333984,36.684906005859375,2.2760539054870605,308.7904052734375,306.4401550292969,99.27723693847656,2.230966806411743,0.7227649092674255,1.0399999618530271,2.57043981552124,0.4430693089962005,0.1435408890247345,0.410891056060791,0.1331161260604858,0.8688119053840637,0.2814684510231018
Belarus,2020,BLR,9350943.0,180420997693.0,59.12289810180664,3.788817882537842,17.90606689453125,34.028594970703125,2.302393913269043,286.5444030761719,282.854248046875,98.76522827148438,2.701697587966919,0.9433614611625672,1.350000023841858,3.502854108810425,0.4197531044483185,0.146566703915596,0.4567901194095611,0.1594990491867065,0.9876543283462524,0.3448628187179565
Belarus,2021,BLR,9251368.0,184521985376.0,60.86108016967773,3.8833119869232178,17.72832489013672,35.93769073486328,2.2388739585876465,312.72467041015625,294.60894775390625,94.33470916748048,3.455352544784546,1.106414794921875,1.2699999809265137,3.0787878036499023,0.4280788600444793,0.137072205543518,0.4137931168079376,0.1324978619813919,0.9137930870056152,0.2925994098186493
Belarus,2022,BLR,9173240.0,175773799265.0,57.120548248291016,3.8118200302124015,16.215518951416016,33.84620666503906,2.278737068176269,303.51416015625,288.16552734375,95.0551300048828,3.478633165359497,1.147472262382507,1.2599999904632568,3.38891863822937,0.5127764344215393,0.1691459566354751,0.4292658269405365,0.1415988951921463,0.9090909361839294,0.2998754382133484
Belgium,2000,BEL,10251719.0,345706865981.0,126.77570343017578,31.67160987854004,55.59485626220703,33.18707656860352,3.270298957824707,743.3484497070312,603.4815673828125,81.5132064819336,3.097222328186035,0.4183467030525207,1.0499999523162842,1.2682690620422363,0.0,0.0,0.0444444455206394,0.0060031814500689,1.2777777910232544,0.1725914627313614
Belgium,2001,BEL,10287005.0,349015220419.0,126.08502960205078,28.289751052856445,58.88755798339844,32.9142951965332,2.9573888778686523,736.8587646484375,602.88671875,82.12499237060547,3.1860671043396,0.4340048134326935,1.0800000429153442,1.3735216856002808,0.0,0.0,0.102209948003292,0.0139229986816644,1.2182321548461914,0.1659470945596695
Belgium,2002,BEL,10332975.0,355705534550.0,126.88314056396484,28.636592864990234,58.70465469360352,33.23508834838867,2.993247032165528,733.4744873046875,597.3050537109375,81.77174377441406,3.395590782165528,0.4648602902889251,1.1399999856948853,1.4084506034851074,0.0,0.0,0.1561643779277801,0.0213790833950042,0.9863013625144958,0.1350257992744445
Belgium,2003,BEL,10376262.0,358937085300.0,128.2920379638672,27.76614570617676,59.395809173583984,34.972618103027344,2.9334700107574463,761.6909790039062,626.1304931640625,82.51375579833984,3.5909314155578613,0.4732260107994079,1.2000000476837158,1.4359220266342163,0.0,0.0,0.2397820055484771,0.0315993465483188,0.6730244755744934,0.088693618774414
Belgium,2004,BEL,10421298.0,372499172102.0,128.81173706054688,28.25191879272461,59.31119155883789,34.96316909790039,2.837048053741455,764.6199951171875,629.1559448242188,82.5815658569336,4.487237453460693,0.5889845490455627,1.5,1.8091906309127808,0.0027100273873656,0.0003557119925972,0.3848238587379455,0.0505110993981361,0.8590786457061768,0.1127607002854347
Belgium,2005,BEL,10478883.0,380840056202.0,125.65768432617188,26.19594955444336,57.5780143737793,35.623653411865234,2.933953046798706,756.1178588867188,618.7869873046875,82.16680145263672,6.355846881866455,0.8439731597900391,2.109999895095825,2.5005924701690674,0.0026881720405071,0.0003569539985619,0.6102150082588196,0.0810285508632659,0.774193525314331,0.1028027534484863
Belgium,2006,BEL,10548445.0,390874955040.0,123.90046691894533,25.33738136291504,56.542030334472656,35.37107849121094,3.111968994140625,758.2411499023438,621.7085571289062,82.31009674072266,8.896974563598633,1.1779005527496338,2.9600000381469727,3.551716089248657,0.0053475936874747,0.0007079860079102,0.978609561920166,0.1295614242553711,0.959892988204956,0.1270834803581237
Belgium,2007,BEL,10625488.0,404721960651.0,120.49340057373048,23.158201217651367,55.08632278442383,35.62076950073242,3.087423086166382,763.468994140625,621.80615234375,81.75733947753906,10.481383323669434,1.3781304359436035,3.490000009536743,4.0202741622924805,0.0159574467688798,0.0020981433335691,1.3058511018753052,0.1716980636119842,1.0345745086669922,0.1360296308994293
Belgium,2008,BEL,10709711.0,408290544814.0,120.20435333251952,23.25902366638184,54.70781326293945,35.67063903808594,3.032532930374145,775.7340087890625,639.1719360351562,82.72136688232422,13.27647590637207,1.7182358503341677,4.420000076293945,5.3214545249938965,0.110817939043045,0.0143420109525322,1.6807388067245483,0.2175205051898956,1.0817941427230835,0.1400053352117538
Belgium,2009,BEL,10812936.0,399489943721.0,107.80679321289062,15.162388801574709,50.70603942871094,36.46794891357422,2.7952020168304443,715.84912109375,571.0077514648438,80.115966796875,17.776561737060547,2.4941630363464355,5.440000057220459,6.060606002807617,0.4356954991817474,0.0611308068037033,2.614173173904419,0.3667848706245422,0.8608923554420471,0.1207885816693306
Belgium,2010,BEL,10936619.0,411261674695.0,114.56265258789062,17.52619171142578,51.15281677246094,40.33921813964844,2.5824859142303467,764.7876586914062,612.6236572265625,80.47380065917969,23.793107986450195,3.125445604324341,6.570000171661377,7.061479091644287,1.5205727815628052,0.1997413486242294,3.3645834922790527,0.4419692754745483,0.8125,0.1067294180393219
Belgium,2011,BEL,11038624.0,420934235947.0,105.15896606445312,16.6889705657959,48.21959686279297,34.57211685180664,2.761552095413208,713.7116088867188,556.806396484375,78.4181900024414,28.282527923583984,3.983188152313232,8.359999656677246,9.363799095153809,3.1406733989715576,0.4423187971115112,5.98963737487793,0.8435544967651367,0.5077719688415527,0.0715124011039733
Belgium,2012,BEL,11107522.0,424045845634.0,102.48623657226562,15.078113555908203,47.13313293457031,34.91103744506836,2.6425869464874268,684.9392700195312,543.6436157226562,79.7658462524414,34.05263900756836,4.996357440948486,10.510000228881836,12.894123077392578,5.550773143768311,0.8144345283508301,7.111597537994385,1.043445706367493,0.9201030731201172,0.1350016891956329
Belgium,2013,BEL,11160277.0,425993254852.0,102.81595611572266,15.269164085388184,47.22880554199219,35.27180099487305,2.5413739681243896,701.919189453125,552.0789794921875,79.09495544433594,36.85229110717773,5.279734134674072,11.720000267028809,14.301403999328612,6.751918315887451,0.9673302173614502,9.373401641845703,1.3429034948349,0.9718669652938844,0.1392369121313095
Belgium,2014,BEL,11210113.0,432717694183.0,97.0809555053711,14.725232124328612,46.31257629394531,30.995214462280277,2.642982006072998,650.8510131835938,523.2140502929688,80.81598663330078,38.44172286987305,5.937734127044678,12.210000038146973,17.14887809753418,7.344529151916504,1.1344408988952637,11.743765830993652,1.8139499425888064,0.743511438369751,0.1148432716727256
Belgium,2015,BEL,11275332.0,441551470878.0,101.32749938964844,14.38121509552002,48.23676300048828,33.81174087524414,2.34812593460083,657.4266357421875,545.30126953125,83.34854888916016,42.85725402832031,6.55067253112793,14.4399995803833,21.10185432434082,7.737974166870117,1.1827387809753418,14.1113920211792,2.156906843185425,0.806075930595398,0.1232075989246368
Belgium,2016,BEL,11332707.0,447144517813.0,99.8162841796875,13.476285934448242,47.12380599975586,34.36948013305664,2.435800075531006,709.50927734375,551.7019653320312,78.22944641113281,44.17945861816406,6.264495849609375,14.25,16.90191078186035,7.777387142181396,1.102806806564331,13.616833686828612,1.9308202266693115,0.929648220539093,0.1318209320306778
Belgium,2017,BEL,11376583.0,454386396677.0,99.28218841552734,13.246919631958008,46.258094787597656,35.02979278564453,2.2914090156555176,716.04248046875,557.6589965820312,78.34931945800781,48.53386306762695,6.818854331970215,15.800000190734863,18.514179229736328,8.270000457763672,1.1619088649749756,16.30175018310547,2.29034423828125,0.6752499938011169,0.0948704853653907
Belgium,2018,BEL,11428608.0,462533269863.0,100.2563705444336,13.296542167663574,45.8754997253418,36.103553771972656,2.5343830585479736,714.2052612304688,587.7821655273438,82.72634887695312,51.59489059448242,7.261630535125732,17.15999984741211,23.22999763488769,9.710199356079102,1.3666446208953855,18.84104347229004,2.6517488956451416,0.7271143794059753,0.1023364141583442
Belgium,2019,BEL,11490623.0,472897988852.0,99.7987289428711,13.156460762023926,45.34064865112305,36.22355270385742,2.819305896759033,738.3692626953125,568.6485595703125,77.5399169921875,56.982120513916016,7.769981861114502,19.450000762939453,20.983924865722656,10.525741577148438,1.4352716207504272,24.14702796936035,3.2926464080810547,0.7475246787071228,0.1019311547279357
Belgium,2020,BEL,11540102.0,447544069854.0,91.25455474853516,10.465874671936035,40.097618103027344,36.07258605957031,2.6342780590057373,663.9058227539062,505.00830078125,76.6401138305664,68.90242004394531,10.456639289855955,23.450000762939453,26.560199737548828,12.623950958251951,1.9158122539520264,31.650863647460938,4.803338527679443,0.6590123772621155,0.100011795759201
Belgium,2021,BEL,11570843.0,474995824355.0,94.92807006835938,11.761746406555176,42.15224838256836,36.28146743774414,2.65981388092041,738.2845458984375,541.3975830078125,73.88199615478516,67.43311309814453,9.202281951904297,22.75,22.8873233795166,13.84901523590088,1.8899104595184328,29.55073928833008,4.032651424407959,1.0298030376434326,0.1405324190855026
Belgium,2022,BEL,11641814.0,489678394377.0,88.91497039794922,11.903091430664062,41.4655876159668,31.17376136779785,2.456033945083618,694.452880859375,509.4892578125,73.92169189453125,71.92803192138672,10.436023712158203,24.43000030517578,25.898441314697266,16.901227951049805,2.452195644378662,30.35036849975586,4.403528690338135,0.6660934090614319,0.0966433584690094
Brazil,2000,BRA,174018278.0,1739728033832.0,340.18280029296875,50.45729446411133,239.49110412597656,18.442598342895508,16.04684066772461,2364.255126953125,1346.812255859375,58.333526611328125,945.2066040039062,40.939064025878906,312.260009765625,89.49073028564453,0.0,0.0,0.0027777778450399,0.0001203119318233,845.5646362304688,36.62334442138672
Brazil,2001,BRA,176301201.0,1785513006345.0,346.1657409667969,49.429832458496094,241.79185485839844,23.18531608581543,15.22674560546875,2304.05126953125,1377.541015625,61.070533752441406,838.6699829101562,37.18075942993164,276.92999267578125,84.28854370117188,0.0,0.0,0.09640883654356,0.0042740935459733,739.989013671875,32.805938720703125
Brazil,2002,BRA,178503485.0,1861742323845.0,347.76495361328125,48.68881607055664,239.2193298339844,29.292858123779297,14.389962196350098,2351.53515625,1368.482177734375,59.531681060791016,892.3569946289062,38.819297790527344,296.4200134277344,85.73990631103516,0.0,0.0,0.1671232879161834,0.0072701936587691,783.814208984375,34.097469329833984
Brazil,2003,BRA,180622688.0,1904932706436.0,344.6449279785156,51.93311309814453,232.4336700439453,30.919219970703125,13.09593677520752,2386.333984375,1351.825439453125,57.98937225341797,942.9373779296876,40.44926452636719,317.6199951171875,87.16484832763672,0.0,0.0,0.1662125289440155,0.0071300328709185,832.7410888671875,35.722164154052734
Brazil,2004,BRA,182675144.0,2038447931287.0,361.43402099609375,53.83265686035156,239.76824951171875,38.215091705322266,13.273008346557615,2503.37255859375,1425.7623291015625,58.26993179321289,989.5949096679688,40.444068908691406,333.3800048828125,86.03577423095703,0.0,0.0,0.1653116643428802,0.0067561748437583,869.3683471679688,35.53049087524414
Brazil,2005,BRA,184688101.0,2129214530430.0,364.37054443359375,50.95163345336914,240.21844482421875,39.618927001953125,14.348567962646484,2569.062744140625,1446.6988525390625,57.67403030395508,1035.21533203125,41.26984405517578,351.19000244140625,87.1287841796875,0.0,0.0,0.249731183052063,0.009955771267414,907.1419067382812,36.1640739440918
Brazil,2006,BRA,186653099.0,2240805319046.0,368.8709411621094,50.8346061706543,242.25135803222656,42.053035736083984,15.43995475769043,2641.58251953125,1481.5897216796875,57.42802429199219,1061.5418701171875,41.14651107788086,363.8900146484375,86.75408172607422,0.0,0.0,0.633689820766449,0.0245625041425228,932.6348876953124,36.149940490722656
Brazil,2007,BRA,188552311.0,2405626901513.0,390.5734252929688,54.98905563354492,256.0033569335937,43.245601654052734,17.2004451751709,2810.54345703125,1551.8441162109375,56.5190315246582,1161.0125732421875,42.28472900390625,392.739990234375,88.2264404296875,0.0,0.0,1.7627177238464355,0.0641991645097732,994.7211303710938,36.228302001953125
Brazil,2008,BRA,190367297.0,2559842659987.0,412.6378479003906,55.31549835205078,267.2388000488281,51.30269241333008,18.883834838867188,2936.353759765625,1645.6337890625,57.32679748535156,1188.1285400390625,41.389286041259766,390.5299987792969,84.31495666503906,0.0,0.0,3.1213719844818115,0.1087351590394973,975.0828247070312,33.96768951416016
Brazil,2009,BRA,192079958.0,2589568436235.0,389.77532958984375,43.58605194091797,262.7054138183594,40.95853805541992,19.031330108642575,2925.52001953125,1561.626708984375,54.652828216552734,1261.722900390625,44.156986236572266,415.1099853515625,89.04690551757812,0.0,0.0,3.2493438720703125,0.113718494772911,1026.21533203125,35.91483688354492
Brazil,2010,BRA,193701931.0,2820492538862.0,440.26904296875,56.68818664550781,286.0799865722656,55.048824310302734,21.28804016113281,3188.734619140625,1753.8448486328125,56.281063079833984,1324.559814453125,42.50526428222656,437.4100036621094,84.80225372314453,0.0,0.0,5.66811990737915,0.1818905621767044,1050.23388671875,33.70211410522461
Brazil,2011,BRA,195284736.0,2968455007203.0,461.9113159179688,62.29240036010742,303.885009765625,53.100582122802734,22.17632484436035,3316.3232421875,1826.877197265625,56.37049865722656,1373.3935546875,42.377716064453125,463.6600036621094,87.19346618652344,0.0,0.0,7.00717306137085,0.2162147760391235,1109.6707763671875,34.240230560302734
Brazil,2012,BRA,196876113.0,3025484250011.0,497.46820068359375,61.01647186279297,327.7339782714844,63.39656066894531,24.157209396362305,3408.334716796875,1951.5302734375,58.5014877319336,1342.9979248046875,40.259368896484375,456.1600036621094,82.56289672851562,0.0041626705788075,0.0001247853651875,13.015463829040527,0.3901676833629608,1070.469482421875,32.089717864990234
Brazil,2013,BRA,198478290.0,3116394665745.0,531.56884765625,65.60408782958984,342.338134765625,74.70378875732422,25.80284309387207,3500.955078125,2073.49267578125,60.44167709350586,1317.5616455078125,38.40652084350586,438.5400085449219,76.8249740600586,0.0122598279267549,0.0003573702706489,16.818063735961914,0.4902414381504059,999.9795532226562,29.149099349975582
Brazil,2014,BRA,200085126.0,3132099937531.0,556.5255126953125,69.03719329833984,356.7507019042969,81.28511047363281,25.532514572143555,3575.63525390625,2151.13525390625,61.31813049316406,1317.88916015625,37.56644058227539,432.75,73.27914428710938,0.040920615196228,0.001166442525573,31.0693416595459,0.8856318593025208,950.2265625,27.08621597290039
Brazil,2015,BRA,201675534.0,3021043246476.0,528.1735229492188,69.4549331665039,330.35595703125,80.46411895751953,23.90254592895508,3535.438232421875,2089.389892578125,60.21682357788086,1343.0860595703125,38.708133697509766,431.30999755859375,74.20770263671875,0.1491580009460449,0.0042987768538296,54.74861145019531,1.5778708457946775,910.7412109375,26.247825622558597
Brazil,2016,BRA,203218108.0,2922076150345.0,491.7448425292969,63.82790756225586,312.9418334960937,69.66627502441406,21.41184425354004,3451.454345703125,1935.608642578125,57.284515380859375,1403.469970703125,41.53582000732422,465.8200073242188,80.46778869628906,0.2142225950956344,0.0063399369828403,84.14289855957031,2.4902167320251465,957.0626831054688,28.324357986450195
Brazil,2017,BRA,204703440.0,2960731613785.0,497.2545471191406,67.3183822631836,315.0450744628906,70.68840026855469,20.30569648742676,3477.62890625,1960.4471435546875,57.5512924194336,1406.6395263671875,41.293601989746094,467.0199890136719,79.24726867675781,2.079533338546753,0.0610472112894058,105.93314361572266,3.109795093536377,927.2661743164062,27.22101783752441
Brazil,2018,BRA,206107265.0,3013541086239.0,476.6005554199219,65.83731842041016,298.8893737792969,67.41765594482422,20.55917739868164,3486.3779296875,1867.517578125,54.730865478515625,1505.6761474609375,44.12646865844727,495.2900085449219,82.35753631591797,8.61053466796875,0.2523467540740967,120.58492279052734,3.533951997756958,967.5897216796876,28.35690689086914
Brazil,2019,BRA,207455459.0,3050327159562.0,476.7237548828125,61.88453674316406,302.979736328125,67.12190246582031,20.84056663513184,3567.01904296875,1872.509033203125,53.67759323120117,1576.005126953125,45.17797470092773,515.4400024414062,81.38568878173828,16.471729278564453,0.4721807837486267,138.57826232910156,3.9725029468536377,984.8441162109376,28.231672286987305
Brazil,2020,BRA,208660845.0,2950377451264.0,447.9993896484375,55.94921875,285.2835388183594,59.026611328125,23.843000411987305,3422.42919921875,1734.183349609375,51.84688568115234,1575.9356689453125,47.11575698852539,522.9199829101562,83.16686248779297,26.53911399841309,0.7934399843215942,140.86593627929688,4.2114691734313965,978.718994140625,29.260765075683597
Brazil,2021,BRA,209550291.0,3097565215045.0,496.5619812011719,67.93636322021484,303.4654541015625,75.97504425048828,25.28812026977539,3581.19873046875,1939.3363037109373,55.294044494628906,1531.760498046875,43.67330932617188,507.8699951171875,77.37202453613281,41.26177597045898,1.1764490604400637,178.0442657470703,5.076369285583496,893.6415405273438,25.4793643951416
Brazil,2022,BRA,210306411.0,3187412907763.0,480.0582885742188,56.11171340942383,315.3390808105469,60.08588790893555,24.62459945678711,3731.717529296875,1872.79150390625,51.35908508300781,1737.90283203125,47.6599235534668,593.8900146484375,87.70305633544922,74.02079010009766,2.0299322605133057,200.5689697265625,5.5003662109375,1049.4190673828125,28.77907371520996
Bulgaria,2000,BGR,8000519.0,67719765830.0,45.49931335449219,26.37542152404785,10.514698028564451,6.766983985900879,1.212360978126526,217.3772125244141,158.0170135498047,73.21710968017578,7.308333396911621,3.386312961578369,2.630000114440918,6.479428768157959,0.0,0.0,0.0,0.0,7.308333396911621,3.386312961578369
Bulgaria,2001,BGR,7928455.0,68877651140.0,49.01963806152344,30.06130790710449,10.825464248657228,6.288179874420166,1.228410005569458,224.56732177734372,164.5953826904297,73.75337219238281,4.560773849487305,2.0436325073242188,1.649999976158142,3.798342704772949,0.0,0.0,0.0,0.0,4.560773849487305,2.0436325073242188
Bulgaria,2002,BGR,7861949.0,73450036758.0,46.14104080200195,27.819786071777344,10.815247535705566,5.600502014160156,1.2147140502929688,217.8383636474609,155.0222930908203,71.69579315185547,5.79725980758667,2.681157350540161,2.119999885559082,5.038022518157959,0.0,0.0,0.0,0.0,5.79725980758667,2.681157350540161
Bulgaria,2003,BGR,7804405.0,77722336425.0,50.491207122802734,31.191181182861328,11.53451442718506,5.821983814239502,1.27252197265625,225.35256958007807,168.57736206054688,75.3174057006836,8.160762786865234,3.646085262298584,2.990000009536743,7.071901798248291,0.0,0.0,0.0,0.0,8.160762786865234,3.646085262298584
Bulgaria,2004,BGR,7749430.0,83228668873.0,49.53728866577149,29.94332504272461,11.56463623046875,5.827093124389648,1.4442540407180786,217.9150390625,162.3699951171875,75.01567840576172,8.508974075317383,3.931184768676758,3.140000104904175,7.59187650680542,0.0,0.0,0.0027100273873656,0.0012520450400188,8.506263732910156,3.929932832717896
Bulgaria,2005,BGR,7695047.0,89684785590.0,50.60035705566406,29.48859024047852,12.139975547790527,6.572749137878418,1.618090033531189,236.08555603027344,172.51388549804688,73.65435028076172,11.564557075500488,4.937457084655762,4.300000190734863,9.797221183776855,0.0,0.0,0.0123306438326835,0.005264536011964,11.552226066589355,4.932192325592041
Bulgaria,2006,BGR,7640292.0,96404598197.0,51.83749008178711,29.99271774291992,12.5795259475708,6.731089115142822,1.5496809482574463,240.70095825195312,175.43185424804688,73.44226837158203,11.3182373046875,4.73823356628418,4.230000019073486,9.308979034423828,0.0,0.0,0.0536016002297401,0.0224396139383316,11.264636039733888,4.715793609619141
Bulgaria,2007,BGR,7586896.0,104058200673.0,55.669219970703125,33.36557388305664,12.403810501098633,6.87730598449707,1.9793570041656492,232.63966369628903,184.7734832763672,79.86113739013672,7.650822162628174,3.306769847869873,2.880000114440918,6.725829601287842,0.0001595744688529,6.896984268678352e-05,0.1244734078645706,0.0537987798452377,7.52618932723999,3.252902030944824
Bulgaria,2008,BGR,7535589.0,110900337989.0,54.02591323852539,32.489070892333984,11.77976894378662,6.724946022033691,1.8996870517730715,230.2237091064453,179.45263671875,78.42922973632812,7.759417533874512,3.39123010635376,2.930000066757202,6.585749626159668,0.0004406332445796,0.0001925774267874,0.3212611973285675,0.1404062360525131,7.368628025054932,3.2204365730285645
Bulgaria,2009,BGR,7488016.0,107365071902.0,45.750247955322266,27.274120330810547,11.296615600585938,5.049543857574463,0.9829720258712769,202.10650634765625,150.88221740722656,75.19792938232422,9.722566604614258,4.845613479614258,3.680000066757202,8.697707176208496,0.0085748024284839,0.0042735808528959,0.622070848941803,0.3100328147411346,9.00711727142334,4.489041805267334
Bulgaria,2010,BGR,7437594.0,109045208364.0,47.81570053100586,29.29449462890625,10.91244411468506,5.385715961456299,0.8072869777679443,211.4711151123047,154.6615753173828,73.79483795166016,15.210680961608888,7.257586002349853,5.760000228881836,12.540822982788086,0.0387109369039535,0.0184704381972551,1.7743984460830688,0.8466320037841797,13.102450370788574,6.2516703605651855
Bulgaria,2011,BGR,7380023.0,109435363210.0,53.12046051025391,34.4813232421875,10.106661796569824,6.150853157043457,0.7872980237007141,224.606689453125,170.4717559814453,76.43208312988281,10.300905227661133,4.618475914001465,3.890000104904175,7.786229133605957,0.2613005042076111,0.1171557232737541,2.230816125869751,1.0002005100250244,7.439329147338867,3.335469961166382
Bulgaria,2012,BGR,7317020.0,110261509885.0,48.27656173706055,29.41230773925781,10.627171516418455,5.753115177154541,0.9812920093536376,213.42819213867188,156.51333618164062,73.92405700683594,14.525469779968262,6.860639572143555,5.25,11.300043106079102,2.006948471069336,0.9479177594184875,3.146644353866577,1.4862165451049805,8.189783096313477,3.8681814670562735
Bulgaria,2013,BGR,7264605.0,109643527181.0,42.58298873901367,24.99720764160156,9.557036399841309,5.611725807189941,0.8916329741477966,198.10829162597656,140.884521484375,71.82836151123047,19.01303100585937,9.69357681274414,6.909999847412109,16.06229591369629,3.5600688457489014,1.815060257911682,3.5128185749053955,1.7909703254699707,10.322603225708008,5.2628607749938965
Bulgaria,2014,BGR,7223450.0,110703533681.0,45.169063568115234,26.579479217529297,10.56224536895752,5.602132797241211,0.911122977733612,211.5503387451172,148.92491149902344,71.09288787841797,20.18039321899414,9.63359546661377,7.389999866485596,15.750213623046877,3.197585344314575,1.5264441967010498,3.3856921195983887,1.616241455078125,11.708978652954102,5.58956241607666
Bulgaria,2015,BGR,7177515.0,114498611934.0,48.12712478637695,27.678157806396484,11.488129615783691,5.939854145050049,1.1054339408874512,224.680419921875,159.54132080078125,71.70877838134766,23.99942970275879,10.78698444366455,8.75,17.963457107543945,3.497875928878784,1.572184681892395,3.6747114658355713,1.6516666412353516,14.315296173095703,6.43427324295044
Bulgaria,2016,BGR,7127436.0,117979077002.0,45.34375,24.15471076965332,11.885828971862791,5.945013046264648,1.194108963012695,213.1173858642578,151.6854705810547,71.85327911376953,19.78079032897949,9.37014389038086,7.039999961853027,15.809566497802734,3.487411975860596,1.6519840955734253,3.580326795578003,1.695997714996338,9.748346328735352,4.617783546447754
Bulgaria,2017,BGR,7075642.0,121237951710.0,47.44584274291992,25.792110443115234,12.162233352661133,6.053034782409668,1.2393039464950562,218.1744842529297,160.05421447753906,73.96662902832031,17.46910858154297,8.07308292388916,6.130000114440918,13.67082977294922,3.507424831390381,1.6209031343460083,3.760159969329834,1.7377008199691772,7.070257663726807,3.2674121856689453
Bulgaria,2018,BGR,7024745.0,124492855771.0,43.503326416015625,22.113317489624023,12.371563911437988,5.79693078994751,1.2235029935836792,218.81417846679688,150.32833862304688,69.38864135742188,26.205921173095703,12.09614372253418,9.380000114440918,20.167707443237305,3.340268611907959,1.5418031215667725,3.2789127826690674,1.5134824514389038,12.8024320602417,5.909353733062744
Bulgaria,2019,BGR,6975466.0,129520075495.0,42.19498062133789,20.806325912475582,12.900815963745115,5.265811920166016,1.137773036956787,211.5514068603516,146.88351440429688,70.07096099853516,21.75913619995117,10.380223274230955,7.489999771118164,17.131746292114258,3.50813364982605,1.673559546470642,3.259871244430542,1.555125713348389,7.251234531402588,3.4592103958129883
Bulgaria,2020,BGR,6933656.0,124392792956.0,36.57102966308594,16.204029083251953,11.943744659423828,5.309995174407959,1.065904974937439,195.37388610839844,130.93222045898438,67.66351318359375,21.52142333984375,11.121899604797363,7.46999979019165,18.609865188598636,3.626469135284424,1.874096632003784,3.647237062454224,1.8848291635513303,6.963945865631104,3.598846912384033
Bulgaria,2021,BGR,6877222.0,133889804025.0,42.36503219604492,20.42333221435547,12.742101669311523,6.257600784301758,1.06038498878479,221.8816375732422,150.05030822753906,68.28784942626953,29.07366180419922,13.23141384124756,10.3100004196167,21.833969116210938,3.6123106479644775,1.6439614295959473,3.5309383869171143,1.6069289445877075,11.869962692260742,5.4020161628723145
Bulgaria,2022,BGR,6825862.0,138390156500.0,46.93179321289063,25.06834983825684,13.385125160217283,5.018204212188721,1.0392459630966189,229.3902130126953,159.59811401367188,70.18645477294922,27.346284866333008,12.026074409484863,9.630000114440918,19.152746200561523,5.144565105438232,2.262425184249878,3.6833536624908447,1.619828224182129,9.34466552734375,4.109502792358398
Canada,2000,CAN,30891800.0,1137681278760.0,566.6798706054688,129.48281860351562,237.24305725097656,173.03079223632812,7.232123851776123,3647.489501953125,2356.5771484375,65.85218811035156,1021.1929931640624,28.536216735839844,365.9599914550781,60.60746383666992,0.0456140376627445,0.001274638576433,0.7333332896232605,0.0204922650009393,991.0001831054688,27.69250869750977
Canada,2001,CAN,31213578.0,1161459919261.0,558.9805908203125,126.84671020507812,241.2818298339844,165.26918029785156,6.982742786407471,3572.097900390625,2350.00830078125,66.97208404541016,948.5361938476562,27.03201103210449,341.5400085449219,58.1087532043457,0.0540854893624782,0.0015413640066981,0.9088398218154908,0.0259007159620523,915.803955078125,26.09918594360352
Canada,2002,CAN,31535579.0,1199865635264.0,564.2561645507812,124.5281982421875,242.1967620849609,171.3308563232422,7.148303985595703,3693.392822265625,2428.988525390625,66.99744415283203,991.026611328125,27.33493423461914,359.75,59.97932815551758,0.0622927173972129,0.0017181853763759,1.1095889806747437,0.030605174601078,956.916748046875,26.394102096557617
Canada,2003,CAN,31836483.0,1224575760991.0,581.1903686523438,123.57743072509766,257.9126892089844,173.95623779296875,7.248136043548584,3711.021240234375,2495.39306640625,68.423095703125,948.9634399414062,26.020357131958008,346.2699890136719,58.862422943115234,0.0620966590940952,0.0017026760615408,1.8801089525222776,0.0515521503984928,915.9110717773438,25.11406898498535
Canada,2004,CAN,32132680.0,1265917327101.0,576.286376953125,116.2325668334961,263.6665954589844,169.7281951904297,7.519955158233643,3768.067626953125,2508.972900390625,67.73296356201172,951.9932250976562,25.70028686523437,349.1499938964844,58.33750915527344,0.0386535450816154,0.0010435023577883,2.560975790023804,0.0691368505358696,917.0687255859376,24.757455825805664
Canada,2005,CAN,32440172.0,1310077836124.0,570.3961181640625,117.26052856445312,258.1053466796875,168.7094268798828,7.613986015319824,3796.70361328125,2473.380615234375,66.36494445800781,1007.8591918945312,27.04254913330078,372.7099914550781,60.06607437133789,0.0456989258527755,0.0012261787196621,4.213587284088135,0.1130576059222221,972.9993286132812,26.107202529907227
Canada,2006,CAN,32759174.0,1348293394113.0,566.3153686523438,114.60435485839844,256.93658447265625,168.04872131347656,7.728497982025146,3669.610107421875,2362.241943359375,65.57205963134766,980.1568603515624,27.20758819580078,364.3200073242188,59.87870788574219,0.0561497285962104,0.0015586267691105,6.61247444152832,0.1835517287254333,943.5488891601562,26.191410064697266
Canada,2007,CAN,33092171.0,1379925831954.0,589.9562377929688,119.20381927490234,263.61676025390625,180.4145050048828,7.731019973754883,3918.64990234375,2582.262939453125,67.05845642089844,1021.6076049804688,26.52999687194824,379.6499938964844,59.86376190185547,0.0691489428281784,0.0017957199597731,7.998081684112549,0.2077011615037918,977.7166748046876,25.390199661254883
Canada,2008,CAN,33449088.0,1397938727409.0,574.21435546875,113.14427185058594,255.2203063964844,180.74171447753903,6.988371849060059,3871.870849609375,2508.484619140625,66.00587463378906,1040.3212890625,27.3740234375,389.2999877929688,61.29646682739258,0.0923482850193977,0.0024299647193402,9.996079444885254,0.2630273103713989,996.0098266601562,26.208053588867188
Canada,2009,CAN,33826370.0,1360538049277.0,541.1298828125,93.71363067626952,251.4790496826172,173.86363220214844,5.36404275894165,3720.50439453125,2394.78271484375,65.5767822265625,1022.2770385742188,27.993202209472656,384.3800048828125,62.61586380004883,0.2860892117023468,0.0078340340405702,17.43215560913086,0.4773479402065277,967.6834716796876,26.498254776000977
Canada,2010,CAN,34196900.0,1406355361431.0,554.3074340820312,96.39471435546876,257.1850891113281,177.71046447753906,6.005435943603516,3760.55419921875,2477.27001953125,67.0845947265625,981.0377197265624,26.566547393798828,370.6700134277344,61.0628776550293,0.6655092835426331,0.0180220231413841,22.7192497253418,0.6152383685112,915.0645751953124,24.779993057250977
Canada,2011,CAN,34555449.0,1454221365109.0,562.8324584960938,87.3817138671875,258.63641357421875,193.458984375,6.020141124725342,3900.1171875,2538.525634765625,66.29292297363281,1049.9578857421875,27.41937255859375,396.6900024414063,62.15081405639648,1.481127381324768,0.0386792495846748,26.3952693939209,0.6893054842948914,973.3775024414062,25.41949462890625
Canada,2012,CAN,34922513.0,1479829523672.0,561.76953125,82.20912170410156,258.23828125,196.53192138671875,6.532304763793945,3901.69287109375,2520.98828125,65.80010223388672,1067.505126953125,27.86285972595215,403.3699951171875,63.3691520690918,2.2701210975646973,0.0592522397637367,29.153318405151367,0.7609282732009888,980.0699462890624,25.58072280883789
Canada,2013,CAN,35293421.0,1514296485427.0,568.5897216796875,79.92080688476562,259.85040283203125,203.56431579589844,5.973036766052246,4004.3505859375,2576.755126953125,65.56991577148438,1090.3153076171875,27.74492645263672,415.4800109863281,63.36531066894531,3.833733797073364,0.0975558757781982,28.50496864318848,0.7253573536872864,1002.017578125,25.4980411529541
Canada,2014,CAN,35634265.0,1557757464897.0,564.938232421875,77.55775451660156,252.104248046875,210.1711578369141,5.911521911621094,4009.155517578125,2602.080078125,66.08927154541016,1064.0599365234375,27.025665283203125,407.239990234375,62.36734008789063,5.394913673400879,0.1370234191417694,32.61341094970703,0.8283359408378601,973.2859497070312,24.72013092041016
Canada,2015,CAN,35962236.0,1568025782105.0,563.0025634765625,74.33643341064453,251.9708404541016,212.6798858642578,6.18477201461792,4021.453125,2597.853759765625,65.78516387939453,1095.1912841796875,27.73340606689453,422.0400085449219,63.84098815917969,7.328990936279297,0.1855912208557129,68.26934051513672,1.728776931762695,967.577880859375,24.501867294311523
Canada,2016,CAN,36353345.0,1583727974022.0,553.70703125,74.5321044921875,247.8419647216797,209.46681213378903,6.1142449378967285,3973.036865234375,2535.299560546875,65.04727935791016,1109.252197265625,28.45969009399414,430.7300109863281,64.56462860107422,7.550380706787109,0.1937174350023269,77.72139739990234,1.994070291519165,968.4232177734376,24.84649085998535
Canada,2017,CAN,36808498.0,1631871440185.0,566.6602783203125,73.96281433105469,252.35650634765625,217.1017303466797,6.863101959228516,4026.634765625,2567.72119140625,64.98556518554688,1132.009521484375,28.64963722229004,440.55999755859375,65.81907653808594,8.27272891998291,0.2093716263771057,78.7840347290039,1.9939178228378296,986.4684448242188,24.966188430786133
Canada,2018,CAN,37294996.0,1677189073139.0,575.0907592773438,62.46744155883789,258.21630859375,230.62901306152344,6.989642143249512,4082.4892578125,2651.6787109375,66.13042449951172,1109.2589111328125,27.66389274597168,433.3900146484375,65.54597473144531,8.686366081237793,0.2166299521923065,83.2620849609375,2.07647967338562,959.9351806640624,23.939897537231445
Canada,2019,CAN,37782934.0,1708858221312.0,579.0070190429688,59.811222076416016,260.94189453125,233.90940856933597,7.19547176361084,4059.98876953125,2645.248046875,66.35348510742188,1092.6044921875,27.406925201416016,428.7099914550781,65.38203430175781,9.28842544555664,0.2329911589622497,81.37517547607422,2.041217565536499,944.9760131835938,23.703807830810547
Canada,2020,CAN,38171903.0,1622144486274.0,524.2079467773438,49.442344665527344,225.77264404296875,224.87586975097656,6.712529182434082,3834.9443359375,2413.230224609375,64.14308166503906,1108.2587890625,29.457256317138672,436.7900085449219,66.59500885009766,10.053625106811523,0.2672229707241058,88.30735778808594,2.347188711166382,954.4314575195312,25.368560791015625
Canada,2021,CAN,38454058.0,1703443269914.0,537.4786376953125,47.058990478515625,233.62391662597656,231.2293243408203,7.384992122650146,3861.979736328125,2461.18359375,64.91148376464844,1103.8524169921875,29.11310386657715,435.3900146484375,66.73666381835938,12.596407890319824,0.3322188258171081,91.86396026611328,2.422828435897827,941.9443969726562,24.842927932739254
Canada,2022,CAN,38821259.0,1761295624423.0,547.6576538085938,39.15651321411133,242.2908935546875,240.854248046875,6.751512050628662,3964.52099609375,2532.191162109375,65.0363540649414,1148.4534912109375,29.49667739868164,452.4700012207031,68.1348648071289,14.0967435836792,0.3620582818984985,96.99687957763672,2.49125075340271,977.2119140625,25.098539352416992
Chile,2000,CHL,15503638.0,233340518904.0,58.50262069702149,14.241968154907228,30.627376556396484,11.918992042541504,1.010422945022583,307.3912658691406,246.57965087890625,81.1439437866211,57.29964828491211,18.856054306030277,20.489999771118164,49.82976913452149,0.0,0.0,0.0,0.0,53.00277328491211,17.442047119140625
Chile,2001,CHL,15683852.0,239642803054.0,52.91838836669922,9.26323413848877,28.467588424682617,13.51743221282959,1.0132039785385132,313.34490966796875,244.26063537597656,78.93919372558594,65.16822052001953,21.06080818176269,22.8700008392334,54.040645599365234,0.0,0.0,0.0193370170891284,0.0062492610886693,59.88950729370117,19.354856491088867
Chile,2002,CHL,15857926.0,243288829547.0,54.83561325073242,9.379839897155762,30.32326316833496,13.50550365447998,1.0791419744491575,320.8013916015625,247.4166412353516,78.16593170166016,69.11083221435547,21.83407020568848,23.989999771118164,55.22560119628906,0.0,0.0,0.01917808316648,0.0060589001514017,63.52602767944336,20.06967163085937
Chile,2003,CHL,16024755.0,250723122339.0,55.10021209716797,9.244272232055664,29.58679962158203,14.736607551574709,1.1133159399032593,322.48974609375,251.50714111328125,78.98804473876953,66.90450286865234,21.011951446533203,23.280000686645508,49.92494201660156,0.0,0.0,0.0190735701471567,0.005990223493427,61.58855438232422,19.342432022094727
Chile,2004,CHL,16187324.0,264146071325.0,59.22108840942383,10.273856163024902,31.323535919189453,16.048320770263672,1.19349205493927,344.29901123046875,277.3748779296875,81.44603729248047,63.18790054321289,18.553964614868164,23.799999237060547,46.66666412353516,0.0,0.0,0.0135501353070139,0.0039787483401596,56.82747650146485,16.686344146728516
Chile,2005,CHL,16348780.0,278000705012.0,61.116455078125,10.240880012512209,33.8260498046875,15.557344436645508,1.1519529819488523,357.3269348144531,278.3595886230469,78.91722106933594,74.36390686035156,21.08277702331543,28.020000457763672,53.65760040283203,0.0,0.0,0.0188172049820423,0.0053348317742347,68.7513427734375,19.49156951904297
Chile,2006,CHL,16509195.0,293258343549.0,64.04827880859375,12.534543991088867,35.73499298095703,14.33356761932373,1.2363450527191162,369.6823120117188,284.8111267089844,78.08541870117188,79.93190002441406,21.91457939147949,30.280000686645508,55.01453399658203,0.0,0.0,0.0187165774405002,0.0051314420998096,75.4413070678711,20.683412551879883
Chile,2007,CHL,16671571.0,305709457316.0,70.46924591064453,13.002864837646484,47.22285842895508,8.763835906982422,1.3164329528808594,369.298583984375,297.5062255859375,81.42774200439453,67.85601043701172,18.57225608825684,25.61000061035156,43.94303512573242,0.0,0.0,0.0297872330993413,0.0081527940928936,59.40122604370117,16.2581729888916
Chile,2008,CHL,16838987.0,314032357531.0,70.54901123046875,16.732627868652344,47.548946380615234,4.825240135192871,1.3074300289154053,369.3056640625,289.554931640625,79.35283660888672,75.3405532836914,20.647159576416016,27.06999969482422,45.526405334472656,0.0,0.0,0.1005887538194656,0.0275664571672678,64.02677154541016,17.546606063842773
Chile,2009,CHL,17009730.0,306660166266.0,65.95976257324219,13.428560256958008,44.93163299560547,6.379024028778076,1.0806219577789309,354.3724060058594,273.0062255859375,78.02406311035156,76.89381408691406,21.97593879699707,29.38999938964844,48.68312072753906,0.0,0.0,0.2073863893747329,0.0592701807618141,66.0874252319336,18.88751602172852
Chile,2010,CHL,17181463.0,321457401232.0,71.34748077392578,16.525484085083008,43.4609260559082,10.226746559143066,1.0464589595794678,363.9476623535156,291.7562255859375,81.05854797363281,68.1764907836914,18.94145393371582,24.21999931335449,40.19916915893555,0.0,0.0,0.8472031354904175,0.2353781908750534,56.6652946472168,15.743301391601562
Chile,2011,CHL,17351810.0,338708860136.0,78.07144165039062,20.848159790039062,45.62779235839844,10.44972801208496,1.0800750255584717,385.7117919921875,314.4279479980469,82.32825469970703,67.49191284179688,17.6717472076416,25.950000762939453,39.52779769897461,0.0,0.0,0.8746001124382019,0.2290009558200836,53.13473129272461,13.912534713745115
Chile,2012,CHL,17519116.0,359556383692.0,79.62088775634766,23.478912353515625,45.1624641418457,9.808527946472168,1.1274759769439695,402.7465515136719,327.243408203125,82.02448272705078,71.71481323242188,17.975521087646484,25.239999771118164,36.280006408691406,0.0008772937580943,0.0002198961592512,1.0525449514389038,0.2638233602046966,51.9639778137207,13.024917602539062
Chile,2013,CHL,17687006.0,371454072393.0,81.73326873779297,25.395183563232425,45.9135856628418,9.29190444946289,1.0857319831848145,413.7593078613281,335.9864196777344,81.97563171386719,73.87493896484375,18.02437210083008,26.0,35.69467544555664,0.0172802042216062,0.004216109868139,1.3940552473068235,0.340128481388092,50.91358184814453,12.422147750854492
Chile,2014,CHL,17864192.0,378114271615.0,77.5862045288086,24.38506317138672,43.81983184814453,8.295684814453125,1.0219049453735352,409.533935546875,326.0216064453125,80.48065948486328,79.07149505615234,19.51933860778809,30.059999465942383,42.83882141113281,1.1672086715698242,0.288133442401886,3.6720612049102783,0.9064733982086182,58.63887405395508,14.475406646728516
Chile,2015,CHL,18047630.0,386251266445.0,81.7784652709961,27.19054412841797,44.35271835327149,9.112367630004885,1.033167004585266,414.2297973632813,323.4921264648437,78.99986267089844,85.99227142333984,21.00013542175293,32.36000061035156,43.19850540161133,3.443291664123535,0.8408847451210022,5.35353946685791,1.3073855638504028,59.80128479003906,14.604044914245604
Chile,2016,CHL,18267225.0,393022253885.0,84.25049591064453,27.014671325683597,46.06380844116211,9.951423645019531,1.120300054550171,433.90338134765625,346.3410339355469,80.65880584716797,83.04920959472656,19.341196060180664,33.810001373291016,42.88976287841797,6.407697677612305,1.4922783374786377,6.160400390625,1.4346855878829956,49.47418975830078,11.521964073181152
Chile,2017,CHL,18558868.0,398359518680.0,84.1346206665039,27.75359916687012,45.4646110534668,9.943665504455566,0.9149309992790222,450.3468933105469,349.8370361328125,78.5737075805664,95.3971939086914,21.426294326782227,34.369998931884766,43.5449104309082,9.73987102508545,2.1875836849212646,9.063898086547852,2.035759449005127,53.31432723999024,11.974445343017578
Chile,2018,CHL,18893185.0,414254051745.0,84.44264221191406,27.06963157653809,46.57310485839844,9.980735778808594,0.7304400205612183,468.2776794433594,354.3280639648437,76.57355499267578,108.40095520019533,23.426443099975582,37.5,45.86594772338867,12.733136177062988,2.7517478466033936,8.925110816955566,1.92879855632782,58.12629318237305,12.561626434326172
Chile,2019,CHL,19197748.0,417331966568.0,91.97705078125,31.01698112487793,48.022274017333984,12.05137062072754,0.8404660224914551,473.9787292480469,362.7671508789063,77.45907592773438,105.56681823730467,22.54092788696289,38.810001373291016,46.21338272094727,15.594618797302246,3.3298072814941406,12.116884231567385,2.5872316360473637,53.07011413574219,11.331682205200195
Chile,2020,CHL,19370621.0,391686945225.0,80.17822265625,25.192522048950195,43.03539657592773,11.04279613494873,0.8796830177307129,442.4776611328125,328.0558776855469,75.12633514404297,108.61640167236328,24.87366485595703,40.4900016784668,48.44460678100586,18.802082061767575,4.305765151977539,13.832845687866213,3.1677865982055664,53.63193130493164,12.281963348388672
Chile,2021,CHL,19456323.0,437659188270.0,83.63031005859375,24.10074615478516,46.490478515625,12.083348274230955,0.9441120028495787,476.8569946289063,360.71533203125,76.57891845703125,110.3220443725586,23.42108154296875,43.06999969482422,48.88762664794922,26.47832489013672,5.621279239654541,18.788419723510746,3.98873233795166,44.51298904418945,9.449991226196287
Chile,2022,CHL,19553033.0,448338105532.0,85.74378204345703,19.858369827270508,52.15911483764648,12.867072105407717,0.8510500192642212,503.5053405761719,367.1378173828125,73.92073059082031,129.52639770507812,26.079269409179688,50.369998931884766,55.32732772827149,38.60856628417969,7.773575305938721,21.85088348388672,4.399528503417969,50.09276580810547,10.08584213256836
China,2000,CHN,1269581174.0,5952682232028.0,3643.8095703125,2601.59130859375,648.6848754882812,59.796417236328125,240.21034240722656,11800.2841796875,11085.259765625,94.2689437866211,627.4334106445312,5.335687637329102,225.55999755859372,16.63912582397461,0.061111107468605,0.0005196882993914,1.6386083364486694,0.0139347100630402,617.8055419921875,5.253812789916992
China,2001,CHN,1278725061.0,6329737256820.0,3724.1142578125,2637.884765625,659.3008422851562,67.15752410888672,266.19830322265625,12470.0634765625,11595.4619140625,93.35999298095705,776.434814453125,6.251406669616699,280.7300109863281,18.9581241607666,0.0856353640556335,0.000689486740157,1.9867180585861208,0.0159959122538566,766.3812255859375,6.170461177825928
China,2002,CHN,1286866835.0,6814493895929.0,4098.1806640625,3018.603759765625,653.0866088867188,53.99275207519531,277.8556213378906,13580.4912109375,12657.19140625,93.56922149658205,801.0562133789062,5.921866893768311,291.4100036621094,17.61839485168457,0.1315068453550338,0.0009721740498207,2.294174671173096,0.0169598553329706,788.9588623046875,5.832436561584473
China,2003,CHN,1294517323.0,7248623080792.0,4835.25146484375,3601.8916015625,727.0988159179688,60.74545669555664,347.6330261230469,15818.755859375,14859.568359375,94.24960327148438,788.5204467773438,5.001338958740234,287.2799987792969,15.036272048950195,0.1743869185447693,0.0011060817632824,2.716538667678833,0.0172301568090915,772.969970703125,4.902707099914551
China,2004,CHN,1302100316.0,7830953177799.0,5210.96142578125,3835.193115234375,839.0963134765625,71.52127838134766,362.09857177734375,18509.13671875,17332.892578125,93.96906280517578,975.653076171875,5.289434909820557,357.42999267578125,16.222410202026367,0.205962061882019,0.0011166089680045,3.462812662124634,0.0187733974307775,958.1138916015624,5.194347381591797
China,2005,CHN,1310027135.0,8602939667333.0,5881.99072265625,4424.23974609375,850.17626953125,84.95716857910156,411.6434020996094,21027.1640625,19713.345703125,94.08019256591795,1097.7137451171875,5.238741397857666,404.3699951171875,16.173118591308594,0.2258064448833465,0.0010776412673294,5.231345653533936,0.0249661337584257,1067.25,5.093356132507324
China,2006,CHN,1318054030.0,9489543138489.0,6486.1845703125,4905.25341796875,898.537353515625,103.75348663330078,462.0503845214844,23048.333984375,21612.98828125,94.09483337402344,1209.740478515625,5.266756057739258,446.7200012207031,15.588403701782228,0.2540106773376465,0.0011058670934289,9.924647331237791,0.0432081893086433,1165.2032470703125,5.07285737991333
China,2007,CHN,1325813576.0,10358206113742.0,6974.6630859375,5289.7900390625,927.354736328125,129.51507568359375,506.1771545410156,25049.576171875,23448.259765625,93.93153381347656,1349.6395263671875,5.406529426574707,500.7099914550781,15.258384704589844,0.3031915128231048,0.0012145568616688,14.572587966918944,0.0583764240145683,1290.5958251953125,5.170006275177002
China,2008,CHN,1333821011.0,10799148337884.0,7492.404296875,5729.36767578125,970.1209716796876,149.6743927001953,516.9337158203125,26020.462890625,23943.33984375,92.4309310913086,1780.234375,6.8724212646484375,665.0800170898438,19.025333404541016,0.4010553956031799,0.0015482353046536,34.56464385986328,0.1334334462881088,1680.63330078125,6.487921237945557
China,2009,CHN,1342522717.0,11572544299171.0,7881.49072265625,6028.87109375,982.3545532226562,164.40359497070312,573.5841674804688,27158.8984375,25087.55859375,92.76033020019533,1774.1500244140625,6.559854984283447,664.3900146484375,17.885717391967773,0.7322834730148315,0.0027075915131717,72.48030853271484,0.267993301153183,1615.8634033203125,5.97459602355957
China,2010,CHN,1351561505.0,12858808500983.0,8610.0478515625,6569.14794921875,1092.572265625,199.5854949951172,628.657958984375,29055.609375,26643.7734375,92.13224029541016,2080.640380859375,7.194703578948975,786.3800048828125,18.691469192504883,1.8255207538604736,0.0063125188462436,128.64483642578125,0.4448445439338684,1852.5601806640625,6.40601921081543
China,2011,CHN,1360250658.0,13691526496125.0,9520.1533203125,7309.6396484375,1123.8624267578125,245.98997497558597,696.4512329101562,31336.537109375,28885.96484375,92.57920837402344,2089.481201171875,6.6967644691467285,792.3800048828125,16.81257438659668,6.76165771484375,0.0216710399836301,191.96890258789065,0.6152582764625549,1782.4998779296875,5.712893009185791
China,2012,CHN,1369520866.0,14773157494771.0,9767.310546875,7464.978515625,1176.715576171875,277.59930419921875,702.5623168945312,32624.1796875,29585.431640625,91.1517333984375,2618.515869140625,8.067560195922852,999.5599975585938,20.04114151000977,9.264200210571287,0.0285426918417215,265.592529296875,0.8182817101478577,2223.696044921875,6.851133346557617
China,2013,CHN,1379008040.0,15925464549520.0,9942.37109375,7493.41796875,1234.6219482421875,320.12744140625,735.5303955078125,33852.56640625,30528.38671875,90.67913055419922,2852.831787109375,8.473828315734863,1093.3699951171875,20.129684448242188,21.416587829589844,0.0636141598224639,353.61669921875,1.0503554344177246,2326.3740234375,6.910079479217529
China,2014,CHN,1387951970.0,17103948867278.0,9976.02734375,7425.2314453125,1255.60888671875,370.2215576171875,757.115478515625,34729.06640625,30830.8515625,89.32818603515625,3344.307373046875,9.689675331115724,1289.22998046875,22.24939346313477,59.82737731933594,0.1733416765928268,406.5208435058594,1.177838683128357,2696.416259765625,7.812498569488525
China,2015,CHN,1396134171.0,18301224436466.0,9858.0400390625,7266.35205078125,1328.8123779296875,380.0522155761719,706.2750854492188,35135.98828125,30885.833984375,88.47950744628906,3587.62890625,10.277580261230469,1393.6600341796875,23.96836853027344,99.95081329345705,0.2863318622112274,469.8517456054688,1.345997333526611,2821.557861328125,8.082995414733887
China,2016,CHN,1404052628.0,19545709173693.0,9748.1748046875,7071.88623046875,1357.841796875,421.7264099121094,728.1124267578125,35277.7109375,30593.76953125,87.35743713378906,3891.9755859375,11.113144874572754,1522.7900390625,24.828800201416016,167.1556396484375,0.4772961437702179,605.1771240234375,1.7280224561691284,2897.656982421875,8.273968696594238
China,2017,CHN,1412354730.0,20894362082435.0,10000.013671875,7163.662109375,1430.5941162109375,486.3593444824219,740.55859375,36649.3828125,31511.13671875,86.62919616699219,4243.3447265625,11.66563892364502,1667.06005859375,25.241504669189453,294.5,0.8096279501914978,761.5,2.0934863090515137,2912.662353515625,8.007378578186035
China,2018,CHN,1419008954.0,22294284747546.0,10346.7900390625,7316.7001953125,1500.4776611328125,575.368896484375,752.743408203125,38409.8203125,32720.1484375,85.85021209716797,4659.0869140625,12.224382400512695,1835.3900146484373,25.611974716186523,440.0497131347656,1.1545902490615845,909.9501953125,2.3875019550323486,2982.305908203125,7.824891090393066
China,2019,CHN,1423520357.0,23631941251482.0,10713.5146484375,7522.57666015625,1559.7391357421875,630.17138671875,805.9479370117188,40188.72265625,33897.515625,85.04849243164062,5096.05908203125,12.785955429077148,2014.6400146484373,26.849586486816406,554.4554443359375,1.391122579574585,1003.2177734375,2.517062187194824,3149.846435546875,7.902929782867432
China,2020,CHN,1426106093.0,24151843898871.0,10896.5205078125,7679.38232421875,1523.058349609375,676.4730834960938,828.7100219726562,41493.890625,34728.390625,84.40662384033203,5511.56640625,13.395745277404783,2185.010009765625,28.088319778442383,644.6913452148438,1.5669087171554563,1151.851806640625,2.799551486968994,3263.47900390625,7.931816577911377
China,2021,CHN,1426437269.0,26180600167672.0,11284.4013671875,8004.203125,1521.109130859375,765.3323974609375,802.4849853515625,43847.1796875,36292.25,83.49581146240234,6170.00732421875,14.195034980773926,2448.800048828125,28.69375991821289,805.4187622070312,1.8529877662658687,1615.27099609375,3.716175317764282,3201.970458984375,7.366617679595947
China,2022,CHN,1425179562.0,26966016991166.0,11711.8076171875,8468.947265625,1559.7208251953125,773.2247924804688,718.77685546875,44516.4921875,36372.6484375,82.45503234863281,6712.96923828125,15.217976570129396,2670.659912109375,30.181346893310547,1049.8033447265625,2.3798532485961914,1873.8819580078125,4.247999668121338,3189.489013671875,7.230417251586914
Colombia,2000,COL,39089939.0,330615619673.0,56.21294021606445,10.032682418823242,29.328556060791016,12.48772144317627,3.0567739009857178,314.1843566894531,221.47384643554688,71.7607421875,87.15431213378906,28.239261627197266,32.2599983215332,75.35621643066406,0.0050972602330148,0.0016515862662345,0.0,0.0,85.59921264648438,27.735387802124023
Colombia,2001,COL,39709263.0,336096684249.0,56.46513366699219,10.127296447753906,28.542560577392575,13.260016441345217,2.92615294456482,316.8646850585937,222.34347534179688,71.4278793334961,88.9404067993164,28.572120666503903,31.989999771118164,74.15391540527344,0.0073722377419471,0.0023683325853198,0.0,0.0,87.3830337524414,28.071815490722656
Colombia,2002,COL,40324684.0,344517683680.0,55.41670608520508,9.06107234954834,28.722095489501957,13.245360374450684,2.829108953475952,316.93609619140625,216.2080993652344,69.56092071533203,94.6102294921875,30.439077377319336,34.130001068115234,76.33639526367188,0.0127431498840451,0.0040998710319399,0.0,0.0,93.0631103515625,29.941320419311523
Colombia,2003,COL,40937426.0,357889195415.0,57.03348922729492,10.311165809631348,29.647350311279297,12.681927680969238,3.123244047164917,322.8634033203125,216.34873962402344,68.35960388183594,100.13751983642578,31.640399932861328,36.31999969482422,78.61471557617188,0.0174523163586854,0.0055143991485238,0.0,0.0,98.57318878173828,31.146120071411133
Colombia,2004,COL,41543177.0,376728225954.0,54.32403945922852,7.075183868408203,29.524511337280277,13.347951889038086,3.327847957611084,339.5306396484375,227.4132537841797,68.31061553955078,105.49732208251952,31.689388275146484,40.209999084472656,81.51226043701172,0.0215493943542242,0.006473028101027,0.1408943086862564,0.0423219688236713,103.87550354003906,31.202224731445312
Colombia,2005,COL,42128978.0,394076061209.0,60.256473541259766,10.214605331420898,30.929588317871094,14.006611824035645,4.248907089233398,334.301513671875,220.05911254882807,67.21737670898438,107.32514190673828,32.782623291015625,39.959999084472656,80.01602172851562,0.0256216395646333,0.0078261671587824,0.1330107450485229,0.0406283289194107,105.43248748779295,32.20450973510742
Colombia,2006,COL,42691081.0,420283862175.0,62.46571350097656,9.332207679748535,33.96894454956055,14.033120155334473,4.300334930419922,385.9867248535156,261.50225830078125,69.06397247314453,117.13545989990234,30.936023712158203,42.90999984741211,80.44619750976562,0.0,0.0,0.1683994382619857,0.0444750823080539,113.79115295410156,30.052778244018555
Colombia,2007,COL,43235374.0,448731322364.0,60.66993713378906,8.031488418579102,33.01996612548828,14.033120155334473,4.741427898406982,392.2712097167969,263.7377624511719,68.53998565673828,121.05625915527344,31.46001434326172,44.59000015258789,81.38346099853516,0.0,0.0,0.1326887756586074,0.0344830639660358,117.66484832763672,30.578657150268555
Colombia,2008,COL,43758805.0,464038717488.0,66.98220825195312,10.746512413024902,33.44132614135742,17.5175838470459,4.479206085205078,408.47998046875,275.2893981933594,68.7332992553711,125.22883605957033,31.266700744628903,46.540000915527344,83.8860855102539,0.0,0.0,0.1422642916440963,0.0355200506746768,121.79651641845705,30.40972900390625
Colombia,2009,COL,44271543.0,471326580093.0,71.77096557617188,11.083600044250488,35.73865509033203,20.0970401763916,3.954828977584839,403.7822570800781,282.6675109863281,71.22908782958984,114.17530059814452,28.77091407775879,41.25,72.68722534179688,0.0,0.0,0.1514640748500824,0.0381672717630863,107.18467712402344,27.009353637695312
Colombia,2010,COL,44777325.0,489870174161.0,75.43116760253906,12.607207298278809,35.69660568237305,21.986587524414062,4.071846961975098,424.6010437011719,303.1383056640625,72.59619140625,114.4294891357422,27.403812408447266,42.470001220703125,70.5130386352539,0.0,0.0,0.100442498922348,0.0240541789680719,105.6183853149414,25.293710708618164
Colombia,2011,COL,45259614.0,521323240921.0,75.19139099121094,12.725071907043455,35.33927917480469,21.049680709838867,4.617526054382324,443.7966003417969,298.92303466796875,68.6292495727539,136.63909912109375,31.370746612548828,50.43999862670898,81.75040435791016,0.0,0.0,0.1069221347570419,0.024548077955842,125.45978546142578,28.804107666015625
Colombia,2012,COL,45715807.0,541722649583.0,78.6748275756836,10.325639724731444,38.91718292236328,22.90108108520508,4.680178165435791,471.9330749511719,329.32720947265625,70.97689056396484,134.66494750976562,29.02310943603516,49.119998931884766,77.8940658569336,0.0,0.0,0.1413781195878982,0.0304699372500181,122.63327026367188,26.430030822753903
Colombia,2013,COL,46151583.0,569534665242.0,86.44509887695312,16.264495849609375,41.50945663452149,22.33940887451172,4.66931676864624,485.0396118164063,352.0703430175781,73.73322296142578,125.42179870605467,26.26677703857422,50.880001068115234,69.21507263183594,0.0,0.0,0.1473780125379562,0.0308650135993957,113.4598159790039,23.76161003112793
Colombia,2014,COL,46565426.0,595158021031.0,92.04168701171876,16.458024978637695,45.21560287475586,23.90663719177246,4.834438800811768,510.58587646484375,375.7733459472656,74.69232177734375,127.3216552734375,25.307676315307617,48.68000030517578,69.0888442993164,0.0,0.0,0.1787030398845672,0.0355207361280918,113.84722900390624,22.629369735717773
Colombia,2015,COL,46969938.0,612750891790.0,91.0265884399414,17.601856231689453,42.89078521728516,24.40590476989746,4.585282802581787,504.4018249511719,370.0877380371094,74.45535278320312,126.97218322753906,25.54464340209961,49.38999938964844,63.34487533569336,0.0,0.0,0.1731074601411819,0.0348262786865234,113.11874389648438,22.757568359375
Colombia,2016,COL,47437513.0,625545111723.0,91.5828857421875,17.99390411376953,45.45924758911133,22.89633560180664,4.124042987823486,548.828857421875,409.1920776367188,75.63749694824219,131.7989501953125,24.36250305175781,49.97999954223633,65.61638641357422,0.0,0.0,0.1278576403856277,0.0236339662224054,117.55760192871094,21.73004531860352
Colombia,2017,COL,48131076.0,634046295892.0,83.45881652832031,12.655455589294434,42.87246322631836,22.782751083374023,4.114595890045166,555.2252807617188,388.71044921875,71.2127685546875,157.13331604003906,28.787233352661133,62.06999969482422,79.10028839111328,0.0124999992549419,0.0022900325711816,0.007678547874093,0.0014067300362512,143.31932067871094,26.25647354125977
Colombia,2018,COL,49024463.0,650303209362.0,90.81068420410156,11.219167709350586,50.69510269165039,23.530208587646484,4.321191787719727,571.2804565429688,405.2777099609375,72.09178924560547,156.89129638671875,27.9082088470459,59.70000076293945,76.33295440673828,0.0298507455736398,0.0053099235519766,0.1080596968531608,0.0192219242453575,140.92347717285156,25.067813873291016
Colombia,2019,COL,49907987.0,671028388046.0,98.9619140625,23.79035186767578,45.58015823364258,24.22270393371582,4.365249156951904,573.7360229492188,413.7098693847656,73.24624633789062,151.11070251464844,26.75375366210937,54.7400016784668,69.4846420288086,0.3268812000751495,0.0578734576702117,0.1567326784133911,0.0277491100132465,134.7450408935547,23.85625648498535
Colombia,2020,COL,50629997.0,622365414246.0,92.3051528930664,20.342527389526367,43.22420883178711,23.951568603515625,4.053812026977539,517.8126831054688,371.5985107421875,72.88934326171875,138.2133331298828,27.11065673828125,50.790000915527344,65.32476043701172,0.4711110889911651,0.0924088209867477,0.0249876528978347,0.0049013481475412,123.05518341064452,24.13737297058105
Colombia,2021,COL,51188174.0,690925195330.0,103.73352813720705,19.74163246154785,56.8213119506836,21.760496139526367,4.794321060180664,565.8150634765625,391.2953796386719,70.33419799804688,165.0419158935547,29.665802001953125,63.33000183105469,75.07112884521484,0.7955911755561829,0.1430051773786544,0.1489408910274505,0.0267716888338327,149.00608825683594,26.78340721130371
Colombia,2022,COL,51737944.0,742716953392.0,89.43694305419922,17.894243240356445,44.4669189453125,21.54032516479492,5.07728385925293,627.2268676757812,442.1228332519531,71.61609649658203,175.22837829589844,28.38390350341797,61.61000061035156,74.35433197021484,1.2348648309707642,0.2000263035297393,0.183980330824852,0.0298015661537647,158.0768585205078,25.605661392211918
Croatia,2000,HRV,4326105.0,57398794775.0,19.652681350708008,1.7950149774551392,11.15129566192627,4.562353134155273,1.2570070028305054,96.54981231689452,77.46546936035156,81.20639038085938,17.927845001220703,18.793607711791992,6.449999809265137,57.53791046142578,0.0,0.0,0.0,0.0,17.924720764160156,18.790332794189453
Croatia,2001,HRV,4301079.0,57633269426.0,20.77593421936035,1.906698942184448,11.605209350585938,4.850615978240967,1.4432770013809204,101.51594543457033,80.42145538330078,80.21544647216797,19.835359573364254,19.78454971313477,7.179999828338623,56.313724517822266,0.0,0.0,0.0,0.0,19.835359573364254,19.78454971313477
Croatia,2002,HRV,4305783.0,61317061359.0,21.91551971435547,2.317912101745605,12.146628379821776,5.025431156158447,1.423550009727478,101.62210845947266,84.5428466796875,84.06027221679688,16.031232833862305,15.939726829528809,5.849999904632568,46.09929275512695,0.0,0.0,0.0,0.0,16.031232833862305,15.939726829528809
Croatia,2003,HRV,4306683.0,65731224853.0,23.22618865966797,2.5996789932250977,13.340044975280762,4.9047369956970215,1.4269390106201172,106.3196029663086,90.49130249023438,85.88552856445312,14.87138843536377,14.114472389221191,5.460000038146973,41.48936080932617,0.0,0.0,0.0,0.0,14.87138843536377,14.114472389221191
Croatia,2004,HRV,4310050.0,69483828958.0,22.852689743041992,2.7701048851013184,12.300286293029783,5.2558770179748535,1.5099899768829346,110.54106903076172,88.54532623291016,81.06204986572266,20.68621253967285,18.93794822692871,7.630000114440918,55.01081466674805,0.0,0.0,0.0054200547747313,0.0049619870260357,20.668292999267575,18.92154312133789
Croatia,2005,HRV,4313946.0,73522772944.0,23.295551300048828,2.747406005859375,12.850848197937012,5.116001129150391,1.5419420003890991,109.284912109375,89.0660400390625,82.43092346191406,18.983264923095703,17.569076538085938,7.059999942779541,54.09961700439453,0.0,0.0,0.0268817190080881,0.0248791240155696,18.912633895874023,17.503707885742188
Croatia,2006,HRV,4315802.0,78256427771.0,23.496198654174805,2.5546460151672363,13.15903091430664,5.059593200683594,1.635071039199829,107.9498062133789,89.03258514404297,83.35582733154297,17.77768898010254,16.644176483154297,6.650000095367432,51.51045989990234,0.0,0.0,0.0508021339774131,0.0475629642605781,17.69251251220703,16.564430236816406
Croatia,2007,HRV,4315959.0,83591431787.0,24.801759719848636,2.7769548892974854,13.442388534545898,5.870851039886475,1.6615190505981443,108.45484924316406,95.01378631591795,88.25460815429688,12.644944190979004,11.74539566040039,4.739999771118164,37.79904174804688,0.0,0.0,0.0928191468119621,0.0862160921096801,12.499468803405762,11.610269546508787
Croatia,2008,HRV,4314635.0,86620961215.0,23.515655517578125,2.848921060562134,12.447062492370604,5.693070888519287,1.567790985107422,107.8644790649414,91.4018096923828,85.5303726196289,15.462930679321287,14.46962833404541,5.840000152587891,45.69640350341797,0.0,0.0,0.1052770465612411,0.0985142961144447,15.250659942626951,14.27099323272705
Croatia,2009,HRV,4310537.0,81451695571.0,21.752317428588867,2.029059886932373,12.425699234008787,5.256202220916748,1.2469799518585205,106.4887924194336,85.49280548095703,81.24111938476562,19.74060821533203,18.758878707885746,7.480000019073486,56.02996063232422,0.0002388451393926,0.0002269670221721,0.1422572135925293,0.1351825594902038,19.44462203979492,18.47761344909668
Croatia,2010,HRV,4301150.0,81303793822.0,20.97813415527344,2.73819899559021,10.56075668334961,5.712433815002441,1.210216045379639,108.26422882080078,82.44185638427734,77.28407287597656,24.2319450378418,22.71592903137207,9.300000190734863,62.88032531738281,0.000312499993015,0.0002929491456598,0.3622395694255829,0.3395768702030182,23.766151428222656,22.27927589416504
Croatia,2011,HRV,4280827.0,82302805353.0,20.61465835571289,2.794497013092041,10.420002937316896,5.564328193664551,1.081905961036682,94.44828033447266,79.79888916015625,85.28658294677734,13.766695022583008,14.713418006896973,5.28000020980835,47.01692199707031,0.0003549222601577,0.0003793299547396,0.5207253694534302,0.5565351843833923,13.03597640991211,13.932448387145996
Croatia,2012,HRV,4259233.0,80383800465.0,19.050020217895508,2.4837749004364014,9.71045970916748,5.194847106933594,1.0347169637680054,87.5947036743164,72.79537200927734,83.92591857910156,13.942277908325195,16.074077606201172,5.260000228881836,49.763484954833984,0.0061958758160471,0.0071432366967201,0.8472834825515747,0.9768347144126892,12.46623706817627,14.372347831726074
Croatia,2013,HRV,4242403.0,80064089923.0,18.401342391967773,2.677987098693848,9.073261260986328,4.911808013916016,1.1410269737243652,96.07299041748048,70.36751556396484,74.44055938720703,24.16094970703125,25.559444427490234,9.279999732971191,66.5710220336914,0.0288567766547203,0.0305270757526159,1.3229846954345703,1.3995622396469116,22.05038452148437,23.32671356201172
Croatia,2014,HRV,4219485.0,79720242860.0,17.649938583374023,2.569636106491089,8.959916114807129,4.305072784423828,1.22508704662323,96.00875091552734,68.66935729980469,72.75094604492188,25.72028350830078,27.24905204772949,9.9399995803833,74.01339721679688,0.0895012766122818,0.0948210731148719,1.8574299812316892,1.967832326889038,22.91633415222168,24.278440475463867
Croatia,2015,HRV,4183732.0,81731110395.0,17.79389190673828,2.3762741088867188,9.388605117797852,4.460982799530029,1.1692349910736084,91.01988220214844,70.3839111328125,78.34939575195312,19.4494686126709,21.650604248046875,7.519999980926514,66.90391540527344,0.1449721455574035,0.1613789349794387,2.0159366130828857,2.244084119796753,16.17882537841797,18.009815216064453
Croatia,2016,HRV,4136438.0,84640158587.0,18.07927703857422,2.561224937438965,9.339666366577148,4.729109764099121,1.0765080451965332,94.7305679321289,72.1076431274414,77.2055435180664,21.28933334350586,22.794458389282227,8.359999656677246,66.34920501708984,0.1646758764982223,0.1763182133436203,2.5483617782592773,2.728527069091797,17.21632957458496,18.43349838256836
Croatia,2017,HRV,4079198.0,87528490789.0,18.71312522888184,1.5512629747390747,9.981581687927246,5.432158946990967,1.2872509956359863,94.78340911865234,75.56106567382812,80.65425109863281,18.12409400939941,19.345746994018555,7.119999885559082,60.492774963378906,0.1967500001192093,0.2100119143724441,3.009999990463257,3.212888717651367,13.268500328063965,14.162861824035645
Croatia,2018,HRV,4024868.0,89979865983.0,17.69451141357422,1.4485750198364258,9.55587100982666,5.042393207550049,1.210718035697937,98.16043853759766,71.60204315185547,74.064208984375,25.07359313964844,25.935794830322266,9.779999732971191,72.33727264404297,0.1863184124231338,0.1927253007888794,3.321890354156494,3.436119556427002,19.15646743774414,19.8151969909668
Croatia,2019,HRV,3986338.0,93057982684.0,17.82042121887207,1.6775319576263428,9.286384582519531,5.24255895614624,1.1841109991073608,95.81319427490234,72.60490417480469,76.73046875,22.018400192260746,23.269533157348636,8.350000381469727,66.0079116821289,0.2056930512189865,0.2173809707164764,3.6319305896759033,3.8383047580718994,14.421038627624512,15.240472793579102
Croatia,2020,HRV,3953956.0,85073361985.0,16.870105743408203,1.423841953277588,8.270904541015625,5.520942211151123,1.21294903755188,91.3784637451172,67.61569213867188,74.96686553955078,22.578413009643555,25.03313446044922,8.550000190734863,64.6258544921875,0.2358024716377258,0.2614389061927795,4.2486419677734375,4.710554122924805,13.981233596801758,15.501272201538086
Croatia,2021,HRV,3924607.0,96194363488.0,17.402971267700195,1.65242600440979,8.724970817565918,5.350697994232178,1.204846978187561,98.31208038330078,69.07713317871094,71.31745910644531,27.78152656555176,28.68254280090332,10.529999732971191,69.68894958496094,0.3667487800121307,0.3786432445049286,5.078325271606445,5.2430267333984375,17.555912017822266,18.125288009643555
Croatia,2022,HRV,3907031.0,102284645672.0,17.585163116455078,1.6133650541305542,9.469393730163574,4.884975910186768,1.0990790128707886,93.16732025146484,68.9314193725586,74.94718170166016,23.041912078857425,25.052818298339844,8.949999809265137,63.47517395019531,0.3732186555862427,0.4057900905609131,5.252579689025879,5.710981369018555,13.414496421813965,14.58520221710205
Cyprus,2000,CYP,947667.0,18447964503.0,7.106901168823242,0.1170649975538253,6.185417175292969,0.0016720000421628,0.7627080082893372,30.261104583740234,30.261104583740234,100.0,0.0,0.0,0.0,0.0,0.0,0.0,0.0,0.0,0.0,0.0
Cyprus,2001,CYP,964129.0,19289559263.0,6.979659080505371,0.1266209930181503,6.066192150115967,0.0001659999979892,0.7450439929962158,30.60965347290039,30.60965156555176,100.0,0.0,0.0,0.0,0.0,0.0,0.0,0.0,0.0,0.0,0.0
Cyprus,2002,CYP,981443.0,20131146271.0,7.171936988830566,0.1266209930181503,6.225896835327148,0.0004189999890513,0.7659850120544434,30.185935974121094,30.185935974121094,100.0,0.0,0.0,0.0,0.0,0.0,0.0,0.0,0.0,0.0,0.0
Cyprus,2003,CYP,999600.0,20821863547.0,7.560773849487305,0.1266209930181503,6.6119561195373535,0.0007309999782592,0.7509840130805969,32.08830261230469,32.08829879760742,100.0,0.0,0.0,0.0,0.0,0.0,0.0,0.0,0.0,0.0,0.0
Cyprus,2004,CYP,1017875.0,21975893073.0,7.787101745605469,0.1373790055513382,6.763828754425049,0.0009469999931752,0.8076919913291931,31.22836303710937,31.22618865966797,99.99344635009766,0.0020460705272853,0.0065519888885319,0.0,0.0,0.0010840108152478,0.0034712522756308,0.0009620596538297,0.003080736612901,0.0,0.0
Cyprus,2005,CYP,1036156.0,23006188640.0,7.951671123504639,0.1523219943046569,6.937909126281738,0.0009669999708421,0.788178026676178,34.9927864074707,34.99014663696289,99.99292755126952,0.0024758062791079,0.0070752236060798,0.0,0.0,0.0015215052990242,0.0043480745516717,0.0009543010382913,0.002727149054408,0.0,0.0
Cyprus,2006,CYP,1054424.0,24267407225.0,8.183131217956543,0.1506679952144622,7.12892484664917,0.0011660000309348,0.8210009932518005,34.41193389892578,34.40757751464844,99.98804473876952,0.0041127172298729,0.0119515107944607,0.0,0.0,0.0026791442651301,0.0077855642884969,0.000949197798036,0.002758358605206,0.0,0.0
Cyprus,2007,CYP,1072727.0,25673703212.0,8.475067138671875,0.1185309961438179,7.457109928131103,0.0011060000397264,0.8124129772186279,34.986602783203125,34.965965270996094,99.9422836303711,0.0201918240636587,0.0577137507498264,0.0,0.0,0.0046090427786111,0.0131739042699337,0.0009468085481785,0.0027062376029789,0.0,0.0
Cyprus,2008,CYP,1091029.0,26913613219.0,8.691636085510254,0.1106399968266487,7.679454803466797,0.0005370000144466,0.8182010054588318,35.85528945922852,35.64310836791992,99.41204833984376,0.2108029425144195,0.5879496335983276,0.0099999997764825,0.1972386538982391,0.0079155676066875,0.0220772791653871,0.0009393139625899,0.0026198369450867,0.0,0.0
Cyprus,2009,CYP,1109377.0,26682210733.0,8.43798828125,0.0588399991393089,7.651271820068359,0.0011389999417588,0.673105001449585,35.003562927246094,34.730491638183594,99.22708892822266,0.2705258429050445,0.7729085087776184,0.0299999993294477,0.575815737247467,0.0104986876249313,0.0299953781068325,0.0009343831916339,0.0026695886626839,0.0,0.0
Cyprus,2010,CYP,1127826.0,27285556934.0,8.071821212768555,0.0708070024847984,7.410295009613037,0.0007379999733529,0.5550509691238403,34.056034088134766,33.67438888549805,98.90511322021484,0.3727777898311615,1.094886302947998,0.0799999982118606,1.500938057899475,0.0182291679084301,0.0535409227013587,0.0807291641831398,0.2371097803115844,0.0,0.0
Cyprus,2011,CYP,1146493.0,27627899267.0,7.792363166809082,0.0305749997496604,7.189052104949951,0.0009089999948628,0.5460439920425415,33.72514343261719,33.02655792236328,98.00025177001952,0.6739248633384705,1.999748468399048,0.1700000017881393,3.455284595489502,0.0310880821198225,0.0922481790184974,0.2953367829322815,0.8763577342033386,0.0,0.0
Cyprus,2012,CYP,1165403.0,26675451028.0,7.2616682052612305,0.0012019999558106,6.732274055480957,0.0005489999894052,0.504535973072052,31.60496711730957,30.69277572631836,97.22894287109376,0.8747551441192627,2.77105975151062,0.2599999904632568,5.508474826812744,0.0567010305821895,0.1796181946992874,0.476804107427597,1.510425686836243,0.0,0.0
Cyprus,2013,CYP,1183899.0,24918237857.0,6.578170776367188,0.0012019999558106,5.810995101928711,0.0007900000200606,0.7522929906845093,28.278453826904297,27.189645767211918,96.3198699951172,1.0388447046279907,3.68012809753418,0.3300000131130218,7.692307949066162,0.1202045977115631,0.4258272051811218,0.5907928347587585,2.0928955078125,0.0,0.0
Cyprus,2014,CYP,1201806.0,24475580582.0,6.929789066314697,0.0091479998081922,5.934441089630127,0.0004069999849889,0.9737619757652284,28.294397354125977,27.29545021057129,96.6313934326172,0.951529622077942,3.3686065673828125,0.3100000023841858,7.142857074737549,0.2127226442098617,0.7530810236930847,0.4679389297962188,1.6565980911254885,0.0,0.0
Cyprus,2015,CYP,1219504.0,25312505108.0,6.952476978302002,0.0146869998425245,6.049266815185547,0.0003980000037699,0.8771269917488098,29.18447494506836,27.96932029724121,96.03263854980467,1.155487060546875,3.967363595962525,0.4000000059604645,8.810572624206543,0.3206557035446167,1.1009711027145386,0.5616632699966431,1.9284703731536863,0.0,0.0
Cyprus,2016,CYP,1237114.0,26976335005.0,7.349925994873047,0.0019509999547153,6.451165199279785,0.0003940000024158,0.8832470178604126,31.7369384765625,30.47053337097168,96.20606994628906,1.2016197443008425,3.793931484222412,0.4300000071525574,8.793456077575684,0.366675853729248,1.1577231884002686,0.569600522518158,1.7984269857406616,0.0,0.0
Cyprus,2017,CYP,1254274.0,28523085691.0,7.469282150268555,0.0116940001025795,6.518257141113281,0.0004180000105407,0.9228770136833192,32.59568405151367,31.31027030944824,96.2493896484375,1.2200881242752075,3.7506139278411865,0.4300000071525574,8.600000381469727,0.4300500154495239,1.321995973587036,0.528624951839447,1.6250203847885132,0.0,0.0
Cyprus,2018,CYP,1270743.0,30134014224.0,7.324203014373779,0.0538499988615512,6.401893138885498,0.0002229999954579,0.8481640219688416,32.46214294433594,31.10297393798828,96.01622772216795,1.2904812097549438,3.983771324157715,0.4799999892711639,9.486166000366213,0.4771890342235565,1.473103165626526,0.5487810373306274,1.694110870361328,0.0,0.0
Cyprus,2019,CYP,1286669.0,31800247242.0,7.324481964111328,0.0680510029196739,6.441816806793213,0.0002260000037495,0.7892119884490967,32.493499755859375,30.979516983032227,95.56805419921876,1.436667799949646,4.431946277618408,0.5199999809265137,10.097086906433104,0.5402648448944092,1.6666516065597534,0.5905073881149292,1.8216437101364136,0.0,0.0
Cyprus,2020,CYP,1302250.0,30409793367.0,6.903172969818115,0.0559469982981681,5.9448561668396,0.0002200000017182,0.8823170065879822,28.28131484985352,26.392038345336918,93.6120147705078,1.8009649515151978,6.387985229492188,0.6000000238418579,12.371134757995604,0.7298963069915771,2.5889270305633545,0.5936000347137451,2.105487108230591,0.0,0.0
Cyprus,2021,CYP,1317311.0,32428676744.0,6.95078182220459,0.1589960008859634,5.894499778747559,0.0002990000066347,0.878807008266449,29.841983795166016,27.531959533691406,92.6124496459961,2.1961822509765625,7.387552738189697,0.7799999713897705,15.234375,1.153541922569275,3.880302667617798,0.6070886850357056,2.042134523391724,0.0,0.0
Cyprus,2022,CYP,1331376.0,34255009922.0,7.070777893066406,0.1226669996976852,6.047452926635742,0.0002709999971557,0.8796049952507019,31.674427032470703,29.0968074798584,92.23462677001952,2.449704885482788,7.765375137329102,0.8799999952316284,16.730037689208984,1.4787689447402954,4.687582969665527,0.5510221123695374,1.7466974258422852,0.0,0.0
Czechia,2000,CZE,10236809.0,174309526192.0,127.23348999023438,86.83624267578125,18.13909721374512,18.13441276550293,1.936861038208008,474.5037536621094,428.372802734375,90.4997100830078,7.218806266784668,1.5250732898712158,2.2799999713897705,3.127571821212769,0.0,0.0,0.0,0.0,4.883333206176758,1.031672120094299
Czechia,2001,CZE,10231942.0,181753179328.0,127.16520690917967,84.79800415039062,19.235626220703125,19.29996490478516,1.6288360357284546,485.27197265625,435.4642028808594,89.9643325805664,7.832820415496826,1.6182143688201904,2.569999933242798,3.4626784324646,0.0,0.0,0.0005524861626327,0.0001141403772635,5.674033164978027,1.1722216606140137
Czechia,2002,CZE,10239474.0,187044887124.0,123.98812103271484,82.67343139648438,19.17656707763672,18.538867950439453,1.403478980064392,486.7565612792969,424.6539306640625,87.53409576416016,9.138286590576172,1.8836787939071653,2.990000009536743,3.934210538864136,0.0,0.0,0.0043835612013936,0.0009035853436216,6.827397346496582,1.407334327697754
Czechia,2003,CZE,10248907.0,196328003846.0,127.5916748046875,83.96821594238281,20.92406272888184,18.973730087280277,1.484851956367493,514.5501708984375,436.25787353515625,85.07874298095703,6.01600980758667,1.1732385158538818,1.870000004768372,2.2587268352508545,0.0,0.0,0.0106267025694251,0.0020724132191389,3.768392324447632,0.7349095940589905
Czechia,2004,CZE,10261453.0,208725903761.0,128.31365966796875,83.40802001953125,21.915752410888672,19.119760513305664,1.626763939857483,527.8245239257812,446.5466003417969,84.89876556396484,8.088103294372559,1.5377342700958252,2.740000009536743,3.2700798511505127,0.0002710027038119,5.152383891982026e-05,0.0268292687833309,0.0051008602604269,5.4720869064331055,1.0403693914413452
Czechia,2005,CZE,10280155.0,225302570264.0,125.71345520019533,80.6044921875,22.518211364746094,18.759178161621094,1.624534010887146,519.6319580078125,442.4450073242188,85.46532440185547,8.772453308105469,1.6945395469665527,3.130000114440918,3.820334672927856,0.0001827957021305,3.530990943545476e-05,0.0572042986750602,0.0110499244183301,6.397607326507568,1.23580002784729
Czechia,2006,CZE,10304592.0,243991794814.0,126.53256225585938,81.88459014892578,22.235929489135746,18.415319442749023,1.748455047607422,529.4553833007812,447.7984313964844,84.89517211914062,10.030702590942385,1.901655316352844,3.5199999809265137,4.20750617980957,0.0004545454285107,8.617429557489231e-05,0.1320187151432037,0.0250285640358924,6.818983554840088,1.2927664518356323
Czechia,2007,CZE,10337539.0,260673045889.0,128.36363220214844,83.62775421142578,22.97625732421875,17.459442138671875,2.043081045150757,523.7052612304688,442.39251708984375,84.7747802734375,9.845329284667969,1.8866404294967647,3.4200000762939453,3.89654803276062,0.0046648937277495,0.0008939241524785,0.3327074646949768,0.0637560561299324,5.556939125061035,1.064864993095398
Czechia,2008,CZE,10378298.0,271709547503.0,122.92772674560548,78.65959167480469,22.807960510253903,17.297588348388672,1.996148943901062,513.6187744140625,429.709716796875,83.99493408203125,11.82491683959961,2.3114047050476074,3.7200000286102295,4.466858863830566,0.0341345630586147,0.0066722491756081,0.6455435156822205,0.1261837482452392,5.34125280380249,1.0440493822097778
Czechia,2009,CZE,10420985.0,261919697582.0,114.97207641601562,73.28673553466797,21.89033508300781,16.315277099609375,1.5660749673843384,492.81097412109375,403.88861083984375,82.30644989013672,15.413036346435549,3.14094614982605,4.659999847412109,5.707986354827881,0.2330892384052276,0.0475000962615013,0.7560814023017883,0.1540780663490295,6.376920700073242,1.2995209693908691
Czechia,2010,CZE,10464035.0,271231988282.0,117.4640884399414,74.55384826660156,21.019535064697266,18.398412704467773,1.468999981880188,513.6489868164062,419.1033325195313,81.98363494873047,19.214380264282227,3.758654832839966,5.909999847412109,6.934991359710693,1.6033905744552612,0.3136500716209411,0.8736796975135803,0.1709063947200775,7.264255046844482,1.4210100173950195
Czechia,2011,CZE,10495508.0,279082754736.0,115.17813873291016,73.74932098388672,20.802188873291016,16.824750900268555,1.6645309925079346,501.9757385253906,402.4612121582031,80.58369445800781,23.70035171508789,4.745455741882324,7.239999771118164,8.356416702270508,5.652896404266357,1.1318638324737549,1.0285052061080933,0.2059347629547119,5.085533618927002,1.0182623863220217
Czechia,2012,CZE,10507339.0,276891945353.0,111.2755355834961,70.76789093017578,20.305158615112305,16.624000549316406,1.5171500444412231,499.4383239746094,392.8215637207031,79.06929016113281,25.83000373840332,5.1992058753967285,8.069999694824219,9.3208589553833,5.53769063949585,1.114656925201416,1.0716933012008667,0.2157163470983505,5.487481594085693,1.10455060005188
Czechia,2013,CZE,10511164.0,276764861619.0,106.71009063720705,66.86994934082031,19.66004180908203,16.8261661529541,1.3317879438400269,490.2210388183594,379.3299865722656,77.84456634521484,29.329050064086918,6.018789291381836,9.300000190734863,10.825282096862791,5.198603630065918,1.0668364763259888,1.2289488315582275,0.2521999180316925,6.993624210357666,1.4352033138275146
Czechia,2014,CZE,10517223.0,283025537919.0,104.2325668334961,64.90525817871094,20.70168876647949,15.112626075744627,1.48272705078125,479.9368896484375,370.3104248046875,77.59912872314453,29.736543655395508,6.231339454650879,9.170000076293944,10.79077434539795,5.413072109222412,1.1343177556991575,1.2125815153121948,0.2540983557701111,4.859446048736572,1.0183045864105225
Czechia,2015,CZE,10524418.0,298276052489.0,104.9897003173828,64.32167053222656,21.21052360534668,15.908674240112305,1.5581640005111694,470.7161254882813,370.1322021484375,79.04811096191406,30.152915954589844,6.4396748542785645,9.40999984741211,11.407443046569824,5.739959239959717,1.2258672714233398,1.449649453163147,0.3095976114273071,4.545283317565918,0.970723569393158
Czechia,2016,CZE,10531946.0,305844147713.0,106.63642120361328,64.7279052734375,21.239782333374023,17.00844955444336,1.6975990533828735,464.3742980957031,371.3381042480469,80.38758850097656,30.033159255981445,6.501603603363037,9.390000343322754,11.45121955871582,5.362354278564453,1.1608469486236572,1.2486441135406494,0.2703075408935547,5.028866767883301,1.088653326034546
Czechia,2017,CZE,10541343.0,321652381589.0,107.73553466796876,64.30679321289062,22.01133918762207,17.71310806274414,1.7282660007476809,490.5819091796875,386.3216247558594,79.16857147216797,30.80289077758789,6.312410831451416,9.630000114440918,11.229010581970217,5.492270469665527,1.1255264282226562,1.4775958061218262,0.3028025031089782,4.673834800720215,0.9578050971031188
Czechia,2018,CZE,10548934.0,332009886797.0,106.32205200195312,63.573219299316406,22.221134185791016,16.641040802001953,1.8675429821014404,489.0242614746094,381.9547119140625,78.52012634277344,30.055967330932617,6.178738594055176,9.43000030517578,10.859051704406738,5.824858665466309,1.1974420547485352,1.5157455205917358,0.311598539352417,4.048552989959717,0.8322789669036865
Czechia,2019,CZE,10554872.0,342069373423.0,100.99749755859376,57.4682846069336,22.34074211120605,17.360811233520508,1.9772369861602783,477.9049377441406,368.2161254882813,77.49898529052734,32.04083251953125,6.743680477142334,10.0600004196167,11.735884666442873,5.662755489349365,1.1918483972549438,1.732757329940796,0.3646959364414215,4.971966743469238,1.046457052230835
Czechia,2020,CZE,10550129.0,323245433506.0,91.66145324707033,49.72666549682617,20.9625186920166,17.430757522583008,1.891029000282288,442.5675964355469,332.54345703125,75.59774780273438,33.1610107421875,7.538556575775146,10.34000015258789,12.90886402130127,5.524120330810547,1.25580894947052,1.7261321544647217,0.3924049437046051,5.294456958770752,1.2035990953445437
Czechia,2021,CZE,10530683.0,334729441747.0,96.62940979003906,51.40605163574219,22.43700790405273,19.044553756713867,1.9578750133514404,466.4059753417969,354.3458557128906,76.404052734375,33.740455627441406,7.275116920471191,10.640000343322754,12.718144416809082,5.30103063583374,1.1430082321166992,1.4816603660583496,0.3194755911827087,5.936538219451904,1.2800363302230835
Czechia,2022,CZE,10673216.0,342966849621.0,95.0396728515625,52.90911483764648,22.76491355895996,15.805301666259766,1.8469669818878172,448.7379150390625,336.53289794921875,75.42203521728516,33.446144104003906,7.495779514312744,10.770000457763672,12.862772941589355,6.1157708168029785,1.3706353902816772,1.5758243799209597,0.353165715932846,5.162566661834717,1.157008171081543
Denmark,2000,DNK,5339659.0,208333676429.0,54.30657577514648,15.657394409179688,25.36592483520508,10.640029907226562,1.385259985923767,236.51939392089844,219.73675537109372,93.24061584472656,15.929600715637209,6.7593865394592285,5.570000171661377,15.53696060180664,0.0033333334140479,0.0014144290471449,11.781110763549805,4.999063491821289,0.0838888883590698,0.0355964638292789
Denmark,2001,DNK,5358825.0,211243390442.0,55.89674758911133,16.557830810546875,25.60822105407715,11.10458278656006,1.3878519535064695,237.2165069580078,219.6565093994141,92.93508911132812,16.69826316833496,7.064914226531982,5.849999904632568,15.58337688446045,0.0033149174414575,0.0014025176642462,11.895081520080566,5.032723426818848,0.076243095099926,0.0322579033672809
Denmark,2002,DNK,5375967.0,213517288371.0,55.55438232421875,16.53738784790039,25.31964111328125,11.096415519714355,1.4162999391555786,236.7554626464844,216.4253845214844,91.80301666259766,19.32436180114746,8.196981430053711,6.789999961853027,17.36573028564453,0.0035083710681647,0.0014881759416311,13.361475944519045,5.667652606964111,0.0871232897043228,0.0369558371603488
Denmark,2003,DNK,5390621.0,215549132167.0,60.64544677734375,22.57327651977539,24.39445304870605,11.214445114135742,1.3299109935760498,255.2325592041016,231.08041381835935,90.94573211669922,23.0056266784668,9.054265975952148,8.069999694824219,17.5549259185791,0.0041401754133403,0.0016294383676722,15.151997566223145,5.9633331298828125,0.0577656626701355,0.022734684869647
Denmark,2004,DNK,5404594.0,222528951750.0,55.100006103515625,17.281042098999023,24.07230567932129,11.153822898864746,1.45892596244812,241.65174865722656,213.30813598632807,88.75950622558594,27.013317108154297,11.240493774414062,9.529999732971191,23.68290138244629,0.0049834386445581,0.0020736553706228,17.840410232543945,7.423561096191406,0.0718157216906547,0.0298831928521394
Denmark,2005,DNK,5419550.0,229074701412.0,51.5349235534668,14.60161304473877,23.885671615600582,10.69006061553955,1.3633769750595093,233.61685180664065,204.47476196289065,88.0445327758789,27.7653923034668,11.95546531677246,9.800000190734863,27.16186141967773,0.0058094384148716,0.0025014788843691,17.779569625854492,7.655683040618896,0.0604838728904724,0.0260436758399009
Denmark,2006,DNK,5437425.0,239411013967.0,59.50024032592773,22.00560569763184,24.23082733154297,10.882100105285645,1.3954659700393677,255.4813690185547,228.18392944335935,89.75757598876953,26.03854751586914,10.242424964904783,9.1899995803833,20.22447204589844,0.0059194886125624,0.0023284677881747,16.331438064575195,6.424073219299316,0.062566839158535,0.0246110577136278
Denmark,2007,DNK,5461604.0,242913735233.0,54.7093505859375,18.421878814697266,24.168893814086918,9.738139152526855,1.4070860147476196,243.4010467529297,213.05755615234372,88.04682159423828,28.9245548248291,11.95317840576172,10.300000190734863,26.3157901763916,0.0066341608762741,0.0027415913064032,19.07234001159668,7.881714820861816,0.0750000029802322,0.0309940259903669
Denmark,2008,DNK,5493762.0,243090598807.0,51.25632858276367,16.13372230529785,23.31671905517578,9.826282501220703,1.154749035835266,234.87210083007807,205.2290802001953,87.9046630859375,28.238719940185547,12.095337867736816,10.100000381469728,27.68640518188477,0.0069187921471893,0.0029634886886924,18.27915573120117,7.82941198348999,0.0680738762021064,0.0291577149182558
Denmark,2009,DNK,5523169.0,232507363099.0,48.85141754150391,15.78447723388672,22.29551887512207,9.411799430847168,0.7644069790840149,220.8069305419922,191.265380859375,87.15642547607422,28.1853084564209,12.843572616577148,10.06999969482422,27.77931022644043,0.0098425187170505,0.0044850707054138,17.63910675048828,8.037845611572266,0.0496062971651554,0.0226047579199075
Denmark,2010,DNK,5547865.0,238190225279.0,49.18969345092773,15.351008415222168,21.94579124450684,10.554855346679688,0.6722239851951599,235.9766540527344,199.24012756347656,85.0273666381836,35.084571838378906,14.972631454467772,12.43000030517578,32.07741928100586,0.0160445589572191,0.0068471482954919,20.3370361328125,8.678997993469238,0.053754337131977,0.0229401066899299
Denmark,2011,DNK,5570848.0,242757622888.0,44.23686218261719,12.914961814880373,20.915117263793945,8.971734046936035,0.8618050217628479,220.97463989257807,178.45770263671875,81.47512817382812,40.57565307617188,18.524873733520508,14.170000076293944,40.35887145996094,0.0391983278095722,0.0178960543125867,25.321718215942383,11.560667037963867,0.0437032245099544,0.0199527703225612
Denmark,2012,DNK,5591911.0,243307499552.0,39.86125946044922,10.07815933227539,19.952407836914062,8.404001235961914,0.8710830211639404,205.2434844970703,160.08352661132812,78.7680435180664,43.15058517456055,21.23196029663086,14.84000015258789,48.54432678222656,0.2676832675933838,0.1317117810249328,26.46891212463379,13.023853302001951,0.0450386591255664,0.0221609752625226
Denmark,2013,DNK,5615333.0,245578374484.0,41.76300811767578,12.754865646362305,19.57428932189941,7.929382801055908,0.8670629858970642,211.7023468017578,163.67648315429688,78.14360046386719,45.779544830322266,21.85639953613281,15.960000038146973,46.11383819580078,1.3236359357833862,0.6319397687911987,28.448272705078125,13.581978797912598,0.0343208312988281,0.0163856968283653
Denmark,2014,DNK,5643795.0,249555233739.0,37.57138442993164,10.14330768585205,19.084705352783203,6.809818744659424,0.8873019814491272,203.56350708007807,150.1525421142578,74.6947250366211,50.86906051635742,25.30527114868164,17.989999771118164,56.148563385009766,1.5153095722198486,0.7538043260574341,33.27863311767578,16.55475425720215,0.038429457694292,0.0191170796751976
Denmark,2015,DNK,5683698.0,255401297489.0,35.110572814941406,7.242452144622803,19.471120834350582,6.904703140258789,0.9315019845962524,198.9745941162109,143.25897216796875,72.97520446777344,53.052879333496094,27.024797439575195,18.93000030517578,65.77484130859375,1.5297749042510986,0.7792575359344482,35.77997970581055,18.226093292236328,0.0456469766795635,0.0232522767037153
Denmark,2016,DNK,5728196.0,263691544304.0,36.91656112670898,8.413077354431152,19.751434326171875,7.0089850425720215,1.0954550504684448,201.6014709472656,147.2855224609375,73.99494934082031,51.76255798339844,26.005054473876957,18.38999938964844,60.4934196472168,1.868795394897461,0.9388663172721864,32.11490249633789,16.134244918823242,0.048422671854496,0.0243271235376596
Denmark,2017,DNK,5765164.0,271132202845.0,34.66461944580078,6.25282621383667,19.91813850402832,6.675759792327881,1.193740963935852,202.9842987060547,139.03636169433594,69.49858093261719,61.02003479003906,30.501415252685547,21.799999237060547,70.55016326904297,1.87871527671814,0.9390928149223328,36.94999694824219,18.469789505004883,0.0446805544197559,0.0223339796066284
Denmark,2018,DNK,5793824.0,276526484620.0,34.60895538330078,6.361588954925537,19.96799659729004,6.483356952667236,1.159741997718811,200.1173248291016,139.38275146484375,70.62017059326172,57.98685836791992,29.379833221435547,20.75,68.68586730957031,2.370579481124878,1.201086401939392,34.58197784423828,17.52143096923828,0.0369679369032382,0.0187303088605403
Denmark,2019,DNK,5814618.0,280656364923.0,30.95028305053711,3.588381052017212,19.68583106994629,6.023656845092773,1.1291990280151367,216.8020172119141,149.16354370117188,69.81698608398438,64.48583221435547,30.18301773071289,23.06999969482422,78.5495376586914,2.3843302726745605,1.1160014867782593,39.97483444213867,18.71048355102539,0.0419678203761577,0.0196433141827583
Denmark,2020,DNK,5831529.0,275058379473.0,28.29967498779297,3.166356086730957,18.57879447937012,4.798808097839356,1.2269539833068848,192.16619873046875,123.47805786132812,65.3275146484375,65.53581237792969,34.672489166259766,23.450000762939453,82.05038452148438,2.914893865585327,1.5421587228775024,40.32151412963867,21.332569122314453,0.0421333312988281,0.0222911331802606
Denmark,2021,DNK,5856774.0,288414406840.0,29.60352325439453,4.207499980926514,18.826885223388672,4.807839870452881,1.209833025932312,191.84957885742188,115.40145111083984,61.19049072265625,73.19231414794922,38.80950927734375,26.100000381469727,79.28311920166016,3.223963022232056,1.709474802017212,39.54302215576172,20.967300415039062,0.0401330068707466,0.0212801340967416
Denmark,2022,DNK,5902901.0,299429011832.0,29.09432029724121,4.133048057556152,19.868757247924805,3.4675660133361816,1.0734829902648926,194.22862243652344,112.82223510742188,59.20839691162109,77.72882843017578,40.791603088378906,28.43000030517578,80.85893249511719,5.411712646484375,2.8400328159332275,46.73768997192383,24.527645111083984,0.0367174446582794,0.0192690845578908
Ecuador,2000,ECU,12689215.0,85978888021.0,20.94924736022949,,17.323942184448242,0.4725709855556488,1.2783600091934204,104.12881469726562,81.62248992919922,79.42650604248047,21.142309188842773,20.57349395751953,7.53000020980835,71.50997161865234,0.0,0.0,0.0,0.0,21.142309188842773,20.57349395751953
Ecuador,2001,ECU,12910736.0,90060703680.0,23.43599319458008,,19.646869659423828,0.4799070060253143,1.3248260021209717,105.48296356201172,84.71088409423828,81.2628402709961,19.532190322875977,18.737159729003903,7.0,63.75228118896485,0.0,0.0,0.0,0.0,19.532190322875977,18.737159729003903
Ecuador,2002,ECU,13138473.0,94404507340.0,24.86136054992676,,21.232879638671875,0.4763199985027313,1.352571964263916,104.109375,82.1473159790039,79.93961334228516,20.61440086364746,20.06039047241211,7.449999809265137,63.082130432128906,0.0,0.0,0.0,0.0,20.61440086364746,20.06039047241211
Ecuador,2003,ECU,13372304.0,97642542688.0,27.112606048583984,,22.871198654174805,0.9305279850959778,1.3888239860534668,106.60742950439452,85.78331756591797,81.42814636230469,19.565168380737305,18.571855545043945,7.110000133514404,61.93379974365234,0.0,0.0,0.0,0.0,19.565168380737305,18.571855545043945
Ecuador,2004,ECU,13608700.0,106393261231.0,29.310272216796875,,24.65872001647949,1.1358399391174316,1.5446970462799072,114.05593872070312,92.68766021728516,82.18179321289062,20.09603309631348,17.818208694458008,7.340000152587891,57.34375,0.0,0.0,0.0,0.0,20.085906982421875,17.80923080444336
Ecuador,2005,ECU,13846162.0,112798230080.0,30.65171241760254,,26.006607055664062,0.8941259980201721,1.6321159601211548,120.72479248046876,100.68858337402344,84.24993896484375,18.823177337646484,15.750062942504885,6.829999923706055,54.03480911254883,3.330626350361854e-05,2.7868607503478412e-05,0.0,0.0,18.501718521118164,15.481086730957031
Ecuador,2006,ECU,14086138.0,118581678982.0,29.78103446960449,,24.918359756469727,0.9564250111579896,1.8283419609069824,127.68567657470705,106.93470001220705,84.56517028808594,19.51771545410156,15.43483066558838,7.079999923706055,50.28409194946289,3.9772723539499566e-05,3.1452720577362925e-05,0.0,0.0,19.06281471252441,15.07508945465088
Ecuador,2007,ECU,14328783.0,122016284055.0,34.39265441894531,,29.312000274658203,1.0222560167312622,1.9478349685668943,134.2525634765625,107.99641418457033,81.37226867675781,24.72252655029297,18.627731323242188,8.970000267028809,52.0,4.830319448956288e-05,3.639510032371618e-05,0.0025588697753846,0.0019280365668237,24.036317825317383,18.11069107055664
Ecuador,2008,ECU,14575201.0,130654762337.0,30.487722396850582,,24.91519927978516,0.9306560158729552,2.394406080245972,143.28509521484375,110.87755584716795,78.4510498046875,30.45587539672852,21.54895401000977,11.199999809265137,60.57328414916992,7.041424396447837e-05,4.982136670150794e-05,0.0070777330547571,0.0050078267231583,29.797712326049805,21.08327293395996
Ecuador,2009,ECU,14825960.0,132310294703.0,33.814697265625,,27.97097587585449,1.0992000102996826,2.330235958099365,139.8051300048828,113.341064453125,81.9887466430664,24.89872169494629,18.011255264282227,9.149999618530272,50.38545989990234,2.0678739019786008e-05,1.4958601241232827e-05,0.0084105422720313,0.0060840239748358,24.213666915893555,17.51569938659668
Ecuador,2010,ECU,15076697.0,137913290159.0,36.46947479248047,,30.33105087280273,1.1577019691467283,2.2842910289764404,155.1942138671875,130.43174743652344,84.86267852783203,23.26566696166992,15.137317657470703,8.569999694824219,44.1297607421875,0.0,0.0,0.008944921195507,0.005819824989885,22.49062728881836,14.633054733276367
Ecuador,2011,ECU,15326232.0,149795272280.0,38.48036956787109,,32.873409271240234,1.0479040145874023,2.45875096321106,164.644287109375,133.0118408203125,81.72525787353516,29.743038177490234,18.27474403381348,11.029999732971191,53.98923110961914,0.0001505699474364,9.251332085113972e-05,0.0086649479344487,0.0053239250555634,28.84219741821289,17.721248626708984
Ecuador,2012,ECU,15572195.0,158246726051.0,37.49276351928711,,32.14841842651367,1.3995089530944824,2.4406509399414062,173.93344116210938,139.39390563964844,81.0907974243164,32.50464630126953,18.909204483032227,12.140000343322754,53.40959167480469,0.0008393298485316,0.0004882704815827,0.0061813606880605,0.0035959354136139,31.54052352905273,18.34833526611328
Ecuador,2013,ECU,15807132.0,166075183974.0,39.68492126464844,,33.97260665893555,1.590175986289978,2.631376028060913,179.5091552734375,148.28407287597656,83.48104858398438,29.34195899963379,16.518951416015625,11.029999732971191,47.62521362304688,0.0093698380514979,0.0052750366739928,0.1450203955173492,0.0816436633467674,28.232288360595703,15.894229888916016
Ecuador,2014,ECU,16035127.0,172367775440.0,43.75981521606445,,37.61416244506836,1.6306190490722656,2.6276190280914307,188.56317138671875,155.9324188232422,83.54945373535156,30.70245361328125,16.450544357299805,11.5,47.540306091308594,0.0419407002627849,0.022472059354186,0.2029070407152176,0.1087187156081199,29.154949188232425,15.621382713317873
Ecuador,2015,ECU,16266229.0,172538423301.0,41.297733306884766,,35.441871643066406,1.535215973854065,2.333008050918579,188.046142578125,151.02040100097656,81.24434661865234,34.863800048828125,18.755653381347656,13.199999809265137,51.10336685180664,0.0912858843803405,0.0491090044379234,0.2501425743103027,0.1345690339803695,33.155113220214844,17.83643341064453
Ecuador,2016,ECU,16505142.0,170423090933.0,39.37451553344727,,33.47430419921875,1.6524640321731567,2.2095890045166016,187.40383911132807,142.99205017089844,77.3990707397461,41.75442123413086,22.600929260253903,16.290000915527344,59.97791290283203,0.0973739102482795,0.0527067780494689,0.2109516412019729,0.1141843944787979,39.78352355957031,21.53411865234375
Ecuador,2017,ECU,16759515.0,174458721084.0,39.19587326049805,,33.386844635009766,1.5350699424743652,2.265326023101806,195.10971069335935,139.65408325195312,72.80442810058594,52.16679000854492,27.195575714111328,20.459999084472656,73.51778411865234,0.093699999153614,0.0488476529717445,0.1834999918937683,0.0956621617078781,50.22152328491211,26.181468963623047
Ecuador,2018,ECU,17049542.0,176707497535.0,38.45119094848633,,33.15507125854492,1.3558109998703003,2.309119939804077,206.38023376464844,149.78701782226562,73.76409912109375,53.27519226074219,26.235897064208984,21.020000457763672,71.91242218017578,0.0947246849536895,0.0466481111943721,0.1996462047100067,0.0983177572488784,51.43781280517578,25.3310604095459
Ecuador,2019,ECU,17340017.0,176728682555.0,40.0826301574707,,34.93257522583008,1.2127840518951416,2.2095890045166016,211.3330993652344,144.33421325683594,69.6182861328125,62.988059997558594,30.3817138671875,25.239999771118164,77.78119659423828,0.0940594002604484,0.0453686900436878,0.2117003351449966,0.1021117195487022,60.99257278442383,29.419208526611328
Ecuador,2020,ECU,17546058.0,162965075602.0,32.4732666015625,,27.46486473083496,1.0297030210494995,2.030432939529419,182.8623962402344,117.01628112792967,65.37635803222656,61.97239685058594,34.62364196777344,24.920000076293945,79.64205932617188,0.0932345688343048,0.0520896464586257,0.1903703659772873,0.1063588857650756,60.082122802734375,33.56755447387695
Ecuador,2021,ECU,17682454.0,169866634253.0,38.18497467041016,,32.6682243347168,1.0845439434051514,2.110058069229126,212.59689331054688,143.87225341796875,68.96215057373047,64.7527084350586,31.037851333618164,26.07999992370605,81.19551849365234,0.0908128097653389,0.0435292162001132,0.1527339965105056,0.0732098370790481,62.99164962768555,30.1937255859375
Ecuador,2022,ECU,17823900.0,175028884708.0,42.065650939941406,,36.44829940795898,1.0016109943389893,2.189682960510254,222.7183074951172,156.7308807373047,71.57357788085938,62.2478141784668,28.426424026489254,25.1299991607666,76.0133056640625,0.0945945903658866,0.0431980788707733,0.1488943547010421,0.0679949074983596,60.52864837646485,27.641340255737305
Egypt,2000,EGY,73083287.0,444250275939.0,142.83685302734375,3.143712043762207,85.31990051269531,40.71803283691406,10.168869972229004,568.533447265625,526.37060546875,93.00193786621094,39.60749816894531,6.998061656951904,14.260000228881836,19.44899177551269,0.0005555555108003,9.815848170546816e-05,0.2236111015081405,0.0395087897777557,39.383331298828125,6.9584550857543945
Egypt,2001,EGY,74652035.0,475679003242.0,126.3720474243164,2.7480809688568115,66.4339370727539,43.36104965209961,10.466163635253906,593.3138427734375,550.4415283203125,93.17597198486328,40.31325912475586,6.824026107788086,14.59000015258789,18.07706642150879,0.0024861879646778,0.0004208493919577,0.4944751560688019,0.083702266216278,39.81629943847656,6.739902973175049
Egypt,2002,EGY,76239140.0,501912285229.0,128.3618927001953,2.956847906112671,57.13275146484375,52.9704475402832,11.92922592163086,610.2438354492188,568.7730102539062,93.59452056884766,38.926025390625,6.405477523803711,14.199999809265137,16.467586517333984,0.0027397261001169,0.0004508359997998,0.5821917653083801,0.0958026424050331,38.341094970703125,6.3092241287231445
Egypt,2003,EGY,77853548.0,528750466385.0,149.95399475097656,3.06302809715271,73.29283142089844,58.212181091308594,11.92922592163086,645.9916381835938,607.6345825195312,94.4011688232422,36.03814697265625,5.598830699920654,13.229999542236328,14.350796699523926,0.002724795602262,0.0004233200161252,0.779291570186615,0.12106953561306,35.25613021850586,5.477337837219238
Egypt,2004,EGY,79477441.0,561597926809.0,151.91708374023438,3.1914219856262207,75.63780212402344,57.62513732910156,12.030352592468262,682.0538330078125,643.6224975585938,94.68309783935548,36.14241409301758,5.316898822784424,13.329999923706056,13.567429542541504,0.0027100273873656,0.0003986712545156,1.3659905195236206,0.2009504288434982,34.773712158203125,5.115549564361572
Egypt,2005,EGY,81101012.0,600297394092.0,166.93389892578125,3.066699981689453,79.21026611328125,68.62154388427734,12.862252235412598,699.4166259765625,661.7481079101562,94.92717742919922,35.36320114135742,5.072819709777832,13.149999618530272,12.530969619750977,0.0026881720405071,0.0003856158873531,1.3712663650512695,0.1967069506645202,33.9892463684082,4.87572717666626
Egypt,2006,EGY,82700404.0,650403845291.0,178.3892822265625,2.9275360107421875,83.68942260742188,73.83326721191406,14.7639741897583,736.6443481445312,698.5427856445312,95.12442016601562,35.80363845825195,4.875578880310059,13.390000343322754,11.99176025390625,0.0026737968437373,0.0003641056537162,1.6178089380264282,0.2203059643507003,34.18315505981445,4.654908657073975
Egypt,2007,EGY,84276224.0,713462332878.0,189.20114135742188,2.916543960571289,84.76297760009766,81.12828826904297,17.495615005493164,784.5794067382812,742.501220703125,94.93944549560548,39.57749176025391,5.060550689697266,14.880000114440918,12.414484024047852,0.003191489726305,0.000408077816246,1.761798858642578,0.2252712994813919,37.8125,4.834871292114258
Egypt,2008,EGY,85864791.0,775303694329.0,195.8597717285156,2.85420298576355,92.40436553955078,83.31048583984375,14.326995849609377,831.8381958007812,786.8004760742188,94.89940643310548,42.28842544555664,5.100589752197266,16.030000686645508,12.44565200805664,0.0039577838033437,0.0004773654218297,2.453332901000977,0.2959071099758148,39.83113479614258,4.804205417633057
Egypt,2009,EGY,87501635.0,831415021492.0,205.24285888671875,2.689375877380371,98.33809661865234,81.78781127929688,19.119354248046875,861.6713256835938,820.3059692382812,95.47518920898438,38.87636184692383,4.52480936050415,14.8100004196167,11.030014038085938,0.0057742781937122,0.0006720667006447,2.7222936153411865,0.316847026348114,36.14829254150391,4.207290172576904
Egypt,2010,EGY,89196073.0,898751418203.0,202.7042388916016,4.125664234161377,95.59375762939452,81.94902038574219,18.26969718933105,895.1117553710938,855.1743774414062,95.80226135253906,37.47094345092773,4.197741508483887,14.390000343322754,9.96330451965332,0.0656249970197677,0.0073517435230314,3.669644355773926,0.4110976755619049,33.73567581176758,3.779292345046997
Egypt,2011,EGY,91093066.0,923052843843.0,221.675048828125,1.7000679969787598,106.39347076416016,92.6793441772461,17.01152992248535,941.57373046875,900.9404296875,95.93663787841795,38.15904998779297,4.063365936279297,14.720000267028809,9.842204093933104,0.6335984468460083,0.0674687251448631,3.872603178024292,0.4123741090297699,33.65284729003906,3.5835230350494385
Egypt,2012,EGY,93161000.0,950287307199.0,212.5244598388672,1.8026880025863647,97.47705841064452,92.91903686523438,15.310489654541016,979.9047241210938,939.1378784179688,96.0796890258789,38.31933975219727,3.920308828353882,14.869999885559082,9.13166332244873,1.2994871139526367,0.1329456865787506,3.4438223838806152,0.3523246347904205,33.57603073120117,3.4350385665893555
Egypt,2013,EGY,95333551.0,984556585202.0,219.0865631103516,1.7001240253448486,103.37413024902344,90.39969635009766,19.142866134643555,973.2687377929688,932.8275756835938,96.09074401855467,37.95017623901367,3.909255027770996,14.850000381469728,8.995638847351074,0.0650562644004821,0.0067014582455158,4.032181739807129,0.4153558015823364,33.85293960571289,3.4871976375579834
Egypt,2014,EGY,97528655.0,1035721838706.0,227.25408935546875,1.494912028312683,118.49742126464844,81.69987487792969,20.3305778503418,961.9715576171876,921.9996337890624,96.08733367919922,37.543704986572266,3.912663698196411,14.760000228881836,8.619481086730957,0.3550865054130554,0.03700577840209,2.6161012649536133,0.2726402282714844,34.57251739501953,3.603017807006836
Egypt,2015,EGY,99597334.0,1079611566322.0,226.65396118164065,1.3447099924087524,111.26648712158205,84.15245056152344,24.57798385620117,976.1080932617188,934.0437622070312,95.9382781982422,39.54441833496094,4.0617194175720215,15.609999656677246,8.584941864013672,0.1063291132450103,0.0109213646501302,4.7963175773620605,0.4926433861255646,34.64177322387695,3.558154821395874
Egypt,2016,EGY,101644583.0,1121578599865.0,245.16358947753903,1.6084719896316528,118.24283599853516,94.8228988647461,25.22642517089844,1030.2607421875,987.88916015625,96.13019561767578,39.76835250854492,3.869806051254273,15.829999923706056,8.411711692810059,0.5869597792625427,0.0571162849664688,6.021841526031494,0.5859774947166443,33.159549713134766,3.226712226867676
Egypt,2017,EGY,103696055.0,1158060486104.0,253.3638916015625,6.507264137268066,108.44707489013672,108.40676879882812,25.611894607543945,1070.745361328125,1029.4949951171875,96.37252807617188,38.750301361083984,3.627472162246704,15.5,8.022358894348145,1.5063625574111938,0.1410127878189087,5.273940563201904,0.4937012493610382,31.96999931335449,2.992758274078369
Egypt,2018,EGY,105682092.0,1220661740193.0,241.90318298339844,13.007001876831056,97.80166625976562,102.69669342041016,24.13407325744629,1071.3455810546875,1027.78662109375,96.1679229736328,40.954986572265625,3.832075595855713,16.459999084472656,8.25517749786377,1.3757537603378296,0.1287265121936798,7.431221008300781,0.6953243613243103,32.14801025390625,3.0080246925354004
Egypt,2019,EGY,107553159.0,1289253465646.0,234.06016540527344,10.123632431030272,76.28447723388672,120.51995086669922,22.76841354370117,1048.5794677734375,996.9415893554688,95.36178588867188,48.48932266235352,4.638214111328125,19.59000015258789,9.767163276672363,3.685643434524536,0.3525477945804596,12.325957298278809,1.179031252861023,32.47772216796875,3.106635093688965
Egypt,2020,EGY,109315118.0,1307778142529.0,246.3232879638672,5.400816917419434,98.24063873291016,116.63053131103516,21.61473846435547,986.90478515625,924.4927368164062,94.03181457519533,58.67740631103516,5.968183994293213,23.76000022888184,11.963746070861816,10.993851661682127,1.1182043552398682,12.919354438781738,1.3140506744384766,34.764198303222656,3.535928964614868
Egypt,2021,EGY,110957005.0,1400985648780.0,266.8389892578125,8.70199966430664,104.62185668945312,122.93819427490234,26.661909103393555,1061.2908935546875,994.9290771484376,94.09249114990234,62.46570587158203,5.907510280609131,25.36000061035156,12.09577465057373,12.244876861572266,1.158023238182068,13.512700080871582,1.277923822402954,36.7081298828125,3.4715633392333984
Egypt,2022,EGY,112618252.0,1460427350416.0,249.89866638183597,7.762165069580078,109.14689636230467,104.01107025146484,25.2761173248291,1110.143310546875,1043.381103515625,94.31277465820312,62.91769027709961,5.6872239112854,25.61000061035156,11.81709098815918,12.292530059814451,1.1111401319503784,14.48879623413086,1.309664011001587,36.1363639831543,3.2664198875427246
Estonia,2000,EST,1397001.0,23525730943.0,15.470973014831545,10.850793838500977,2.715877056121826,1.4821439981460571,0.3737179934978485,55.49626159667969,55.305908203125,99.6652374267578,0.1857638955116272,0.3347599506378174,0.0099999997764825,0.1175088062882423,0.0,0.0,0.0,0.0,0.0138888880610466,0.0250287801027297
Estonia,2001,EST,1388174.0,24618992841.0,15.869932174682615,10.67906093597412,3.1664600372314453,1.5938409566879272,0.3797679841518402,57.84579849243164,57.75382614135742,99.8458023071289,0.0891919881105423,0.154196634888649,0.0199999995529651,0.2355712652206421,0.0,0.0,0.0,0.0,0.0204419903457164,0.0353404618799686
Estonia,2002,EST,1379438.0,25689833693.0,15.358015060424805,10.381616592407228,3.2173469066619877,1.346789002418518,0.3563210070133209,57.6070671081543,57.50044631958008,99.82023620605467,0.1035530790686607,0.1797671765089035,0.0299999993294477,0.3516998887062073,0.0,0.0,0.0038356161676347,0.0066585936583578,0.0153424646705389,0.0266343746334314
Estonia,2003,EST,1370849.0,27160243367.0,17.250749588012695,12.171634674072266,3.158392906188965,1.5283410549163818,0.3352819979190826,62.81561279296875,62.67780303955078,99.78865051269533,0.1327486336231231,0.2113476693630218,0.050000000745058,0.4921259880065918,0.0,0.0,0.0166212525218725,0.0264625158160924,0.0348773822188377,0.0555279031395912
Estonia,2004,EST,1362682.0,28392969678.0,17.322093963623047,12.011566162109377,3.167366981506348,1.7265830039978027,0.3648020029067993,64.10649871826172,63.92109298706055,99.72203063964844,0.1781758069992065,0.277968555688858,0.0599999986588954,0.5819592475891113,0.0,0.0,0.0205962061882019,0.0321317352354526,0.0607046075165271,0.0947040542960167
Estonia,2005,EST,1354847.0,30566893529.0,17.089780807495117,11.744937896728516,3.195878028869629,1.7266370058059692,0.37288299202919,64.46387481689453,64.14088439941406,99.52278137207033,0.307560384273529,0.47721928358078,0.1099999994039535,1.0784313678741455,0.0,0.0,0.1448924690485,0.2248191982507705,0.0577956996858119,0.0896774232387542
Estonia,2006,EST,1346885.0,33162229951.0,16.438180923461914,11.047223091125488,3.206274032592773,1.7174479961395264,0.4136959910392761,63.6803092956543,63.29087829589844,99.41650390625,0.3714677691459656,0.5834968686103821,0.1299999952316284,1.3360739946365356,0.0,0.0,0.2040106952190399,0.320457398891449,0.0360962562263011,0.0566995404660701
Estonia,2007,EST,1340709.0,35115520992.0,19.93049049377441,14.258386611938477,3.309998035430908,1.7113399505615234,0.5967159867286682,73.74552917480469,73.30529022216797,99.431884765625,0.4188388586044311,0.5681164264678955,0.1400000005960464,1.1494252681732178,0.0,0.0,0.2420212775468826,0.3282796144485473,0.0585106387734413,0.0793642997741699
Estonia,2008,EST,1337078.0,32659893005.0,17.814804077148438,12.321859359741213,3.1866700649261475,1.655856013298035,0.6027219891548157,67.85601043701172,67.23504638671875,99.1289520263672,0.5907954573631287,0.8710477352142334,0.2000000029802322,1.8903591632843015,0.0,0.0,0.350923478603363,0.5173890590667725,0.0738786309957504,0.1089240163564682
Estonia,2009,EST,1334528.0,27402480486.0,14.404987335205078,10.021533966064451,2.9006359577178955,1.199497938156128,0.2569999992847442,58.72720718383789,57.07078170776367,97.27762603759766,1.597158670425415,2.722370386123657,0.5400000214576721,6.150341987609863,0.0002624671906232,0.000447377533419,0.5118110179901123,0.8723862171173096,0.0839895009994506,0.143160805106163
Estonia,2010,EST,1331450.0,27586968284.0,18.96473503112793,14.262001037597656,3.052608013153076,1.301367998123169,0.3104330003261566,73.1466064453125,69.84517669677734,95.61988067626952,3.199438571929932,4.380115509033203,1.0499999523162842,8.09560489654541,0.0002604166511446,0.0003565172373782,0.7213541865348816,0.9875528216362,0.0703125,0.0962596610188484
Estonia,2011,EST,1327366.0,29217295065.0,18.94802665710449,14.181642532348633,3.145071029663086,1.1643489599227903,0.4161190092563629,72.96272277832031,69.31268310546875,95.15325164794922,3.530527353286743,4.84674882888794,1.1799999475479126,9.154382705688477,0.0005181346787139,0.0007113012834452,0.9533678889274596,1.3087944984436035,0.0777202025055885,0.1066951900720596
Estonia,2012,EST,1322615.0,30160490093.0,17.76141357421875,12.602224349975586,3.228256940841675,1.2539459466934204,0.4074440002441406,73.48786926269531,68.94181823730469,94.0002212524414,4.400369167327881,5.999778747558594,1.4700000286102295,12.290969848632812,0.0007731958758085,0.0010542307281866,1.1185566186904907,1.5251203775405884,0.1082474216818809,0.1475923061370849
Estonia,2013,EST,1317920.0,30600421813.0,19.633819580078125,14.532069206237791,3.206238031387329,1.1940250396728516,0.3990499973297119,77.46337890625,73.68636322021484,95.29662322998048,3.636802673339844,4.703380107879639,1.2300000190734863,9.262048721313477,0.003580562537536,0.0046306462027132,1.3529411554336548,1.7497228384017944,0.0664961636066436,0.0859977230429649
Estonia,2014,EST,1314457.0,31521829560.0,18.78395271301269,14.07192611694336,3.230423927307129,1.0076730251312256,0.4218840003013611,74.1614761352539,69.84308624267578,94.37792205810548,4.160541534423828,5.622077941894531,1.3899999856948853,11.164658546447754,0.0078880405053496,0.010658991523087,1.5368956327438354,2.076784133911133,0.0687022879719734,0.0928363800048828
Estonia,2015,EST,1314580.0,32106015454.0,15.779626846313477,11.270703315734863,3.3331429958343506,0.9033550024032592,0.2056120038032531,68.62640380859375,63.89152145385742,93.34166717529295,4.557570457458496,6.6583356857299805,1.559999942779541,15.369458198547363,0.0149367088451981,0.0218216311186552,1.8101264238357544,2.644485712051392,0.0683544278144836,0.099861703813076
Estonia,2016,EST,1315850.0,33119083785.0,17.43290901184082,12.76333236694336,3.426896095275879,0.9908419847488404,0.1851810067892074,70.76302337646484,65.99987030029297,93.4919662475586,4.594295024871826,6.508037567138672,1.590000033378601,13.064913749694824,0.0243718605488538,0.0345239005982875,1.4924622774124146,2.114143848419189,0.0879397019743919,0.1245707795023918
Estonia,2017,EST,1317430.0,35037377711.0,18.61603736877441,13.877059936523438,3.435019016265869,0.912427008152008,0.306764006614685,78.48448181152344,72.88528442382812,93.10030364990234,5.401554107666016,6.899696350097656,1.8600000143051147,14.13373851776123,0.0362499989569187,0.0463040769100189,1.807500004768372,2.308817148208618,0.0649999976158142,0.083027996122837
Estonia,2018,EST,1321972.0,36363239216.0,17.800687789916992,13.062729835510254,3.397188901901245,0.9578480124473572,0.297762006521225,77.87899780273438,71.62368774414062,92.20155334472656,6.057958602905273,7.798442840576172,1.9900000095367432,16.087308883666992,0.0766169130802154,0.0986293703317642,1.5820894241333008,2.0366322994232178,0.0373134315013885,0.0480337813496589
Estonia,2019,EST,1326822.0,37723175050.0,12.288093566894531,7.775731086730957,3.255279064178467,0.8818010091781616,0.2954849898815155,62.76065826416016,56.05405426025391,89.62371063232422,6.48972225189209,10.376287460327148,2.140000104904175,28.120895385742188,0.1819306910037994,0.2908853590488434,1.7004948854446411,2.7188875675201416,0.0470297001302242,0.0751948580145835
Estonia,2020,EST,1329675.0,37515273353.0,9.19824504852295,5.276806831359863,3.029114961624145,0.8057469725608826,0.0201210007071495,58.73331069946289,49.4625244140625,84.64823150634766,8.970501899719238,15.351765632629396,2.970000028610229,48.84868621826172,0.604938268661499,1.03526771068573,2.083950519561768,3.566391468048096,0.0740740746259689,0.1267674714326858
Estonia,2021,EST,1331750.0,40521483538.0,10.390914916992188,6.458311080932617,2.9285519123077397,0.916104018688202,0.0,61.443885803222656,52.41119384765625,85.7028579711914,8.743350982666016,14.29714012145996,2.869999885559082,39.91654968261719,0.8711084127426147,1.4244377613067627,1.8054187297821045,2.952223539352417,0.0566502474248409,0.0926345661282539
Estonia,2022,EST,1350093.0,39999856613.0,11.966226577758787,8.085997581481934,3.132641077041626,0.6785489916801453,0.0,63.30631637573242,54.66493225097656,86.75920867919922,8.342711448669434,13.240793228149414,2.859999895095825,31.99105262756348,1.4643734693527222,2.324120283126831,1.641277551651001,2.604886531829834,0.0565110556781291,0.0896892100572586
Finland,2000,FIN,5176197.0,169209765102.0,57.016998291015625,21.987415313720703,25.82265853881836,7.717989921569824,0.5048440098762512,359.1098022460937,224.1629943847656,63.225563049316406,67.94021606445312,19.162656784057617,23.3799991607666,33.4143180847168,0.0043777776882052,0.0012347598094493,0.2166666686534881,0.0611112117767334,40.72222137451172,11.485773086547852
Finland,2001,FIN,5187970.0,173703951475.0,62.52000045776367,26.126707077026367,26.444826126098636,8.39211368560791,0.5036309957504272,366.8936462402344,237.284912109375,65.41832733154297,62.52554702758789,17.237998962402344,21.540000915527344,28.93217086791992,0.0047375694848597,0.0013061255449429,0.1933701783418655,0.0533112473785877,36.47790145874024,10.056785583496094
Finland,2002,FIN,5200548.0,176751491921.0,65.04900360107422,28.307329177856445,26.807382583618164,8.34224796295166,0.4848659932613373,368.7680969238281,245.9748077392578,67.41654205322266,57.80122756958008,15.842105865478516,19.82999992370605,26.468233108520508,0.0051095890812575,0.0014004313852638,0.1753424704074859,0.048057697713375,29.523286819458008,8.091714859008789
Finland,2003,FIN,5212958.0,180408462125.0,72.65799713134766,35.016578674316406,26.92459487915039,9.231325149536133,0.4666210114955902,394.9277038574219,273.5923767089844,69.92288970947266,55.74756622314453,14.247586250305176,19.059999465942383,22.61509132385254,0.005713895894587,0.0014603189192712,0.2534059882164001,0.0647637918591499,26.13351249694824,6.6790266036987305
Finland,2004,FIN,5228147.0,187633923914.0,68.94599914550781,31.64080810546875,26.913738250732425,8.871135711669922,0.528846025466919,393.25396728515625,253.28289794921875,65.16300964355469,73.84732818603516,18.99897003173828,25.6299991607666,29.85787582397461,0.0063983742147684,0.0016461330233141,0.326135516166687,0.0839060693979263,40.83906555175781,10.50681495666504
Finland,2005,FIN,5246078.0,192990732516.0,57.06399917602539,21.039180755615234,26.361164093017575,8.127237319946289,0.5422120094299316,357.54766845703125,223.27708435058597,63.237525939941406,67.24334716796875,19.044958114624023,23.459999084472656,33.24829864501953,0.007072580512613,0.0020031277090311,0.4568333327770233,0.1293863654136657,37.05376434326172,10.494531631469728
Finland,2006,FIN,5266248.0,200966858669.0,68.3740005493164,31.5847110748291,26.45214462280273,8.688151359558105,0.5738980174064636,383.5122375488281,253.28436279296875,66.74365234375,64.95799255371094,17.11725616455078,22.459999084472656,27.293716430664062,0.0090347584336996,0.0023807736579328,0.4161524176597595,0.1096614524722099,30.731794357299805,8.098217964172363
Finland,2007,FIN,5288715.0,211541390078.0,66.76399993896484,30.34823989868164,26.645309448242188,8.118786811828613,0.6054679751396179,382.19244384765625,246.212890625,65.16179656982422,69.34043884277344,18.35138320922852,24.31999969482422,29.961809158325195,0.0101356385275721,0.0026824607048183,0.501085102558136,0.132615327835083,37.70533752441406,9.978955268859863
Finland,2008,FIN,5313379.0,213226105706.0,58.625,23.67479133605957,24.940338134765625,8.360267639160156,0.6197739839553833,368.49554443359375,223.68833923339844,61.540069580078125,79.22053527832031,21.79477310180664,27.770000457763672,35.9017448425293,0.0104063330218195,0.0028629405423998,0.6873878836631775,0.1891108751296997,45.15074157714844,12.421656608581545
Finland,2009,FIN,5338854.0,195739132370.0,55.92100143432617,22.899036407470703,24.19593048095703,7.503603935241699,0.3852800130844116,341.2877197265625,212.70074462890625,63.074195861816406,62.7742919921875,18.61506462097168,21.700000762939453,30.11379623413086,0.011330708861351,0.0033600041642785,0.7260472178459167,0.2153017669916153,33.29666519165039,9.873780250549316
Finland,2010,FIN,5363347.0,201746033638.0,64.09200286865234,29.1444034576416,25.130125045776367,8.276115417480469,0.5257059931755066,371.2906188964844,237.3933258056641,64.6961898803711,70.167236328125,19.12249565124512,24.18000030517578,29.9851188659668,0.0123411454260349,0.0033633005805313,0.7664505243301392,0.2088787853717804,33.65102767944336,9.170827865600586
Finland,2011,FIN,5388236.0,207084301562.0,56.64599990844727,24.081951141357425,23.764179229736328,7.255376815795898,0.5578280091285706,349.92291259765625,214.8258819580078,62.14509201049805,70.7885513305664,20.477798461914062,24.18000030517578,32.8979606628418,0.0137305697426199,0.0039719962514936,1.2471321821212769,0.3607719242572784,32.24103164672852,9.326725006103516
Finland,2012,FIN,5413978.0,204190196792.0,51.15399932861328,19.59511947631836,23.670419692993164,6.464271068572998,0.4971629977226257,340.458740234375,194.5039520263672,57.95516586303711,81.86227416992188,24.39200782775879,28.559999465942383,40.56241607666016,0.0148170096799731,0.0044149346649646,1.2740283012390137,0.3796145021915436,43.45136260986328,12.946939468383787
Finland,2013,FIN,5439057.0,202349011206.0,51.71900177001953,21.35923767089844,22.83966827392578,6.064978122711182,0.4817720055580139,341.8005065917969,202.2497100830078,59.95359802246094,74.72062683105469,22.14970016479492,25.6299991607666,35.966880798339844,0.0165012776851654,0.0048915320076048,1.9787518978118896,0.5865684151649475,32.835296630859375,9.73348331451416
Finland,2014,FIN,5461686.0,201610622550.0,47.62200164794922,19.325841903686523,21.5424747467041,5.393569946289063,0.4687969982624054,329.8229064941406,186.6282196044922,57.36318206787109,78.71674346923828,24.194854736328125,26.280000686645508,38.590309143066406,0.019725190475583,0.0060628540813922,2.8172314167022705,0.8659213185310364,34.089168548583984,10.477853775024414
Finland,2015,FIN,5479719.0,202706706722.0,44.19200134277344,16.842662811279297,21.38395500183105,4.725552082061768,0.462145984172821,328.8933410644531,175.87355041503906,54.31170654296875,89.10090637207031,27.51534843444824,30.530000686645508,44.49788665771485,0.0286354422569274,0.0088429423049092,5.892047882080078,1.8195297718048096,42.452396392822266,13.109771728515623
Finland,2016,FIN,5495468.0,208405735062.0,47.25199890136719,18.659624099731445,22.93922615051269,4.208430767059326,0.553242027759552,334.0833435058594,185.296630859375,56.33904647827149,85.2999496459961,25.93526840209961,30.40999984741211,44.23272705078125,0.0554422140121459,0.0168570876121521,7.708645820617676,2.343797445297241,39.69629669189453,12.069575309753418
Finland,2017,FIN,5508398.0,215058877437.0,44.65700149536133,17.088001251220703,22.21280288696289,3.8874709606170654,0.6036580204963684,327.2159118652344,175.71263122558594,54.56124877929688,90.1414566040039,27.99019241333008,31.46999931335449,46.60841369628906,0.1212824955582618,0.0376599207520484,11.9879789352417,3.722436189651489,36.928672790527344,11.466872215270996
Finland,2018,FIN,5515730.0,217509947213.0,45.73600006103516,17.92388153076172,22.04424476623535,4.414522171020508,0.6016809940338135,333.8409729003906,180.04238891601562,54.76352691650391,92.0219268798828,27.990327835083008,32.13999938964844,45.763916015625,0.2244403064250946,0.0682680457830429,14.524048805236816,4.417782783508301,33.08732223510742,10.064176559448242
Finland,2019,FIN,5521754.0,220173891564.0,42.44400024414063,15.257055282592772,21.647762298583984,4.313580989837647,0.5834810137748718,326.99151611328125,170.72146606445312,53.0494499206543,92.01009368896484,28.590925216674805,31.8799991607666,46.46552658081055,0.3643118739128113,0.1132051199674606,14.912736892700195,4.633936882019043,30.743749618530277,9.553215980529783
Finland,2020,FIN,5529616.0,214988893865.0,37.720001220703125,11.852656364440918,20.26056289672852,4.382198810577393,0.5696669816970825,313.9499206542969,150.22483825683594,48.74965286254883,100.42223358154295,32.5881462097168,35.93000030517578,51.891971588134766,0.539434552192688,0.1750525832176208,20.38438606262207,6.614963054656982,39.21812438964844,12.726722717285156
Finland,2021,FIN,5541069.0,221538476826.0,37.81999969482422,12.71115493774414,19.467771530151367,4.356038093566895,0.6226530075073242,320.5770568847656,146.35484313964844,46.49790573120117,110.27777099609376,35.035980224609375,38.18000030517578,52.9468879699707,0.7328029274940491,0.2328163534402847,20.952547073364254,6.656763553619385,38.8944091796875,12.357011795043944
Finland,2022,FIN,5569300.0,226154847456.0,36.33700180053711,12.579020500183104,20.123979568481445,2.410244941711426,0.5970720052719116,320.2315368652344,142.4013214111328,45.3002815246582,109.69783020019533,34.8967399597168,38.65999984741211,53.56796646118164,0.9639852643013,0.3066600859165191,29.538070678710938,9.396561622619627,33.149288177490234,10.545351028442385
France,2000,FRA,59483716.0,2031676031476.0,407.4446411132813,65.75019073486328,239.7631378173828,84.30702209472656,8.560924530029297,3117.9091796875,1730.306396484375,56.16044998168945,197.4711151123047,6.409308433532715,67.83000183105469,12.73659324645996,0.0145090268924832,0.0004709186032414,0.1333333253860473,0.0043275915086269,184.34165954589844,5.983166217803955
France,2001,FRA,59905131.0,2077786711965.0,411.5916442871094,56.100494384765625,249.57305908203125,88.42961883544922,8.655329704284668,3143.04638671875,1723.065673828125,55.47686767578125,219.6583709716797,7.072253704071045,76.08999633789062,14.023221015930176,0.0170179568231105,0.0005479204701259,0.3618784546852112,0.0116512579843401,205.16021728515625,6.605462551116943
France,2002,FRA,60327247.0,2107316572579.0,407.0265808105469,58.5864486694336,243.2472381591797,87.93972778320312,8.642742156982422,3118.91943359375,1703.3438720703125,55.28369140625,181.14976501464844,5.879392623901367,62.68999862670898,11.372541427612305,0.0194615069776773,0.0006316422368399,0.7260273098945618,0.023563927039504,165.47122192382812,5.370530605316162
France,2003,FRA,60741119.0,2130940712046.0,412.9890747070313,59.19772338867188,245.06350708007807,91.62442016601562,8.555680274963379,3153.041748046875,1738.046875,55.76491165161133,176.8667755126953,5.674737930297852,61.470001220703125,10.993865966796877,0.0211643055081367,0.0006790528423152,1.057220697402954,0.033920731395483,160.6076202392578,5.15306568145752
France,2004,FRA,61175244.0,2196883540402.0,414.072998046875,58.224727630615234,244.9222412109375,93.18244171142578,9.064842224121094,3180.1298828125,1751.327392578125,55.68943786621094,178.7379608154297,5.683584690093994,62.41999816894531,11.02242660522461,0.0228942669928073,0.0007280014688149,1.6124662160873413,0.051273874938488,161.3956756591797,5.132127285003662
France,2005,FRA,61625031.0,2238790479440.0,416.3429260253906,62.03174209594727,241.9081573486328,94.86151885986328,9.108284950256348,3154.0791015625,1744.266845703125,55.94652938842773,159.6847381591797,5.121811866760254,54.97999954223633,9.660188674926758,0.028227848932147,0.0009053947869688,2.586021423339844,0.0829454064369201,138.3870849609375,4.438699722290039
France,2006,FRA,62049831.0,2297018080700.0,406.6690368652344,59.483734130859375,236.7766876220703,92.2743148803711,9.307099342346191,3128.9306640625,1713.0303955078125,55.3817024230957,176.3846893310547,5.702458381652832,60.90999984741211,10.736824035644531,0.0318343564867973,0.0010291940998286,5.834224224090576,0.1886185258626938,150.54278564453125,4.866998195648193
France,2007,FRA,62432438.0,2354672057875.0,396.461181640625,61.34874725341797,227.452392578125,89.1012191772461,9.477920532226562,3075.78955078125,1678.67333984375,55.19260787963867,193.31419372558597,6.355920314788818,64.30000305175781,11.444539070129396,0.0478723384439945,0.0015739805530756,10.824468612670898,0.3558945059776306,153.20213317871094,5.037087917327881
France,2008,FRA,62780187.0,2362451821701.0,389.7943115234375,56.16719436645508,223.51776123046875,92.0164031982422,8.879584312438965,3084.8447265625,1664.64697265625,54.629520416259766,223.01893615722656,7.31891918182373,72.33000183105469,12.757064819335938,0.110817939043045,0.0036367652937769,15.0237455368042,0.493041455745697,167.95249938964844,5.511777400970459
France,2009,FRA,63106460.0,2295352990111.0,371.4042053222656,45.16118621826172,219.50831604003903,90.66532135009766,7.679228782653809,2908.910400390625,1586.6134033203125,55.18563461303711,213.01193237304688,7.408987522125244,68.1500015258789,12.885964393615724,0.4566928744316101,0.0158847048878669,20.766403198242188,0.7222976684570312,149.59054565429688,5.203063011169434
France,2010,FRA,63417366.0,2342490492199.0,377.0793762207031,49.071048736572266,215.85446166992188,96.13375854492188,7.887541770935059,3001.230712890625,1613.470703125,54.45502471923828,233.5311737060547,7.881732940673828,76.68000030517578,13.635394096374512,1.6145833730697632,0.0544925741851329,25.898435592651367,0.8740783929824829,163.3177032470703,5.512011528015137
France,2011,FRA,63733776.0,2393401943613.0,355.1268005371094,42.16914749145508,208.90692138671875,87.84969329833984,8.065247535705566,2897.709716796875,1517.901611328125,53.03004837036133,198.3585662841797,6.929938316345215,66.0199966430664,11.63040542602539,5.383005142211914,0.1880629360675811,32.541465759277344,1.1368823051452637,116.1879653930664,4.059191703796387
France,2012,FRA,64058465.0,2400896391731.0,358.1002502441406,46.930572509765625,205.35433959960935,90.83686065673828,7.50186014175415,2894.8583984375,1513.1710205078125,52.93218994140625,249.1189727783203,8.714423179626465,85.25,15.019908905029297,10.349724769592283,0.3620434105396271,39.720497131347656,1.3894615173339844,151.49807739257812,5.299549579620361
France,2013,FRA,64387736.0,2414733629218.0,360.0133361816406,49.66350936889648,204.2866973876953,91.38644409179688,7.299551010131836,2925.05322265625,1516.781494140625,52.57957458496094,284.3612060546875,9.85744571685791,99.43000030517578,17.23970603942871,12.10779094696045,0.4197193086147308,41.91139221191406,1.4528679847717283,181.18235778808597,6.280727386474609
France,2014,FRA,64692495.0,2437822780219.0,327.80877685546875,39.54762268066406,197.6407165527344,76.45375061035156,6.9746198654174805,2797.7822265625,1375.717041015625,49.86149978637695,272.72607421875,9.884686470031738,94.02999877929688,16.603979110717773,15.047017097473145,0.5453642010688782,44.77522277832031,1.6228336095809937,159.8695526123047,5.794313430786133
France,2015,FRA,64916337.0,2464953810985.0,332.1310119628906,38.02448654174805,199.2308349609375,81.39167022705078,6.606093883514404,2823.4267578125,1412.4532470703125,50.68936920166016,266.622802734375,9.568416595458984,91.83999633789062,15.996097564697266,18.387758255004883,0.6598900556564331,55.13564300537109,1.978678584098816,138.11888122558594,4.956737041473389
France,2016,FRA,65086853.0,2491956183265.0,335.4963684082031,36.01563262939453,196.8956756591797,89.26071166992188,6.6390228271484375,2766.59716796875,1432.8115234375,52.51080703735352,282.7376403808594,10.36199188232422,99.0,17.715267181396484,20.51493453979492,0.751847505569458,54.61202621459961,2.001464605331421,150.56137084960938,5.517891883850098
France,2017,FRA,65284775.0,2549057506683.0,338.3680419921875,39.99650573730469,195.91143798828125,89.40623474121094,6.483218193054199,2756.22900390625,1458.230224609375,53.5944709777832,266.7313537597656,9.80320167541504,91.91000366210938,16.538311004638672,22.75656509399414,0.8363741636276245,62.58969879150391,2.3003649711608887,122.4111328125,4.498987674713135
France,2018,FRA,65519537.0,2596599107835.0,323.1017150878906,35.126243591308594,189.44610595703125,84.88973999023438,6.701300144195557,2790.4287109375,1408.239990234375,51.16522216796875,316.8799133300781,11.513116836547852,113.8499984741211,19.75739288330078,25.691394805908203,0.9334388971328736,72.39512634277344,2.6303136348724365,158.99444580078125,5.77670431137085
France,2019,FRA,65729460.0,2644453795826.0,316.32080078125,29.42603874206543,187.28488159179688,86.38729095458984,6.806672096252441,2731.347412109375,1388.441162109375,51.56553649902344,316.4822692871094,11.75388526916504,112.9000015258789,19.963926315307617,28.83140563964844,1.0707741975784302,87.40047454833984,3.245980024337769,138.6824493408203,5.150549411773682
France,2020,FRA,65905273.0,2438594133224.0,281.5154724121094,23.854494094848636,165.54330444335938,80.0654067993164,6.197228908538818,2444.265380859375,1197.5147705078125,49.73998641967773,336.3732604980469,13.971604347229004,125.02999877929688,23.713607788085938,31.39799690246582,1.3041476011276243,100.10765838623048,4.1580729484558105,152.3550567626953,6.328221321105957
France,2021,FRA,66083547.0,2604822841790.0,307.2718505859375,30.471729278564453,179.12185668945312,85.40178680419922,6.494589805603027,2597.560546875,1296.50537109375,50.61077117919922,330.82537841796875,12.914198875427246,122.0999984741211,22.1874942779541,36.65168380737305,1.430746078491211,92.3344268798828,3.604394435882568,144.4656982421875,5.639406204223633
France,2022,FRA,66277412.0,2671568767031.0,295.3038024902344,26.19896507263184,179.2549285888672,77.65556335449219,6.396731853485107,2306.19189453125,1240.2965087890625,54.47090530395508,312.53759765625,13.725915908813477,113.37000274658205,24.20108795166016,47.03694152832031,2.065751791000366,95.48204040527344,4.1933465003967285,108.77191162109376,4.777006149291992
Germany,2000,DEU,81797255.0,2718560455818.0,898.9757690429688,373.4605407714844,330.7743530273437,166.42050170898438,15.252878189086914,3988.17919921875,3391.7763671875,85.39959716796875,108.74981689453124,2.7381491661071777,35.40999984741211,6.223745346069336,0.0,0.0,26.388887405395508,0.6644306778907776,69.16666412353516,1.7415077686309814
Germany,2001,DEU,81933882.0,2793373055251.0,915.2547607421876,376.5203247070313,338.8708801269531,173.79937744140625,13.504015922546388,4062.799072265625,3460.38134765625,85.50872039794922,113.21721649169922,2.7976856231689453,37.880001068115234,6.54299259185791,0.2762431204319,0.0068261828273534,29.005525588989254,0.7167491912841797,64.0884017944336,1.583674430847168
Germany,2002,DEU,82068328.0,2822441773260.0,898.8342895507812,375.7861022949219,324.4132385253906,173.60955810546875,12.822649002075195,4011.722900390625,3408.056640625,85.32731628417969,134.41940307617188,3.3654510974884038,44.4900016784668,7.621283054351807,0.5479452013969421,0.0137188732624053,43.28767013549805,1.083790898323059,64.93151092529297,1.625686526298523
Germany,2003,DEU,82111619.0,2831676106520.0,894.5010986328125,378.3052673339844,313.8465881347656,176.5869903564453,13.507147789001465,4010.470947265625,3405.056640625,85.26161193847656,138.84596252441406,3.4766616821289062,46.66999816894531,7.752104759216309,0.8528609871864319,0.0213553868234157,52.00817108154297,1.3022692203521729,49.92151641845703,1.2500200271606443
Germany,2004,DEU,82092706.0,2894624877966.0,876.56982421875,374.9078369140625,301.20819091796875,174.32699584960938,14.06833839416504,4009.893310546875,3366.810546875,84.34241485595703,172.27450561523438,4.315670967102051,57.970001220703125,9.509514808654783,1.509485125541687,0.0378143079578876,70.51219177246094,1.7664101123809814,56.22146987915039,1.4084113836288452
Germany,2005,DEU,82046733.0,2945460930734.0,867.8804931640625,361.974609375,305.1875305175781,175.90386962890625,13.049803733825684,3962.63525390625,3308.25537109375,83.89347076416016,196.8682098388672,4.992346286773682,63.43000030517578,10.341734886169434,3.5161287784576416,0.0891648903489112,74.66128540039062,1.893322467803955,52.790321350097656,1.338700532913208
Germany,2006,DEU,81701971.0,3086359147617.0,886.434326171875,367.6529541015625,313.19097900390625,180.1971893310547,13.34026050567627,4062.38720703125,3360.617431640625,83.1335220336914,234.34043884277344,5.797013759613037,72.55999755859375,11.51380443572998,6.056149959564209,0.1498144567012787,83.7540054321289,2.071870803833008,53.55882263183594,1.3249152898788452
Germany,2007,DEU,81298546.0,3220275669650.0,846.1529541015625,376.7151489257813,268.92388916015625,173.85147094726562,14.449073791503906,3893.42333984375,3214.107421875,82.98074340820312,285.448974609375,7.369626045227051,89.44000244140625,14.172080993652344,8.343085289001465,0.2153989821672439,107.73138427734376,2.7813727855682373,56.30319213867188,1.453616976737976
Germany,2008,DEU,81110780.0,3289020399474.0,856.6425170898438,353.5813293457031,296.4303894042969,180.9949493408203,13.578516006469728,3934.666259765625,3225.8837890625,82.44473266601562,294.3480834960937,7.522728443145752,94.37000274658205,14.925114631652832,11.894458770751951,0.3039897084236145,109.19524383544922,2.7907307147979736,53.93931579589844,1.3785407543182373
Germany,2009,DEU,80935276.0,3136502162046.0,789.9839477539062,316.2799072265625,282.4380798339844,168.39947509765625,12.559006690979004,3692.17822265625,3018.43212890625,82.20775604248047,299.1275634765625,8.146815299987793,96.08000183105467,16.34124755859375,17.624671936035156,0.4800123870372772,103.46456146240234,2.8178834915161133,49.95013046264648,1.3604044914245603
Germany,2010,DEU,80830916.0,3301123203586.0,826.7047119140625,341.31121826171875,277.15350341796875,184.8747711181641,12.43149185180664,3847.1513671875,3134.52880859375,81.96337890625,323.7440185546875,8.465435981750488,105.41000366210938,16.886945724487305,31.15364646911621,0.8146225810050964,100.3828125,2.6248648166656494,54.56510162353516,1.4267981052398682
Germany,2011,DEU,80857877.0,3467712967640.0,804.5415649414062,339.6244812011719,270.8089599609375,169.3988494873047,13.393264770507812,3710.584716796875,3032.669189453125,82.24610137939453,374.9230346679688,10.167926788330078,124.43000030517578,20.56694221496582,51.79015350341797,1.4045510292053225,129.1632080078125,3.50291109085083,45.77978897094727,1.2415496110916138
Germany,2012,DEU,80916391.0,3482225441398.0,814.093017578125,350.039306640625,271.9451599121094,167.83953857421875,13.288640975952148,3761.916259765625,3052.56396484375,81.68093872070312,428.2760314941406,11.459871292114258,143.39999389648438,23.13612174987793,68.9278335571289,1.8443807363510127,133.1958770751953,3.564074277877808,56.069583892822266,1.500317931175232
Germany,2013,DEU,81041581.0,3497463140441.0,831.7455444335938,357.2538452148437,280.3955383300781,170.26904296875,12.502979278564451,3868.51708984375,3147.404296875,81.9204330444336,445.7980651855469,11.60320281982422,151.9499969482422,24.13092041015625,78.3145751953125,2.0383665561676025,134.8772430419922,3.510576009750366,58.81841278076172,1.5309218168258667
Germany,2014,DEU,81376078.0,3574741315261.0,792.5836181640625,344.72247314453125,271.6025695800781,151.98867797851562,12.90459156036377,3710.464599609375,2963.163330078125,80.45003509521484,472.9235534667969,12.839898109436035,161.92999267578125,26.170503616333008,90.19847869873048,2.4488933086395264,148.8473358154297,4.041212558746338,49.83969497680664,1.3531502485275269
Germany,2015,DEU,82077546.0,3628073946157.0,800.822509765625,341.1174621582031,278.8614807128906,157.11212158203125,12.625554084777832,3780.85986328125,2981.134033203125,79.48593139648438,537.013427734375,14.318381309509276,188.13999938964844,29.43504905700684,96.39493560791016,2.570176601409912,204.11138916015625,5.442218780517578,48.04303359985352,1.2809706926345823
Germany,2016,DEU,82760102.0,3708979940863.0,797.98828125,329.4356384277344,275.70379638671875,169.16944885253906,12.662714004516602,3841.451171875,3060.6611328125,80.31843566894531,537.3480834960938,14.101187705993652,189.1300048828125,29.481544494628903,94.36180877685548,2.47625994682312,200.81407165527344,5.269800186157227,51.62311553955078,1.3547033071517944
Germany,2017,DEU,83104010.0,3808389445530.0,784.5951538085938,312.6923217773437,275.5064392089844,172.0454864501953,13.408147811889648,3949.555908203125,3122.242919921875,79.73907470703125,602.5205688476562,15.387794494628906,215.67999267578125,33.46677780151367,96.90250396728516,2.4747965335845947,264.23248291015625,6.7482428550720215,50.375,1.2865289449691772
Germany,2018,DEU,83368507.0,3845758522294.0,758.7713623046875,296.8706359863281,268.0942687988281,169.7602996826172,13.227900505065918,3845.41357421875,3002.167236328125,78.77617645263672,619.7752075195312,16.262758255004883,222.92999267578125,35.25811004638672,110.2487564086914,2.89290189743042,273.50994873046875,7.176837921142578,44.0124397277832,1.1548762321472168
Germany,2019,DEU,83559184.0,3886392581475.0,708.6489868164062,240.1139678955078,271.9332275390625,172.76217651367188,13.286640167236328,3753.70361328125,2868.07568359375,77.1878662109375,661.8125,17.811208724975586,241.1699981689453,40.18896865844727,111.93316650390624,3.0124316215515137,311.6188049316406,8.38652515411377,48.839111328125,1.314395785331726
Germany,2020,DEU,83628711.0,3742721113842.0,647.1768188476562,198.5301971435547,254.4648284912109,170.96340942382812,13.35749053955078,3498.9150390625,2609.17919921875,75.38958740234375,692.77978515625,20.017168045043945,251.4900054931641,44.37406539916992,122.21234130859376,3.5312016010284424,326.17779541015625,9.42457675933838,45.239505767822266,1.3071496486663818
Germany,2021,DEU,83697080.0,3841041747482.0,677.9976806640625,232.1385955810547,240.52484130859372,181.3095703125,13.640216827392578,3598.492431640625,2749.06689453125,77.13961791992188,644.4158935546875,18.08249855041504,232.5,40.16723251342773,121.527099609375,3.410085916519165,282.3817749023437,7.923715114593506,48.41728210449219,1.3586031198501587
Germany,2022,DEU,84086227.0,3909612753939.0,667.843017578125,239.42755126953125,247.01657104492188,158.68511962890625,12.537957191467283,3455.449951171875,2639.55029296875,77.17733764648438,695.2796630859375,20.32915496826172,251.5399932861328,44.372703552246094,148.16708374023438,4.332230567932129,306.6732177734375,8.96676254272461,43.30263519287109,1.2661179304122925
Greece,2000,GRC,10782638.0,223530895992.0,102.97276306152344,45.85139846801758,45.63212203979492,3.9823310375213614,6.5367631912231445,373.0520935058594,360.79833984375,96.90818786621094,11.51111125946045,3.0918128490448,4.139999866485596,7.820173740386963,0.0,0.0,1.2527776956558228,0.3364883065223694,10.258333206176758,2.755324363708496
Greece,2001,GRC,10843166.0,234861781413.0,105.36145782470705,47.01961135864258,46.85923004150391,3.9229679107666016,6.565918922424316,376.0252380371094,367.39154052734375,97.83551025390624,8.128089904785156,2.164491415023804,2.940000057220459,5.595736503601074,0.0,0.0,2.088397741317749,0.5561354160308838,5.79281759262085,1.5426137447357178
Greece,2002,GRC,10890287.0,246267119689.0,105.0002670288086,45.54428482055664,47.89317321777344,4.240238189697266,6.313266754150391,376.3705749511719,365.89544677734375,97.37892150878906,9.848544120788574,2.6210782527923584,3.5799999237060547,6.7091450691223145,0.0,0.0,1.7835617065429688,0.4746747016906738,7.6712327003479,2.041611433029175
Greece,2003,GRC,10918467.0,262880256421.0,109.06655883789062,45.61589050292969,51.3369255065918,4.756900787353516,6.368128776550293,398.3160400390625,381.1978454589844,95.9484634399414,16.096515655517578,4.051534175872803,5.889999866485596,10.282821655273438,0.0,0.0,2.7820162773132324,0.7002405524253845,12.986374855041504,3.26870346069336
Greece,2004,GRC,10947369.0,278667908011.0,109.48484802246094,47.09390640258789,49.78139877319336,5.24463415145874,6.363901138305664,398.23236083984375,381.1408386230469,95.9497299194336,16.0888729095459,4.05026912689209,5.909999847412109,10.151150703430176,0.0021002711728215,0.0005287296371534,3.0373034477233887,0.7646214365959167,12.661458969116213,3.187440156936645
Greece,2005,GRC,10981340.0,282859759866.0,113.88880920410156,46.60402297973633,53.965576171875,5.384884834289551,6.791114807128906,399.6061706542969,381.2219848632813,95.66504669189452,17.274646759033203,4.334954738616943,6.409999847412109,10.914353370666504,0.0025618278887122,0.0006428731721825,3.4044406414031982,0.8543210625648499,13.487895011901855,3.384694814682007
Greece,2006,GRC,11016107.0,301538680337.0,112.41936492919922,42.79381942749024,55.697879791259766,6.283827781677246,6.599217891693115,411.3058776855469,388.8902587890625,94.85130310058594,21.10965156555176,5.148696422576904,7.670000076293945,12.910284996032717,0.0037058822344988,0.0009038739372044,4.543724536895752,1.108225703239441,15.681414604187012,3.8247361183166495
Greece,2007,GRC,11045737.0,314210147911.0,114.54544830322266,45.19254684448242,54.06550216674805,7.808080196380615,6.406630992889404,419.3504028320313,405.3247680664063,96.8293914794922,13.272072792053224,3.170609951019287,4.590000152587891,7.355769157409668,0.0037765959277749,0.0009022036683745,4.835106372833252,1.1550748348236084,6.892080307006836,1.6464722156524658
Greece,2008,GRC,11076874.0,315974328109.0,111.08003997802734,43.285274505615234,52.72050476074219,8.109119415283203,6.05353307723999,411.5850830078125,394.5705261230469,96.09174346923828,16.048025131225586,3.908256053924561,5.75,9.24734592437744,0.013815302401781,0.0033645099028944,5.915567398071289,1.440647840499878,8.739545822143555,2.128385543823242
Greece,2009,GRC,11108067.0,305101334774.0,104.3194808959961,42.24293518066406,50.11505889892578,6.623294830322266,4.581723213195801,396.3978271484375,372.6297607421875,94.3251724243164,22.41828346252441,5.6748247146606445,8.15999984741211,13.523366928100586,0.1312335878610611,0.0332196541130542,6.674540519714356,1.689551591873169,14.04870891571045,3.5562026500701904
Greece,2010,GRC,11124666.0,290984350750.0,97.35414123535156,41.25984954833984,43.99527740478516,7.166042804718018,4.208597183227539,378.4373474121094,347.664306640625,92.3040771484375,28.98677062988281,7.695921421051025,10.529999732971191,18.600954055786133,0.4108020663261413,0.1090670078992843,7.067544460296631,1.8764169216156008,19.46550178527832,5.168045997619629
Greece,2011,GRC,11108838.0,266793942822.0,94.5052261352539,42.07960891723633,40.495216369628906,8.810980796813965,2.430425882339477,371.2845458984375,347.5272521972656,93.94216918945312,22.41019630432129,6.057834148406982,8.149999618530273,13.943540573120115,1.5811164379119873,0.4274010360240936,8.58867073059082,2.321654796600342,10.391619682312012,2.809020757675171
Greece,2012,GRC,11048291.0,247887031358.0,91.39259338378906,43.25695037841797,36.29499435424805,8.094043731689453,3.0993030071258545,349.302001953125,319.9549865722656,92.03297424316406,27.69756126403809,7.967023849487305,10.130000114440918,16.9086971282959,4.365943431854248,1.2558352947235107,9.92308521270752,2.854311227798462,11.320940971374512,3.2563953399658203
Greece,2013,GRC,10967534.0,241650188710.0,81.7132568359375,37.290714263916016,32.90867233276367,7.335771083831787,3.6389570236206055,328.3033142089844,287.4749450683594,88.20521545410156,38.44110107421875,11.794785499572754,14.359999656677246,25.47454261779785,9.330182075500488,2.8627562522888184,10.58602523803711,3.2480835914611816,16.232534408569336,4.980587482452393
Greece,2014,GRC,10893169.0,242799798246.0,78.63569641113281,35.22716522216797,33.48188781738281,5.559040069580078,3.821924924850464,307.91021728515625,273.05401611328125,89.25450897216797,32.8734130859375,10.74549388885498,12.18000030517578,24.546554565429688,9.648561477661133,3.1538727283477783,9.385686874389648,3.067945718765259,11.395221710205078,3.724812269210816
Greece,2015,GRC,10820902.0,242323725826.0,74.92666625976562,29.9488582611084,34.97719955444336,6.034754753112793,3.4672811031341557,311.7230834960937,269.76617431640625,87.20443725585938,39.58295440673828,12.795560836791992,14.850000381469728,29.089130401611328,9.872495651245115,3.1913766860961914,11.698781967163086,3.781740665435791,15.43846607208252,4.990628719329834
Greece,2016,GRC,10775506.0,241143085639.0,71.35961151123047,23.593530654907227,35.568260192871094,7.91212797164917,3.772240877151489,306.9926452636719,265.0513916015625,87.02482604980469,39.51845932006836,12.975171089172363,14.890000343322754,27.65601921081543,9.873658180236816,3.2418370246887207,12.929387092590332,4.245130062103272,13.926225662231444,4.572423934936523
Greece,2017,GRC,10753532.0,243776808141.0,74.84175109863281,26.019317626953125,35.02766418457031,9.536080360412598,3.6852099895477295,322.19732666015625,283.3632202148437,88.55085754394531,36.637306213378906,11.449140548706056,13.800000190734863,25.18248176574707,9.978692054748535,3.1183362007141118,13.842467308044434,4.325764179229736,9.906367301940918,3.0957348346710205
Greece,2018,GRC,10730846.0,247844015413.0,71.77809143066406,24.851030349731445,33.83292770385742,9.071744918823242,3.419472932815552,324.0658264160156,279.2142333984375,86.83647155761719,42.32604598999024,13.163528442382812,16.139999389648438,30.678577423095703,9.429482460021973,2.9325976371765137,15.672286033630373,4.874128341674805,14.287182807922363,4.443356990814209
Greece,2019,GRC,10718581.0,252514250712.0,65.736328125,17.878835678100586,33.91538619995117,9.998172760009766,3.360214948654175,316.8872985839844,271.9769287109375,86.5237808227539,42.36085510253906,13.476221084594728,16.100000381469727,33.57664108276367,10.961658477783203,3.487222671508789,17.986005783081055,5.721872329711914,9.899994850158691,3.1494765281677246
Greece,2020,GRC,10699370.0,229777821500.0,55.576927185058594,10.14711093902588,31.009185791015625,11.043011665344238,2.9777839183807373,276.95611572265625,228.2075653076172,83.215087890625,46.0306396484375,16.784912109375,17.549999237060547,36.93959045410156,10.979887008666992,4.003777027130127,22.987911224365234,8.382460594177246,8.256017684936523,3.010527849197388
Greece,2021,GRC,10579561.0,249158215293.0,57.52791213989258,9.259127616882324,32.276912689208984,12.363329887390137,3.166778087615967,302.53619384765625,241.73768615722656,80.80044555664062,57.44097137451172,19.19955444335937,22.1299991607666,40.80014419555664,12.933444023132324,4.322983264923096,25.82015037536621,8.630345344543457,14.540491104125977,4.86013650894165
Greece,2022,GRC,10412481.0,263892672733.0,57.60904693603516,8.767123222351074,35.27401351928711,10.21883773803711,2.9049229621887207,314.334228515625,252.5953063964844,81.21737670898438,58.41609573364258,18.782621383666992,22.450000762939453,43.44881439208984,17.54229736328125,5.640403270721436,26.74017143249512,8.597810745239258,9.47221565246582,3.045616865158081
Hong Kong,2000,HKG,6704665.0,218622146616.0,39.76544570922852,14.46415901184082,20.71803855895996,4.583248138427734,0.0,197.47532653808597,197.47531127929688,100.0,0.0,0.0,0.0,0.0,0.0,0.0,0.0,0.0,0.0,0.0
Hong Kong,2001,HKG,6774243.0,219159408785.0,37.28852844238281,15.1396484375,17.45529556274414,4.693583965301514,0.0,249.42022705078125,249.42022705078125,100.0,0.0,0.0,0.0,0.0,0.0,0.0,0.0,0.0,0.0,0.0
Hong Kong,2002,HKG,6821412.0,222182532288.0,39.00328063964844,19.66102409362793,14.769583702087402,4.572671890258789,0.0,243.4325256347656,243.4325256347656,100.0,0.0,0.0,0.0,0.0,0.0,0.0,0.0,0.0,0.0,0.0
Hong Kong,2003,HKG,6858906.0,225487397415.0,42.73318862915039,25.06021881103516,14.75251293182373,2.920454978942871,0.0,251.4054412841797,251.40542602539065,100.0,0.0,0.0,0.0,0.0,0.0,0.0,0.0,0.0,0.0,0.0
Hong Kong,2004,HKG,6888164.0,243895605092.0,41.157752990722656,23.169095993041992,13.768099784851074,4.220555782318115,0.0,281.5269470214844,281.5269470214844,100.0,0.0,0.0,0.0,0.0,0.0,0.0,0.0,0.0,0.0,0.0
Hong Kong,2005,HKG,6908483.0,259469641313.0,43.33409118652344,25.46693229675293,13.649542808532717,4.217617034912109,0.0,270.0904541015625,270.0904541015625,100.0,0.0,0.0,0.0,0.0,0.0,0.0,0.0,0.0,0.0,0.0
Hong Kong,2006,HKG,6931089.0,274690745926.0,41.9148063659668,25.239091873168945,11.8226957321167,4.4586992263793945,0.394322007894516,285.7524719238281,285.75048828125,99.99935150146484,0.0018556148279458,0.0006493786931969,0.0,0.0,0.0,0.0,0.0018556148279458,0.0006493786931969,0.0,0.0
Hong Kong,2007,HKG,6971344.0,291247413551.0,43.57243728637695,27.604576110839844,11.732128143310549,3.850863933563232,0.3848699927330017,304.01446533203125,304.01202392578125,99.9992446899414,0.0023005320690572,0.0007567183347418,0.0,0.0,0.0,0.0,0.0023005320690572,0.0007567183347418,0.0,0.0
Hong Kong,2008,HKG,7020689.0,295823304243.0,42.794246673583984,25.963104248046875,11.713808059692385,4.572671890258789,0.5446640253067017,282.853271484375,282.8510131835937,99.9992446899414,0.0021292874589562,0.0007527890847995,0.0,0.0,0.0,0.0,0.0021292874589562,0.0007527890847995,0.0,0.0
Hong Kong,2009,HKG,7064464.0,285619082956.0,41.58306503295898,27.117263793945312,8.863216400146484,5.173567771911621,0.4290159940719604,308.8583068847656,308.8552551269531,99.9990692138672,0.0028845143970102,0.0009339285315945,0.0,0.0,0.0,0.0,0.0028845143970102,0.0009339285315945,0.0,0.0
Hong Kong,2010,HKG,7101614.0,302377330309.0,40.06290435791016,23.58883285522461,9.438464164733888,6.477952003479004,0.5576549768447876,321.1756896972656,321.0028686523437,99.94710540771484,0.1698731631040573,0.0528915263712406,0.0399999991059303,0.1046298742294311,0.0026041667442768,0.0008108305628411,0.0027109375223517,0.0008440746460109,0.0,0.0
Hong Kong,2011,HKG,7142969.0,314044556431.0,43.149715423583984,28.062576293945312,9.236944198608398,5.268832206726074,0.5813639760017395,329.3310546875,328.8775329589844,99.86336517333984,0.449980765581131,0.1366362422704696,0.0399999991059303,0.1026430502533912,0.0077720205299556,0.0023599669802933,0.0022487046662718,0.0006828171317465,0.0,0.0
Hong Kong,2012,HKG,7201059.0,319384208506.0,42.738399505615234,27.622896194458008,9.599679946899414,4.884111881256104,0.6317099928855896,316.4894714355469,316.2942199707031,99.93939208984376,0.1918108761310577,0.0606064274907112,0.0399999991059303,0.1038152128458023,0.0077319587580859,0.0024430647026747,0.0027139175217598,0.0008575157262384,0.0,0.0
Hong Kong,2013,HKG,7264330.0,329290162080.0,44.31049728393555,29.450000762939453,9.428251266479492,4.756265163421631,0.6759790182113647,325.02764892578125,324.50372314453125,99.8397445678711,0.5208629369735718,0.1602533906698227,0.0399999991059303,0.1025378108024597,0.0076726344414055,0.0023606319446116,0.0021381075493991,0.0006578294560313,0.0,0.0
Hong Kong,2014,HKG,7319502.0,338386398632.0,45.49175262451172,30.85336303710937,9.26700210571289,4.646326065063477,0.7250630259513855,317.207763671875,316.7261962890625,99.84929656982422,0.4780336916446686,0.1507021784782409,0.0399999991059303,0.1006542444229126,0.0076335878111422,0.0024065212346613,0.0022900763433426,0.000721956428606,0.0,0.0
Hong Kong,2015,HKG,7366411.0,346466191769.0,42.40351867675781,25.373199462890625,10.211567878723145,6.082240104675293,0.7365120053291321,326.451171875,325.7787170410156,99.79541778564452,0.667840301990509,0.2045787572860717,0.0700000002980232,0.1848917007446289,0.0101265823468565,0.003102064365521,0.0020531644113361,0.0006289434968493,0.0,0.0
Hong Kong,2016,HKG,7408006.0,354003396927.0,43.3658447265625,25.37472152709961,11.05335521697998,6.235601902008057,0.7021669745445251,335.0529479980469,334.3590393066406,99.79442596435548,0.6887772679328918,0.2055758088827133,0.1400000005960464,0.3672612905502319,0.0100502520799636,0.0029996470548212,0.0012361810076981,0.0003689565928652,0.0,0.0
Hong Kong,2017,HKG,7444889.0,367441685993.0,42.43117141723633,23.772031784057617,11.838383674621582,6.217807769775391,0.602948009967804,359.3407287597656,358.5839233398437,99.79090118408205,0.7513749599456787,0.2091013491153717,0.1500000059604644,0.4060639142990112,0.0140124997124075,0.0038995610084384,0.0026124999858438,0.0007270368514582,0.0,0.0
Hong Kong,2018,HKG,7471190.0,377902310676.0,42.59702301025391,24.411136627197266,11.500308990478516,6.0597357749938965,0.6258440017700195,363.5733337402344,362.6946411132813,99.75987243652344,0.8730258941650391,0.2401274740695953,0.1500000059604644,0.4101722836494446,0.0158781092613935,0.0043673049658536,0.0017412934685125,0.0004789461672771,0.0,0.0
Hong Kong,2019,HKG,7485817.0,371582312306.0,41.89659118652344,23.37794303894043,11.621193885803224,6.286874771118164,0.6105800271034241,344.5447082519531,343.6655578613281,99.74708557128906,0.8713868260383606,0.2529153525829315,0.1599999964237213,0.4331348240375519,0.0410891063511371,0.0119258929044008,0.0017326731467619,0.0005028990563005,0.0,0.0
Hong Kong,2020,HKG,7490240.0,347263059452.0,33.512996673583984,12.44660758972168,11.050623893737791,9.43113613128662,0.5846279859542847,257.9467468261719,256.7388000488281,99.53790283203124,1.1918870210647583,0.4620958566665649,0.1899999976158142,0.5531295537948608,0.1289753019809723,0.0500038601458072,0.0025333333760499,0.0009821760468184,0.0,0.0
Hong Kong,2021,HKG,7484604.0,369654417943.0,33.63699722290039,13.831600189208984,9.88913631439209,9.423808097839355,0.4924539923667907,243.68637084960935,242.0644378662109,99.34587097167967,1.5938421487808228,0.6541301012039185,0.2599999904632568,0.7178354263305664,0.2964507639408111,0.1216666102409362,0.0020492610055953,0.0008410389418713,0.0,0.0
Hong Kong,2022,HKG,7465913.0,356690492875.0,30.7637996673584,13.602002143859863,7.350823879241943,9.200393676757812,0.6105800271034241,217.4092712402344,215.3578643798828,99.07333374023438,2.014311552047729,0.9266648292541504,0.3300000131130218,0.9141274690628052,0.4402162134647369,0.2025172710418701,0.0020442260429263,0.0009404267184436,0.0,0.0
Hungary,2000,HUN,10190598.0,134151505450.0,58.244407653808594,16.473251342773438,17.501983642578125,22.044607162475582,1.3530579805374146,280.80230712890625,239.8325042724609,85.67926025390625,0.6975694298744202,0.2492040693759918,0.2399999946355819,0.6820119619369507,0.0,0.0,0.0,0.0,0.4944444298744201,0.1766384243965149
Hungary,2001,HUN,10166693.0,142043461403.0,59.827754974365234,15.905081748962402,17.278690338134766,24.46083641052246,1.3565930128097534,287.644287109375,247.04904174804688,86.13789367675781,0.7353246212005615,0.2563835680484772,0.2599999904632568,0.713893473148346,0.0,0.0,0.0027624310459941,0.0009631690336391,0.5138121843338013,0.1791494488716125
Hungary,2002,HUN,10138461.0,151456660939.0,58.84197998046875,15.661544799804688,16.36109161376953,24.581769943237305,1.4257830381393433,280.9121398925781,241.12794494628903,86.1107177734375,0.6654965281486511,0.2376596480607986,0.2300000041723251,0.6362378597259521,0.0,0.0,0.0027397261001169,0.0009784008143469,0.5315068364143372,0.1898097395896911
Hungary,2003,HUN,10108970.0,160456137012.0,61.61124801635742,16.198379516601562,16.132863998413086,26.96893119812012,1.411834955215454,284.3871154785156,252.7170562744141,89.07734680175781,0.9799642562866212,0.345416396856308,0.3300000131130218,0.9668912887573242,0.0,0.0,0.010899182409048,0.0038417282048612,0.4659400582313537,0.1642338782548904
Hungary,2004,HUN,10085788.0,171925388770.0,59.98492431640625,15.512646675109863,15.68001937866211,26.55687141418457,1.2892990112304688,288.9267578125,253.0567626953125,87.81077575683594,2.837440729141236,0.9845927953720092,0.9399999976158142,2.788490056991577,0.0,0.0,0.0162601638585329,0.0056422818452119,0.5555555820465088,0.1927779614925384
Hungary,2005,HUN,10065703.0,183107031890.0,60.14208221435547,13.642698287963867,16.48110580444336,27.76753807067871,1.1989400386810305,308.0772705078125,264.13580322265625,86.00833892822266,5.780915260314941,1.8823912143707275,1.870000004768372,5.230769157409668,0.0,0.0,0.0268817190080881,0.0087532699108123,0.5430107712745667,0.1768160611391067
Hungary,2006,HUN,10049946.0,194033322767.0,59.528564453125,13.669093132019045,17.22171974182129,26.298179626464844,1.2958539724349976,302.060546875,260.4930114746094,86.4925765991211,4.688857555389404,1.5568606853485107,1.4900000095367432,4.156206607818604,0.0,0.0,0.1149732619524002,0.0381750464439392,0.4973261952400207,0.1651292741298675
Hungary,2007,HUN,10034084.0,198872162765.0,58.44858551025391,13.627239227294922,17.592187881469727,24.88421058654785,1.3280960321426392,298.08551025390625,252.03384399414065,84.82073211669922,6.06865930557251,2.04237699508667,1.8799999952316284,4.704704761505127,0.0,0.0,0.292553186416626,0.0984573140740394,0.5585106611251831,0.1879639774560928
Hungary,2008,HUN,10016653.0,204720371926.0,57.18442916870117,13.118041038513184,17.33635711669922,24.40149307250977,1.2606480121612549,293.896484375,244.67544555664065,83.55403900146484,9.061903953552246,3.094543218612671,2.3499999046325684,5.872063636779785,0.0026385225355625,0.0009010271169245,0.5408970713615417,0.1847105473279953,0.5620052814483643,0.1919187754392624
Hungary,2009,HUN,10001381.0,195180908684.0,51.45752716064453,11.23711395263672,17.260343551635742,21.213647842407227,0.972706973552704,272.6883850097656,220.37940979003903,81.14541625976562,10.718189239501951,3.946520566940308,2.890000104904175,8.047898292541504,0.0026246719062328,0.0009664246463216,0.8687663674354553,0.3198865354061126,0.5984251499176025,0.2203447967767715
Hungary,2010,HUN,9979128.0,200496589291.0,51.99271774291992,11.72136402130127,16.066936492919922,22.697303771972656,0.735351026058197,277.8270568847656,224.50962829589844,81.16297149658203,11.061929702758787,3.999022483825684,3.0199999809265137,8.083511352539062,0.0026041667442768,0.000941438076552,1.3723958730697632,0.4961378574371338,0.4895833134651184,0.17699034512043
Hungary,2011,HUN,9946675.0,208407605976.0,50.156009674072266,12.02208137512207,15.139999389648438,21.66144371032715,0.5636199712753296,269.4639587402344,217.82354736328125,81.18356323242188,9.85157871246338,3.6717164516448975,2.7100000381469727,7.523598194122314,0.0025906737428158,0.0009655528119765,1.6217615604400637,0.6044359803199768,0.575129508972168,0.2143526971340179
Hungary,2012,HUN,9916621.0,205802052322.0,46.72018051147461,11.53815460205078,14.471019744873049,19.32577133178711,0.6784210205078125,251.1159820556641,199.77081298828125,79.91111755371094,9.516815185546877,3.806859254837036,2.640000104904175,7.625650405883789,0.0206185579299926,0.0082477107644081,1.9875798225402832,0.7950596809387207,0.548969030380249,0.2195952832698822
Hungary,2013,HUN,9889344.0,209511661762.0,43.48653030395508,10.259635925292969,13.982383728027344,18.0307731628418,0.5158810019493103,238.0414123535156,187.8143768310547,79.2900161743164,9.747319221496582,4.115047931671143,2.7799999713897705,9.18401050567627,0.0639386177062988,0.0269931089133024,1.8360741138458248,0.7751395106315613,0.5447570085525513,0.2299812883138656
Hungary,2014,HUN,9862843.0,218378634753.0,43.63887405395508,10.288543701171877,15.334574699401855,16.78179359436035,0.5657100081443787,238.26876831054688,185.84884643554688,78.38584899902344,11.42765998840332,4.8198676109313965,3.1600000858306885,10.751956939697266,0.1704834550619125,0.0719051584601402,1.6705851554870603,0.7046061158180237,0.7659032940864563,0.3230366110801697
Hungary,2015,HUN,9839211.0,226474616785.0,46.56691360473633,10.623978614807127,16.673084259033203,17.894607543945312,0.6756929755210876,251.03965759277344,198.3266448974609,79.36540985107422,11.476804733276367,4.592732906341553,3.220000028610229,10.616551399230955,0.3569620251655578,0.1428473591804504,1.7544304132461548,0.7020795941352844,0.5924050211906433,0.2370658218860626
Hungary,2016,HUN,9810529.0,231459349147.0,47.03911972045898,9.878765106201172,16.71319580078125,19.040943145751957,0.7052279710769653,255.4947967529297,202.30747985839844,79.56830596923828,11.61240577697754,4.567203998565674,3.25,10.194479942321776,0.6130653023719788,0.2411209344863891,1.7185930013656616,0.6759291887283325,0.6507537961006165,0.2559439539909363
Hungary,2017,HUN,9785608.0,241347220007.0,49.42352294921875,10.177044868469238,17.63054084777832,20.10698127746582,0.7831289768218994,269.29345703125,215.88479614257807,80.53302001953125,11.941125869750977,4.454482078552246,3.4800000190734863,10.57108211517334,0.8725000023841858,0.3254747986793518,1.8949999809265137,0.7069051265716553,0.550000011920929,0.2051703631877899
Hungary,2018,HUN,9774395.0,254289117363.0,49.36623001098633,9.576752662658691,18.71200561523437,19.466779708862305,0.8817920088768005,271.2025756835937,217.81222534179688,80.66577911376953,13.069087982177734,4.840077877044678,3.7699999809265137,11.76287078857422,1.5646766424179075,0.5794709920883179,1.5099501609802246,0.5592032670974731,0.5522388219833374,0.2045191675424575
Hungary,2019,HUN,9770346.0,266658311342.0,49.15895080566406,8.32433032989502,19.51988983154297,19.598182678222656,1.0228630304336548,274.8924865722656,217.7583770751953,79.62572479248047,15.402215957641602,5.631988048553467,4.699999809265137,13.710618019104004,3.705445289611816,1.3549364805221558,1.804455280303955,0.659818708896637,0.5420792102813721,0.1982171684503555
Hungary,2020,HUN,9749459.0,254563881936.0,47.10531997680664,7.510636806488037,17.463003158569336,20.553878784179688,0.9287869930267334,270.3273010253906,210.90403747558597,78.44819641113281,18.2989559173584,6.806508541107178,5.519999980926514,15.807560920715332,6.071605205535889,2.258404016494751,1.617283821105957,0.6015674471855164,0.6024691462516785,0.2240953743457794
Hungary,2021,HUN,9707848.0,272892486007.0,48.3262825012207,6.060381889343262,18.88718032836914,21.796161651611328,1.0015000104904177,283.9583435058594,221.13987731933597,78.32614135742188,21.80804252624512,7.724250316619873,6.909999847412109,19.14127540588379,9.349754333496094,3.311615228652954,1.6354680061340332,0.5792708992958069,0.5221675038337708,0.1849479377269745
Hungary,2022,HUN,9684308.0,285385229433.0,45.26734161376953,5.558780193328857,19.64715576171875,18.72991180419922,0.8145459890365601,267.0469970703125,202.7487945556641,76.40264129638672,23.7699031829834,8.957308769226074,7.659999847412109,21.40860939025879,11.626535415649414,4.381274223327637,1.4987715482711792,0.5647881031036377,0.4373464286327362,0.1648070216178894
Iceland,2000,ISL,281293.0,9307402059.0,2.9327409267425537,0.4656989872455597,2.2428019046783447,0.0001409999968018,0.0644420012831687,33.229618072509766,10.698216438293455,32.94619369506836,21.7735652923584,67.05380249023438,7.610000133514404,100.0,0.0,0.0,0.0,0.0,17.640243530273438,54.3248405456543
Iceland,2001,ISL,285058.0,9632094658.0,2.8649919033050537,0.5021060109138489,2.15500807762146,0.0001709999924059,0.0576889999210834,33.599830627441406,10.20082664489746,31.01392936706543,22.69028854370117,68.98606872558594,7.960000038146973,100.0,0.0,0.0,0.0,0.0,18.15634155273437,55.20135498046875
Iceland,2002,ISL,287609.0,9623436669.0,2.991995096206665,0.5128800272941589,2.2874159812927246,0.0001559999946039,0.0382679998874664,34.91136169433594,10.558629035949709,30.939722061157227,23.567821502685547,69.0602798461914,8.34000015258789,99.88023376464844,0.0,0.0,0.0,0.0,19.09775924682617,55.96175003051758
Iceland,2003,ISL,289616.0,9810546928.0,2.9854369163513184,0.510263979434967,2.298959970474243,0.0001670000056037,0.0321130007505416,35.08639144897461,10.637617111206056,30.99075508117676,23.68751335144043,69.00924682617188,8.430000305175781,99.88152313232422,0.0,0.0,0.0,0.0,19.29789352416992,56.220890045166016
Iceland,2004,ISL,292172.0,10591927126.0,3.1071701049804688,0.525750994682312,2.3975589275360107,0.0001380000030621,0.0497910007834434,35.780799865722656,11.129196166992188,31.7168083190918,23.960071563720703,68.28318786621094,8.539999961853027,100.0,0.0,0.0,0.0,0.0,19.327625274658203,55.081302642822266
Iceland,2005,ISL,296852.0,11206862490.0,2.9763600826263428,0.4844689965248108,2.309417963027954,9.000000318337698e-06,0.0539489984512329,35.90419006347656,11.256199836730955,31.888187408447266,24.042762756347656,68.11181640625,8.609999656677246,100.0,0.0,0.0,0.0,0.0,18.858295440673828,53.424503326416016
Iceland,2006,ISL,303883.0,11775508947.0,3.1543819904327397,0.5151559710502625,2.4401960372924805,1.4999999621068127e-05,0.0610480010509491,39.38225555419922,11.453036308288574,29.23990249633789,27.716163635253903,70.76009368896484,9.850000381469728,100.0,0.0,0.0,0.0,0.0,19.489295959472656,49.75668716430664
Iceland,2007,ISL,311662.0,12798725464.0,3.4943199157714844,0.5963889956474304,2.6741909980773926,1.5999999959603883e-05,0.0631719976663589,45.02045440673828,11.569497108459473,25.66277313232422,33.5133056640625,74.33722686767578,11.890000343322754,100.0,0.0,0.0,0.0,0.0,22.32376480102539,49.51725387573242
Iceland,2008,ISL,317519.0,13031114591.0,3.811487913131714,0.6392139792442322,2.9111990928649902,7.000000096013537e-06,0.0608280003070831,56.45076751708984,10.640056610107422,18.983604431152344,45.40861129760742,81.01639556884766,16.34000015258789,100.0,0.0,0.0,0.0,0.0,32.79005813598633,58.50283050537109
Iceland,2009,ISL,318619.0,12031037299.0,3.730448961257935,0.6217690110206604,2.8978970050811768,6.000000212225132e-06,0.0280969999730587,56.35503768920898,9.860662460327148,17.508806228637695,46.4576416015625,82.49119567871094,16.709999084472656,100.0,0.0,0.0,0.0,0.0,32.229244232177734,57.22694396972656
Iceland,2010,ISL,318163.0,11531450215.0,3.6266369819641113,0.6261169910430908,2.790491104125977,7.000000096013537e-06,0.0099240001291036,56.38602828979492,9.542614936828612,16.953006744384766,46.74601364135742,83.0469970703125,16.739999771118164,100.0,0.0,0.0,0.0,0.0,32.7918815612793,58.25667190551758
Iceland,2011,ISL,319139.0,11716753534.0,3.50347900390625,0.6394879817962646,2.6537110805511475,7.999999979801942e-06,0.0196470003575086,56.37745666503906,9.428261756896973,16.680419921875,47.09466552734375,83.319580078125,16.850000381469727,100.0,0.0,0.0,2.0559584299917333e-05,3.637388363131322e-05,32.4011344909668,57.32387924194336
Iceland,2012,ISL,320851.0,11841375384.0,3.499152898788452,0.658972978591919,2.656826972961426,9.000000318337698e-06,0.0,56.89812088012695,9.36335563659668,16.30109214782715,48.076690673828125,83.69890594482422,17.290000915527344,100.0,0.0,0.0,0.0,0.0,31.79517936706543,55.35367965698242
Iceland,2013,ISL,323891.0,12380449213.0,3.4887969493865967,0.6610029935836792,2.644402027130127,6.000000212225132e-06,0.0,58.71669387817383,9.902570724487305,16.718894958496094,49.327247619628906,83.2811050415039,17.989999771118164,100.0,0.0,0.0,0.0140274884179234,0.023683151230216,32.89729690551758,55.54178237915039
Iceland,2014,ISL,327517.0,12589333385.0,3.4452810287475586,0.6251689791679382,2.625370979309082,1.4000000192027072e-05,0.0,58.62973403930664,10.06750202178955,16.988157272338867,49.19438552856445,83.0118408203125,17.799999237060547,100.0,0.0,0.0,0.0213372632861137,0.0360050350427627,32.75576400756836,55.27289962768555
Iceland,2015,ISL,330962.0,13147880818.0,3.5410139560699463,0.6611819863319397,2.7058990001678467,1.4999999621068127e-05,0.0,61.20731735229492,10.999993324279783,17.83161735534668,50.68814849853516,82.16838073730469,18.549999237060547,100.0,0.0,0.0,0.0275802612304687,0.0447091795504093,34.888023376464844,56.555477142333984
Iceland,2016,ISL,335571.0,13976682094.0,3.49366307258606,0.6600890159606934,2.672808885574341,0.0003969999961555,0.0,61.44167709350586,12.187073707580566,19.64301300048828,49.855716705322266,80.35698699951172,18.170000076293945,100.0,0.0,0.0,0.0231401454657316,0.037297073751688,33.843204498291016,54.54816436767578
Iceland,2017,ISL,343537.0,14562998209.0,3.610949039459229,0.6932209730148315,2.7582390308380127,0.0006799999973736,0.0,64.24559783935547,13.438394546508787,20.696802139282227,51.49141693115234,79.3031997680664,19.06999969482422,100.0,0.0,0.0,0.0203172098845243,0.0312910340726375,35.14680480957031,54.13045883178711
Iceland,2018,ISL,352860.0,15275006901.0,3.6653549671173096,0.7150290012359619,2.783437013626098,0.0008200000156648,0.0,66.45856475830078,14.440814971923828,21.30040740966797,53.35514068603516,78.69959259033203,19.690000534057617,100.0,0.0,0.0,0.0108532337471842,0.016008673235774,34.36018753051758,50.6817626953125
Iceland,2019,ISL,360709.0,15550746271.0,3.552639961242676,0.6840119957923889,2.690648078918457,0.0031610000878572,0.0,63.328125,12.403624534606934,19.15692710876465,52.343841552734375,80.84307098388672,19.36000061035156,100.0,0.0,0.0,0.0162603724747896,0.0251135267317295,33.320457458496094,51.46217727661133
Iceland,2020,ISL,366626.0,14424580947.0,3.3389060497283936,0.6675729751586914,2.4810190200805664,0.003076999913901,0.0,58.08150863647461,8.271175384521484,13.873641967773438,51.34673690795898,86.12635803222656,18.88999938964844,100.0,0.0,0.0,0.0164451841264963,0.0275843013077974,32.486351013183594,54.49092483520508
Iceland,2021,ISL,372647.0,15049658393.0,3.49063491821289,0.7264930009841919,2.587416887283325,0.0013760000001639,0.0,60.64458084106445,9.626779556274414,15.505682945251465,52.45871353149414,84.49431610107422,19.38999938964844,100.0,0.0,0.0,0.0149926114827394,0.0241483338177204,34.0,54.76319885253906
Iceland,2022,ISL,380368.0,16019540441.0,3.5976850986480717,0.7697589993476868,2.640613079071045,0.0016100000357255,0.0,63.723670959472656,11.700956344604492,17.924671173095703,53.577545166015625,82.07533264160156,19.8700008392334,100.0,1.4742015082447324e-05,2.25832609430654e-05,0.0141253061592578,0.0216385256499052,34.87892150878906,53.430946350097656
India,2000,IND,1057922731.0,2804478499774.0,987.0650634765624,572.90283203125,313.4408569335937,52.79091262817383,45.95701217651367,3725.401123046875,3442.302978515625,92.7778549194336,224.1593475341797,6.04160213470459,80.2699966430664,14.048197746276855,0.019640851765871,0.0005293654394336,4.394444465637207,0.1184402257204055,213.8621063232422,5.764068126678467
India,2001,IND,1077898579.0,2940745466088.0,1001.1984252929688,582.110595703125,317.3631286621094,53.1281852722168,46.73965835571289,3740.87353515625,3462.326416015625,92.9067840576172,212.1622314453125,5.693082809448242,76.19000244140625,12.999710083007812,0.0306936781853437,0.0008236228022724,5.759668827056885,0.1545528173446655,198.95846557617188,5.338778018951416
India,2002,IND,1097600380.0,3024984520809.0,1032.7503662109375,598.5387573242188,325.889404296875,57.60887145996094,49.111236572265625,3870.80859375,3602.576416015625,93.40775299072266,201.23098754882807,5.217525482177734,72.77999877929688,11.938192367553713,0.0359761975705623,0.0009327923762612,5.712328910827637,0.1481095105409622,187.79421997070312,4.869136333465576
India,2003,IND,1116803000.0,3251114494190.0,1068.39794921875,625.8329467773438,331.33270263671875,58.56537628173828,50.88007736206055,4008.7099609375,3739.9462890625,93.6188735961914,205.48501586914065,5.143730163574219,74.62999725341797,11.695108413696287,0.0440370999276638,0.0011023429688066,7.096675395965576,0.1776449978351593,188.8179473876953,4.726518154144287
India,2004,IND,1135991509.0,3495022816540.0,1134.6109619140625,669.9928588867188,348.9924011230469,58.316036224365234,55.5446662902832,4352.6513671875,3977.076416015625,91.78396606445312,298.4032287597656,6.886624336242676,109.1999969482422,15.637529373168944,0.0492732189595699,0.0011371397413313,14.161057472229004,0.3268124461174011,272.7262878417969,6.294045925140381
India,2005,IND,1154676321.0,3752627653422.0,1195.393310546875,721.496337890625,353.1496887207031,59.3568000793457,59.68656921386719,4608.4169921875,4249.498046875,92.60253143310548,291.8139953613281,6.359037399291992,107.47000122070312,15.25435733795166,0.0488758534193038,0.0010650735348463,16.104839324951172,0.3509470820426941,261.8817138671875,5.706770420074463
India,2006,IND,1172878888.0,4069856052453.0,1293.3214111328125,773.55126953125,370.54388427734375,82.57962036132812,64.90540313720703,4854.86669921875,4440.67626953125,91.89070892333984,344.7429504394531,7.133749961853027,127.55999755859376,17.135257720947266,0.0192513354122638,0.000398367003072,24.96604347229004,0.5166211724281311,301.1158447265625,6.230976581573486
India,2007,IND,1190676028.0,4403215224414.0,1393.4852294921875,842.5357666015625,392.8177490234375,87.95613098144531,68.33326721191406,5268.9599609375,4815.8564453125,91.8193588256836,381.6436462402344,7.276436805725098,141.75,17.801973342895508,0.1569149047136306,0.002991747111082,31.071277618408203,0.5924065113067627,326.0986633300781,6.217412948608398
India,2008,IND,1207930960.0,4649548164533.0,1490.366455078125,910.75341796875,414.2041320800781,90.27657318115234,73.2447280883789,5576.52880859375,5139.8974609375,92.56427001953124,372.70361328125,6.712008953094482,138.91000366210938,16.768268585205078,0.1662269085645675,0.0029935757629573,37.93720245361328,0.683210015296936,303.87603759765625,5.472495079040527
India,2009,IND,1225524764.0,4993478894185.0,1613.32763671875,983.9468994140624,433.7709045410156,112.46310424804688,81.26795959472656,5988.3896484375,5566.13671875,93.2955093383789,355.86181640625,5.964695453643799,133.25,15.165655136108398,0.1968503892421722,0.0032994621433317,42.70603561401367,0.715807318687439,279.1024169921875,4.678110599517822
India,2010,IND,1243481565.0,5361371354007.0,1678.529541015625,1015.9830322265624,440.6919860839844,134.12115478515625,86.02924346923828,6247.89013671875,5786.57861328125,92.97740936279295,376.9512023925781,6.056765079498291,141.52999877929688,15.114428520202637,0.2942708134651184,0.0047282753512263,50.66770935058594,0.8141170740127563,283.187744140625,4.550195217132568
India,2011,IND,1261224956.0,5720692888000.0,1765.69482421875,1074.385009765625,461.3699951171875,135.97720336914062,91.3144989013672,6587.01025390625,6017.4873046875,91.75987243652344,456.895263671875,6.967135429382324,171.94000244140625,16.655689239501953,2.142487049102783,0.0326705016195774,62.05258560180664,0.946231722831726,341.2036437988281,5.202969551086426
India,2012,IND,1278674501.0,6052427493607.0,1926.986328125,1206.4517822265625,491.14752197265625,125.55769348144533,100.2371597290039,6937.76806640625,6396.478515625,92.55564880371094,429.0638122558594,6.208459854125977,161.8300018310547,14.868340492248535,5.409793376922607,0.0782785341143608,70.70257568359375,1.0230509042739868,298.3927001953125,4.3176774978637695
India,2013,IND,1295829507.0,6424470752490.0,1995.337158203125,1276.38330078125,498.314453125,109.55399322509766,107.81983947753906,7163.0615234375,6565.57763671875,92.05560302734376,481.4220886230469,6.749992370605469,182.9900054931641,16.034454345703125,8.780051231384277,0.1231046169996261,76.74526977539062,1.0760412216186523,337.5524597167969,4.732804298400879
India,2014,IND,1312277184.0,6875186158349.0,2148.052001953125,1407.0570068359375,513.8397216796875,107.80099487304688,115.82489776611328,7652.73193359375,7011.5830078125,92.01297760009766,520.3690185546875,6.828800201416016,198.5,15.770488739013672,12.491093635559082,0.1639205813407898,85.12696838378906,1.1171208620071411,353.6801147460937,4.641342639923096
India,2015,IND,1328024494.0,7391521519812.0,2231.8173828125,1449.5865478515625,557.5231323242188,103.06242370605467,117.5079116821289,7892.48974609375,7264.5771484375,92.40953826904295,499.72650146484375,6.356804370880127,191.6699981689453,14.625044822692873,17.955825805664062,0.2284082919359207,82.88956451416016,1.054402232170105,337.9115905761719,4.298427104949951
India,2016,IND,1343944296.0,8057465593010.0,2352.5400390625,1499.401123046875,616.1124267578125,109.98909759521484,123.28131103515624,8262.8564453125,7609.86376953125,92.47314453125,524.18505859375,6.369764804840088,201.3999938964844,14.437999725341797,30.6605167388916,0.3725788593292236,109.17765808105467,1.3266993761062622,323.0015869140625,3.9250338077545166
India,2017,IND,1359657398.0,8550029645172.0,2425.721923828125,1551.256103515625,634.115966796875,116.4794921875,121.0472412109375,8571.6708984375,7861.3515625,92.11127471923828,579.7371826171875,6.79276704788208,225.9600067138672,15.45141887664795,55.91205978393555,0.655120313167572,131.5731964111328,1.541640043258667,339.9477233886719,3.98315954208374
India,2018,IND,1374659067.0,9173201683791.0,2595.22705078125,1668.31787109375,658.7147216796875,126.73965454101562,138.9648895263672,9063.3603515625,8266.076171875,91.615966796875,659.3104858398438,7.3073811531066895,256.0799865722656,16.293703079223633,93.1619644165039,1.0325483083724976,150.02806091308594,1.6628161668777466,348.0659484863281,3.85774302482605
India,2019,IND,1389030307.0,9595463242427.0,2611.174560546875,1661.9400634765625,677.8836669921875,125.23250579833984,143.6641387939453,9281.5947265625,8373.4677734375,90.6812973022461,748.695068359375,8.108067512512207,282.0400085449219,17.616710662841797,117.94678497314452,1.277316331863403,156.7183837890625,1.697197198867798,401.6964721679688,4.3502116203308105
India,2020,IND,1402617694.0,8945313249462.0,2422.73193359375,1561.7989501953125,607.53515625,127.68370056152344,122.908203125,8792.2197265625,7856.12548828125,89.84748077392578,777.5651245117188,8.892712593078613,297.1600036621094,19.00692749023437,149.24966430664062,1.7069108486175537,149.20346069335938,1.706382393836975,404.7929992675781,4.629461288452148
India,2021,IND,1414203896.0,9801621018003.0,2675.778076171875,1767.2965087890625,623.484619140625,133.19186401367188,149.03346252441406,9544.96875,8565.3505859375,90.20402526855467,822.0073852539062,8.656782150268555,315.45001220703125,18.79110336303711,172.88848876953125,1.820735573768616,167.71981811523438,1.7663028240203855,395.4803161621094,4.164910316467285
India,2022,IND,1425423209.0,10476248645535.0,2831.131591796875,1855.8541259765625,684.0137329101562,124.00870513916016,164.3314971923828,10059.4775390625,8948.373046875,89.44429016113281,942.5363159179688,9.421208381652832,364.3500061035156,20.18995857238769,239.4403381347656,2.393347978591919,172.10113525390625,1.7202527523040771,430.188232421875,4.299985885620117
Indonesia,2000,IDN,216077789.0,1138300071768.0,281.054443359375,50.90601348876953,156.81187438964844,48.59196853637695,16.174110412597656,1164.1988525390625,1120.755126953125,96.30105590820312,43.04846954345703,3.698946237564087,19.600000381469727,19.991840362548828,0.0,0.0,0.0,0.0,27.82221984863281,2.3906283378601074
Indonesia,2001,IDN,219097905.0,1185220908414.0,316.7593688964844,64.6285629272461,164.07025146484375,61.16315078735352,18.193702697753903,1246.6851806640625,1195.4317626953125,95.90414428710938,51.05425643920898,4.095854759216309,22.190000534057617,20.90241050720215,0.0,0.0,0.0,0.0,32.19613265991211,2.582951784133911
Indonesia,2002,IDN,222088499.0,1244249942443.0,308.2013244628906,66.66522216796875,156.8411865234375,59.76350402832031,17.8544979095459,1281.019287109375,1234.5374755859375,96.35327911376952,46.7240104675293,3.646719455718994,21.0,18.57749366760254,0.0,0.0,0.0,0.0,27.21369743347168,2.123976945877075
Indonesia,2003,IDN,225048005.0,1309811268640.0,339.0238952636719,89.48968505859375,162.44520568847656,62.6609992980957,17.48052978515625,1391.677734375,1347.74853515625,96.80467987060548,44.4863510131836,3.195319652557373,19.81999969482422,16.883892059326172,0.0,0.0,0.0,0.0,24.79291534423828,1.7807997465133667
Indonesia,2004,IDN,227926649.0,1387446383159.0,342.7086181640625,82.21610260009766,173.8953399658203,61.88563537597656,18.733686447143555,1376.7242431640625,1330.4110107421875,96.5845184326172,47.04680252075195,3.415480613708496,20.96999931335449,16.805578231811523,0.0,0.0,0.0,0.0,26.2168025970459,1.903274416923523
Indonesia,2005,IDN,230871648.0,1474875329634.0,347.3612670898437,94.22208404541016,174.75448608398438,54.45070266723633,18.270761489868164,1416.8919677734375,1367.97998046875,96.5063018798828,49.5233039855957,3.493699312210083,22.65999984741211,17.05169677734375,0.0,0.0,0.0,0.0,28.830644607543945,2.033903121948242
Indonesia,2006,IDN,233951650.0,1565012923832.0,346.3657531738281,111.64051818847656,152.4993438720703,57.425872802734375,18.77889060974121,1441.1275634765625,1395.4698486328125,96.76637268066406,46.63220977783203,3.2336275577545166,21.18000030517578,15.34782600402832,0.0,0.0,0.0,0.0,25.72994613647461,1.7841973304748535
Indonesia,2007,IDN,237062338.0,1674227359084.0,387.5772399902344,140.0659942626953,166.2246856689453,57.07779312133789,19.28584289550781,1546.6805419921875,1495.454833984375,96.62603759765624,52.21794891357422,3.3739655017852783,24.290000915527344,16.3679256439209,0.0,0.0,5.319148840499111e-05,3.4368690648989286e-06,30.015958786010746,1.939425349235535
Indonesia,2008,IDN,240157902.0,1809491142510.0,365.384033203125,121.84454345703124,158.30311584472656,60.31310272216797,20.207469940185547,1564.58447265625,1509.473876953125,96.38024139404295,56.691383361816406,3.619757413864136,26.34000015258789,16.89544677734375,0.0002638522419147,1.6847023289301433e-05,0.0007124010007828,4.548696233541705e-05,30.41754531860352,1.942167043685913
Indonesia,2009,IDN,243220024.0,1905717479305.0,398.6244201660156,128.27420043945312,181.2602386474609,64.54082489013672,19.11899185180664,1607.2708740234375,1549.363037109375,96.26405334472656,60.12975692749024,3.7359442710876474,26.790000915527344,16.448701858520508,0.0002624671906232,1.6307447367580608e-05,0.0096325455233454,0.000598483311478,29.878870010375977,1.8564152717590328
Indonesia,2010,IDN,246305327.0,2039334560589.0,445.3700866699219,152.66668701171875,195.67056274414065,73.73003387451172,19.028661727905277,1739.4896240234375,1663.9151611328125,95.58268737792967,76.89717102050781,4.417315483093262,34.630001068115234,19.503267288208008,0.0013541666558012,7.778935105307028e-05,0.0094791669398546,0.0005445255083031,45.45890808105469,2.6113617420196533
Indonesia,2011,IDN,249470029.0,2178184530109.0,500.4576721191406,181.28099060058597,211.3285217285156,81.55331420898438,20.83312225341797,1837.593994140625,1774.5859375,96.44639587402344,65.38529205322266,3.5536041259765625,30.459999084472656,15.874504089355469,0.001994818681851,0.0001084157556761,0.012150258757174,0.0006603504880331,32.17331314086914,1.7485769987106323
Indonesia,2012,IDN,252698525.0,2309530044109.0,515.7695922851562,187.17132568359372,218.7774353027344,80.06206512451172,23.10942268371582,1937.1455078125,1870.293701171875,96.42330169677734,69.3761978149414,3.576701402664185,31.11000061035156,14.888016700744627,0.0077577321790158,0.0003999511536676,0.0118814436718821,0.0006125497748143,32.987396240234375,1.700670599937439
Indonesia,2013,IDN,255852464.0,2437876929100.0,493.4351196289063,164.21922302246094,234.08197021484372,64.75387573242188,24.480796813964844,1824.5107421875,1743.648681640625,95.46623229980467,82.80733489990234,4.53377103805542,35.5,15.765166282653809,0.0140664959326386,0.00077015243005,0.0002557544794399,1.4002772331878076e-05,43.28076553344727,2.369658231735229
Indonesia,2014,IDN,258877395.0,2559933272409.0,498.02880859375,173.5843048095703,230.7606964111328,62.416778564453125,25.503530502319336,1856.6339111328125,1771.8631591796875,95.29237365722656,87.53343200683594,4.707625865936279,34.40999984741211,14.485981941223145,0.01732824370265,0.0009319283417426,0.0,0.0,38.578346252441406,2.074777603149414
Indonesia,2015,IDN,261799249.0,2684763880628.0,551.1600341796875,197.81524658203125,228.3608245849609,94.25206756591795,25.271217346191406,1896.4610595703125,1823.6007080078125,95.99691009521484,76.0445785522461,4.003093719482422,33.560001373291016,13.794804573059082,0.0133670885115861,0.0007036623428575,0.0093670887872576,0.0004930967115797,34.78615188598633,1.831191897392273
Indonesia,2016,IDN,264627429.0,2819889903036.0,547.9688720703125,206.3278961181641,217.0238037109375,91.18656158447266,28.34140396118164,1884.2283935546875,1777.40625,94.19023895263672,109.63250732421876,5.809764385223389,39.58000183105469,15.367891311645508,0.0529899522662162,0.0028081010095775,0.0142964823171496,0.0007576146745122,46.926856994628906,2.4867987632751465
Indonesia,2017,IDN,267346654.0,2962852274581.0,570.9281616210938,221.09326171875,231.02777099609372,84.33853149414062,30.08161735534668,2023.71142578125,1916.05615234375,94.48226928710938,111.89697265625,5.517729759216309,43.18999862670898,16.24722671508789,0.072624996304512,0.0035811970010399,0.0,0.0,46.58097076416016,2.296945095062256
Indonesia,2018,IDN,269951847.0,3116158974437.0,607.3783569335938,262.2221374511719,225.51681518554688,84.14789581298828,31.54513168334961,2131.561767578125,1964.01904296875,91.97095489501952,171.4583740234375,8.02904224395752,48.380001068115234,17.04781723022461,0.2245522290468216,0.0105153173208236,0.4725870490074157,0.0221302770078182,53.82183837890625,2.5203657150268555
Indonesia,2019,IDN,272489381.0,3272568062078.0,665.04931640625,315.40069580078125,226.2178649902344,87.90990447998047,31.73715209960937,2253.93896484375,2063.53759765625,91.38706970214844,194.48167419433597,8.612932205200195,48.040000915527344,16.2604923248291,0.2927722632884979,0.0129658877849578,1.1980197429656982,0.0530562214553356,52.37870788574219,2.3196749687194824
Indonesia,2020,IDN,274814861.0,3204972631957.0,623.3040161132812,300.5178527832031,208.25442504882807,81.21622467041016,29.79056167602539,2116.310302734375,1895.2218017578125,89.3564682006836,225.7458038330078,10.643528938293455,52.88999938964844,18.12418556213379,0.4221481382846832,0.0199035629630088,1.1728395223617554,0.055297378450632,60.06172943115234,2.831807851791382
Indonesia,2021,IDN,276758056.0,3323654666991.0,632.946044921875,303.153564453125,211.7657012939453,83.7594985961914,31.117889404296875,2196.6806640625,1957.701904296875,88.9239501953125,243.84429931640625,11.07604694366455,56.20000076293945,18.16653823852539,0.4744335114955902,0.0215500127524137,1.076354742050171,0.0488908514380455,60.83005142211914,2.7630603313446045
Indonesia,2022,IDN,278830527.0,3500093638879.0,758.0205078125,404.5727233886719,237.39788818359372,84.01021575927734,28.876758575439453,2749.242431640625,2472.9052734375,89.79218292236328,281.1265869140625,10.207818984985352,65.41000366210938,19.610841751098636,1.0902457237243652,0.0395872592926025,0.8746928572654724,0.0317604467272758,67.06388092041016,2.4351162910461426
Iran,2000,IRN,66418661.0,595554549032.0,367.2133483886719,5.327508926391602,210.11782836914065,120.44786071777344,12.028691291809082,1396.5679931640625,1385.279541015625,99.24032592773438,10.604166030883787,0.7596740126609802,3.819999933242798,3.2006702423095703,0.0,0.0,0.1013888865709304,0.0072634192183613,10.502777099609377,0.7524105906486511
Iran,2001,IRN,67452005.0,636570203280.0,389.9123840332031,4.140357971191406,227.45590209960935,127.65493774414062,13.672998428344728,1492.1416015625,1479.93310546875,99.2302703857422,11.479835510253906,0.7697288990020752,4.150000095367432,3.252606153488159,0.0,0.0,0.0930939242243766,0.0062419953756034,11.386741638183594,0.7634868621826172
Iran,2002,IRN,68011318.0,698059655739.0,397.0314331054688,4.664271831512451,217.92739868164065,143.81565856933594,14.068008422851562,1626.36767578125,1602.8935546875,98.6440200805664,22.03369903564453,1.355980634689331,8.039999961853027,5.81639289855957,0.0,0.0,0.0830136984586715,0.0051087639294564,21.950685501098636,1.3508719205856323
Iran,2003,IRN,68769343.0,779969698412.0,410.9667053222656,5.188223838806152,210.7899169921875,158.46800231933594,14.63917636871338,1656.194580078125,1628.30810546875,98.41641235351562,26.200544357299805,1.5835846662521362,9.619999885559082,6.343554496765137,0.0,0.0,0.0752043575048446,0.0045454194769263,26.12533950805664,1.579039216041565
Iran,2004,IRN,70256316.0,849441950372.0,442.119384765625,4.994072914123535,221.7654266357422,178.89993286132812,15.760903358459473,1831.9578857421875,1797.437744140625,98.22590637207033,32.46422576904297,1.7740964889526367,11.979999542236328,7.360530853271484,0.0,0.0,0.1254742592573166,0.0068568838760256,32.33875274658203,1.7672395706176758
Iran,2005,IRN,71828455.0,908856025194.0,466.7953186035156,6.085904121398926,222.50006103515625,200.16065979003903,16.12513542175293,1940.2999267578125,1898.7261962890625,97.98584747314452,39.029296875,2.0141496658325195,14.520000457763672,8.200146675109863,0.0,0.0,0.1905913949012756,0.00983567815274,38.83870697021485,2.0043141841888428
Iran,2006,IRN,73392747.0,995245162302.0,501.0149841308594,5.983269214630127,233.3621368408203,221.5384826660156,17.25258445739746,2120.2705078125,2067.248046875,97.6465301513672,49.8245964050293,2.353466510772705,18.63999938964844,9.636561393737791,0.0002673796552699,1.2629687262233348e-05,0.335026741027832,0.0158249996602535,49.48930358886719,2.3376288414001465
Iran,2007,IRN,74602648.0,1098784519617.0,507.7710571289063,6.576927185058594,225.17637634277344,236.5202178955078,19.400127410888672,2253.991455078125,2202.8115234375,97.86141967773438,48.13829803466797,2.1385772228240967,18.100000381469727,8.910988807678223,0.0002659574383869,1.18153429866652e-05,0.3747340440750122,0.016647819429636,47.76329803466797,2.121917486190796
Iran,2008,IRN,75514201.0,1132365762681.0,528.5281982421875,5.858695983886719,233.93746948242188,246.87496948242188,21.60574531555176,2323.367431640625,2301.91552734375,99.13256072998048,20.142480850219727,0.8674408793449402,7.639999866485596,3.629626035690308,0.0005277044838294,2.272572419315111e-05,0.5166227221488953,0.0222484860569238,19.62532997131348,0.8451696634292603
Iran,2009,IRN,76457831.0,1208128386676.0,543.4059448242188,4.3968000411987305,232.90948486328125,261.06365966796875,24.5609073638916,2379.289794921875,2359.87646484375,99.23278045654295,18.24546813964844,0.7672217488288879,6.949999809265137,3.133312225341797,0.0007874015718698,3.3110227377619594e-05,0.5937007665634155,0.0249651111662387,17.645668029785156,0.742000162601471
Iran,2010,IRN,77420851.0,1310507059384.0,561.4960327148438,5.451995849609375,227.5292510986328,277.2200927734375,30.10358428955078,2458.392822265625,2429.43408203125,98.89393615722656,27.17171859741211,1.1060675382614136,10.43000030517578,4.425492286682129,0.0018229165580123,7.420468318741769e-05,0.4401041567325592,0.0179151315242052,26.69791603088379,1.086780667304993
Iran,2011,IRN,78383602.0,1345049307937.0,576.36572265625,5.529010772705078,223.69595336914065,293.2647705078125,32.9147834777832,2554.11767578125,2523.703857421875,98.88037872314452,28.29854202270508,1.108755588531494,10.90999984741211,4.630926609039307,0.0018134714337065,7.105300755938515e-05,0.5492227673530579,0.0215189103037118,27.678756713867188,1.0844719409942627
Iran,2012,IRN,79370583.0,1324570752684.0,599.2783203125,4.283215999603272,247.1661071777344,292.27362060546875,34.824161529541016,2573.83642578125,2534.886962890625,98.57037353515624,33.023460388183594,1.2841341495513916,12.800000190734863,5.145935535430908,0.0018041236326098,7.015426672296599e-05,0.7293813824653625,0.0283623673021793,32.221649169921875,1.2529553174972534
Iran,2013,IRN,80414689.0,1287095594893.0,609.9965209960938,4.26855993270874,253.33628845214844,294.9336853027344,36.71770477294922,2674.243896484375,2622.59814453125,98.16930389404295,38.023738861083984,1.4233077764511108,14.859999656677246,5.7405548095703125,0.001790281268768,6.70139561407268e-05,0.5601022839546204,0.0209657941013574,37.40153503417969,1.400017261505127
Iran,2014,IRN,81502045.0,1352737013920.0,644.2276000976562,3.6640000343322754,247.80364990234372,335.0068359375,34.96812057495117,2787.064208984375,2736.49951171875,98.2790985107422,37.56216049194336,1.3490135669708252,14.75,5.351376533508301,0.0017811703728511,6.396924436558038e-05,0.508905827999115,0.0182769279927015,36.90584945678711,1.325442671775818
Iran,2015,IRN,82619365.0,1331012211481.0,641.958740234375,4.349143028259277,227.05311584472656,356.7689514160156,31.230335235595703,2762.902587890625,2717.746826171875,98.44922637939452,33.961063385009766,1.2302250862121582,13.40999984741211,4.785184383392334,0.0037974682636559,0.0001375616702716,0.3569620251655578,0.0129307974129915,33.54936599731445,1.2153115272521973
Iran,2016,IRN,83812230.0,1413723685657.0,644.6804809570312,3.4551119804382324,200.1217041015625,380.6998901367188,30.618066787719727,2920.457275390625,2862.039794921875,98.0980987548828,39.22139358520508,1.3443362712860107,15.600000381469728,5.451876640319824,0.012562814168632,0.0004305978363845,0.3919598162174225,0.0134346531704068,38.74874496459961,1.3281360864639282
Iran,2017,IRN,85026761.0,1486668357750.0,696.407470703125,4.715542793273926,229.0610809326172,399.5021362304688,29.90846443176269,3023.70751953125,2958.927490234375,97.96192169189452,44.16588973999024,1.4622106552124023,17.65999984741211,5.786938190460205,0.2145124971866607,0.0071019167080521,0.7949999570846558,0.0263202525675296,43.08000183105469,1.4262598752975464
Iran,2018,IRN,86117999.0,1483607175221.0,664.5232543945312,4.462751865386963,206.50669860839844,390.842529296875,30.2723388671875,3121.93994140625,3075.781494140625,98.58666229248048,26.96646499633789,0.8643441796302795,10.829999923706056,3.467264175415039,0.5517811179161072,0.0176859963685274,1.8656716346740725,0.0597995482385158,24.472637176513672,0.7844106554985046
Iran,2019,IRN,87051649.0,1438754460224.0,727.2685546875,5.785427093505859,230.9040985107422,429.3123474121094,35.30322265625,3297.1015625,3188.336181640625,96.87715911865234,86.9083251953125,2.640697717666626,35.11000061035156,11.010411262512209,1.2635470628738403,0.0383927039802074,1.7871286869049072,0.0543016605079174,83.82425689697266,2.5469887256622314
Iran,2020,IRN,87723448.0,1446203709942.0,745.5957641601562,6.503632068634033,210.0251922607422,465.333984375,38.807838439941406,3421.37548828125,3339.9169921875,97.7402572631836,61.588008880615234,1.8023287057876587,24.93000030517578,7.393019676208496,1.4416494369506836,0.0421888306736946,2.78024697303772,0.0813619196414947,57.296295166015625,1.6767348051071167
Iran,2021,IRN,88455490.0,1525523070071.0,779.5252685546875,7.280367851257324,229.483642578125,472.8465270996094,37.4187126159668,3375.39697265625,3325.6845703125,98.60211944580078,38.43751525878906,1.1396211385726929,15.600000381469728,4.376981735229492,1.5261945724487305,0.0452496334910392,2.7848541736602783,0.0825672149658203,34.0566520690918,1.009734272956848
Iran,2022,IRN,89524247.0,1572209055082.0,767.178466796875,7.459904193878174,208.07855224609372,480.6272583007813,38.63775253295898,3490.11962890625,3432.547607421875,98.42546844482422,38.778133392333984,1.1119308471679688,15.770000457763672,4.296300411224365,1.5224446058273315,0.043654840439558,2.7780115604400635,0.0796571895480156,34.407859802246094,0.9866169691085817
Iraq,2000,IRQ,24424060.0,83019213791.0,83.7216567993164,0.0,61.67977523803711,5.88804817199707,2.775477886199951,322.61285400390625,313.1605834960937,97.24276733398438,8.879380226135254,2.7572290897369385,0.6100000143051147,1.9122257232666016,0.0,0.0,0.0,0.0,8.879380226135254,2.7572290897369385
Iraq,2001,IRQ,25197842.0,97219510326.0,96.802001953125,0.0,75.29519653320312,5.158912181854248,2.7433419227600098,360.39447021484375,349.521728515625,97.15805053710938,10.223773956298828,2.8419463634490967,0.6200000047683716,1.922480583190918,0.0,0.0,0.0,0.0,10.223773956298828,2.8419463634490967
Iraq,2002,IRQ,26006558.0,112141846978.0,97.09049224853516,0.0,77.65847778320312,4.297872066497803,3.0880630016326904,342.5389709472656,329.22900390625,96.34403228759766,12.493260383605955,3.6559691429138175,0.5199999809265137,1.535735249519348,0.0,0.0,0.0,0.0,12.493260383605955,3.6559691429138175
Iraq,2003,IRQ,26802660.0,94480598969.0,101.4243392944336,0.0,85.25395202636719,2.916543960571289,0.8488190174102783,304.0223693847656,290.22967529296875,95.7258071899414,12.958854675292969,4.274190425872803,0.4300000071525574,1.5178256034851074,0.0,0.0,0.0,0.0,12.958854675292969,4.274190425872803
Iraq,2004,IRQ,27577876.0,155937247290.0,113.01583862304688,0.0,95.4875030517578,1.8686399459838867,1.1028889417648315,326.0093994140625,309.44012451171875,95.20573425292967,15.58244800567627,4.794266223907471,0.4900000095367431,1.5174976587295532,0.0,0.0,0.0,0.0,15.58244800567627,4.794266223907471
Iraq,2005,IRQ,28407450.0,170895694120.0,114.2818603515625,0.0,87.08961486816406,12.439279556274414,1.307397961616516,308.2674865722656,294.25445556640625,95.7205581665039,13.15542697906494,4.279441833496094,6.0,19.73684310913086,0.0,0.0,0.0,0.0,13.15542697906494,4.279441833496094
Iraq,2006,IRQ,28616518.0,190082841273.0,98.83811950683594,0.0,71.60189056396484,11.959296226501465,1.509443998336792,299.6321716308594,285.4314270019531,95.53368377685548,13.344277381896973,4.466319561004639,6.099999904632568,18.03133201599121,0.0,0.0,0.0,0.0,13.344277381896973,4.466319561004639
Iraq,2007,IRQ,28391606.0,200529416438.0,61.361419677734375,0.0,34.66144180297852,12.028911590576172,1.904649019241333,302.1607666015625,289.2489929199219,95.97056579589844,12.144441604614258,4.029431343078613,5.739999771118164,17.26835060119629,0.0,0.0,0.0,0.0,12.144441604614258,4.029431343078613
Iraq,2008,IRQ,28971042.0,231588128927.0,94.3354034423828,0.0,62.78630447387695,15.249567985534668,2.7074100971221924,345.8792724609375,337.6400756835937,97.7600555419922,7.736242294311523,2.239945888519287,3.4800000190734863,9.43600845336914,0.0,0.0,0.0,0.0,7.736242294311523,2.239945888519287
Iraq,2009,IRQ,30058207.0,259745648872.0,105.21145629882812,0.0,70.19857788085938,16.700511932373047,2.912777900695801,339.4805603027344,331.5765991210937,97.80876922607422,7.428372383117676,2.191228151321411,3.2300000190734863,8.533685684204102,0.0,0.0,0.0,0.0,7.428372383117676,2.191228151321411
Iraq,2010,IRQ,31045367.0,297507194079.0,113.98342895507812,0.0,78.47188568115234,14.817215919494627,3.315342903137207,392.2660827636719,382.232177734375,97.5962371826172,9.414250373840332,2.4037625789642334,4.769999980926514,9.752606391906738,0.0,0.0,0.0,0.0,9.414250373840332,2.4037625789642334
Iraq,2011,IRQ,32161425.0,344220720679.0,123.52560424804688,0.0,84.86190032958984,13.908543586730955,4.12697696685791,405.1003723144531,395.7223205566406,97.8228988647461,8.807018280029297,2.177102565765381,3.400000095367432,6.307977676391602,0.0,0.0,0.0,0.0,8.807018280029297,2.177102565765381
Iraq,2012,IRQ,33654843.0,392191319237.0,134.03955078125,0.0,92.91281127929688,13.153396606445312,4.095958232879639,441.3037109375,429.2476806640625,97.4278793334961,11.332240104675291,2.5721189975738525,4.389999866485596,9.53933048248291,0.0,0.0,0.0,0.0,11.332240104675291,2.5721189975738525
Iraq,2013,IRQ,35281987.0,422107689937.0,141.70437622070312,0.0,98.72647857666016,13.05849552154541,4.831110000610352,485.4475402832031,472.76068115234375,97.5435791015625,11.905423164367676,2.456417798995972,4.809999942779541,8.166383743286133,0.1184143275022506,0.0244321469217538,0.0,0.0,11.787009239196776,2.43198561668396
Iraq,2014,IRQ,36550058.0,425222855485.0,137.51271057128906,0.0,94.73271942138672,12.633472442626951,3.635004997253418,477.1953430175781,469.3592834472656,98.4561004638672,7.360055923461914,1.5438971519470217,2.990000009536743,4.33144998550415,0.1458015292882919,0.0305843539535999,0.0,0.0,7.214254379272461,1.5133126974105835
Iraq,2015,IRQ,37560535.0,436010743372.0,142.52999877929688,0.0,94.8414535522461,12.985554695129396,4.038894176483154,471.3194580078125,464.3084716796875,98.600341796875,6.590992450714111,1.399660348892212,2.609999895095825,3.694790363311768,0.1450759470462799,0.0308082643896341,0.0,0.0,6.445916652679443,1.3688520193099976
Iraq,2016,IRQ,38469628.0,502280002568.0,153.13214111328125,0.0,97.2718734741211,17.61284828186035,5.250563144683838,504.6836242675781,495.5052795410156,98.29119873046876,8.614419937133789,1.7088043689727783,3.430000066757202,4.186500549316406,0.1439824104309082,0.0285611562430858,0.0,0.0,8.470437049865723,1.6802432537078855
Iraq,2017,IRQ,39337358.0,485207548291.0,167.47235107421875,0.0,105.65510559082033,22.61787223815918,5.654451847076416,598.4613647460938,592.5177001953125,99.06646728515624,5.583469867706299,0.93353271484375,2.240000009536743,2.393673896789551,0.143262505531311,0.0239528901875019,0.0,0.0,5.440207481384277,0.909579873085022
Iraq,2018,IRQ,40265629.0,508026800522.0,186.1564483642578,0.0,114.29115295410156,28.76972770690918,9.693346977233888,622.6895141601562,616.8841552734375,99.12294006347656,5.45832633972168,0.8770614862442017,1.8799999952316284,1.910374879837036,0.9366791248321532,0.150508627295494,0.0,0.0,4.521646976470947,0.7265529036521912
Iraq,2019,IRQ,41192172.0,537548265143.0,191.77761840820312,0.0,114.19955444335938,32.994319915771484,10.905014991760254,667.8232421875,653.7476196289062,98.0182876586914,13.2173490524292,1.981715559959412,5.019999980926514,4.357260704040527,0.9320420622825624,0.1397437751293182,0.0,0.0,12.285306930541992,1.841971755027771
Iraq,2020,IRQ,42116602.0,453147782672.0,172.09803771972656,0.0,93.0216293334961,35.10478210449219,11.308904647827148,594.7683715820312,582.84716796875,98.11331939697266,11.20791244506836,1.88667905330658,4.539999961853027,3.876365900039673,0.9322879314422609,0.1569362878799438,0.0,0.0,10.27562427520752,1.7297427654266355
Iraq,2021,IRQ,43071208.0,487935979007.0,193.1151580810547,0.0,111.63108825683594,36.134368896484375,11.712794303894045,618.4329223632812,608.6928100585938,98.51612091064452,9.168291091918944,1.483875751495361,3.7300000190734863,3.096463680267334,0.9274507761001588,0.1501066833734512,0.0,0.0,8.240839958190918,1.3337689638137815
Iraq,2022,IRQ,44070556.0,527639326800.0,217.64390563964844,0.0063899997621774,134.83473205566406,36.05935287475586,13.086017608642578,680.0043334960938,672.112060546875,98.9054718017578,7.437839984893799,1.0945245027542114,3.0299999713897705,2.263558864593506,0.9251720309257508,0.1361448317766189,0.0,0.0,6.512668132781982,0.9583797454833984
Ireland,2000,IRL,3802589.0,147722370991.0,45.24951553344727,11.107352256774902,23.58123779296875,8.208975791931152,1.7009040117263794,173.34884643554688,169.82229614257812,98.07976531982422,3.324828147888184,1.920232892036438,1.190000057220459,5.035971641540527,0.0,0.0,0.6778997182846069,0.3915165960788727,2.3499999046325684,1.3572272062301636
Ireland,2001,IRL,3862981.0,158384851025.0,47.60771179199219,11.659159660339355,24.75900077819824,8.60144329071045,1.8511899709701536,183.1675262451172,180.12550354003906,98.43035888671876,2.872406482696533,1.569638967514038,1.0399999618530271,4.229361534118652,0.0,0.0,0.9228180646896362,0.5042779445648193,1.6464089155197144,0.8996872305870056
Ireland,2002,IRL,3928441.0,169226186783.0,46.08138656616211,11.314749717712402,23.68849754333496,8.632556915283203,1.8597970008850095,181.35397338867188,177.30067443847656,97.89360809326172,3.8150055408477774,2.106391668319702,1.3799999952316284,5.564516067504883,0.0,0.0,1.063205003738403,0.5870308876037598,2.4986300468444824,1.3795769214630127
Ireland,2003,IRL,3992935.0,177468844871.0,45.683963775634766,10.842906951904297,23.1191520690918,8.839606285095215,2.126950979232788,176.85467529296875,173.5289306640625,98.22516632080078,3.1355059146881104,1.7748370170593262,1.149999976158142,4.631494045257568,0.0,0.0,1.237279772758484,0.7003558874130249,1.6294276714324951,0.9223291873931884
Ireland,2004,IRL,4066066.0,191402766075.0,46.1667366027832,10.20664119720459,24.312259674072266,8.756291389465332,2.2950809001922607,180.36187744140625,176.31060791015625,97.87747192382812,3.82339096069336,2.122525930404663,1.409999966621399,5.595237731933594,0.0,0.0,1.775387406349182,0.9855926036834716,1.7073171138763428,0.9478039145469666
Ireland,2005,IRL,4155283.0,204898243531.0,48.15299224853516,11.16014575958252,25.64484214782715,8.399933815002441,2.3570549488067627,188.1739959716797,182.75717163085935,97.28384399414062,5.102563858032227,2.716156244277954,1.8899999856948853,7.3828125,0.0,0.0,2.989543199539185,1.591369867324829,1.6969354152679443,0.9032992124557496
Ireland,2006,IRL,4268775.0,219162994472.0,47.59738540649414,10.02068328857422,25.22806167602539,9.428956031799316,2.347851037979126,194.2944183349609,187.1915283203125,96.54866027832033,6.691559791564941,3.451337575912476,2.5,9.225091934204102,0.0,0.0,4.337789058685303,2.2373220920562744,1.9365588426589968,0.9988281726837158
Ireland,2007,IRL,4393518.0,230371638354.0,47.6581916809082,9.670674324035645,24.739463806152344,10.207723617553713,2.374056100845337,197.32437133789065,189.1266326904297,96.0658950805664,7.745134353637695,3.9341013431549072,2.8399999141693115,10.014103889465332,0.0,0.0,5.209370136260986,2.6460728645324707,1.7728086709976196,0.9004890322685242
Ireland,2008,IRL,4485992.0,223067117042.0,47.36107635498047,9.643891334533691,24.31392288208008,10.771398544311523,2.106733083724976,196.3790283203125,185.5996551513672,94.79749298095705,10.185755729675291,5.202509880065918,3.640000104904175,12.161710739135742,0.0,0.0,6.360018253326416,3.2484638690948486,2.5549418926239014,1.3049705028533936
Ireland,2009,IRL,4533750.0,215181048184.0,42.17707061767578,8.604719161987305,21.328519821166992,10.381640434265137,1.3267760276794434,176.61155700683594,164.1513214111328,93.29622650146484,11.795049667358398,6.703775405883789,4.159999847412109,14.867762565612791,0.0011134799569845,0.000632851908449,7.757871627807617,4.409224987030029,2.366755723953247,1.3451573848724363
Ireland,2010,IRL,4559084.0,221852442105.0,41.79090118408203,8.426883697509766,20.210729598999023,11.365219116210938,1.1051089763641355,178.30044555664062,166.767333984375,93.85089874267578,10.926578521728516,6.149101257324219,3.7699999809265137,13.387784004211426,0.0012398607796058,0.0006977508310228,7.331160545349121,4.125723838806152,1.5604974031448364,0.8781940340995789
Ireland,2011,IRL,4579603.0,224397469453.0,38.054386138916016,8.310955047607422,18.321577072143555,9.850020408630373,0.9662730097770692,170.26165771484375,154.08609008789062,90.96832275390624,15.298240661621094,9.031673431396484,5.5,20.2205867767334,0.0014043546980246,0.0008290936239063,11.350008010864258,6.700742721557617,1.8307952880859373,1.080852746963501
Ireland,2012,IRL,4600135.0,217871560184.0,38.22391891479492,9.621589660644531,17.41014862060547,9.523163795471191,1.1770219802856443,167.4685821533203,151.88002014160156,91.13899993896484,14.76655387878418,8.861001014709473,5.320000171661377,19.587629318237305,0.0016647648299112,0.0009989793179556,10.338144302368164,6.203634738922119,2.0679097175598145,1.2408955097198486
Ireland,2013,IRL,4624686.0,222738952818.0,37.27870559692383,8.738543510437012,17.611454010009766,9.066713333129885,1.1117459535598757,164.99734497070312,148.26995849609375,90.35246276855467,15.831774711608888,9.647536277770996,5.710000038146973,22.28727531433105,0.0017889082664623,0.0010901215719059,11.617218017578123,7.079278469085693,1.5332404375076294,0.9343231320381165
Ireland,2014,IRL,4658236.0,236178350686.0,36.849876403808594,8.647302627563477,17.323963165283203,8.795910835266113,1.4611220359802246,164.5530242919922,145.66513061523438,89.06231689453125,17.889034271240234,10.937682151794434,6.46999979019165,25.019332885742188,0.0024076711852103,0.0014720940962433,13.081390380859377,7.998200416564941,1.80319082736969,1.102503776550293
Ireland,2015,IRL,4702497.0,249955928768.0,38.71539688110352,9.35140895843506,18.201889038085938,8.88833236694336,1.6520140171051023,173.91299438476562,151.0933380126953,87.49395751953125,21.596683502197266,12.506040573120115,7.96999979019165,28.30255699157715,0.0040927124209702,0.0023699761368334,16.643495559692383,9.637786865234377,2.0417468547821045,1.182318925857544
Ireland,2016,IRL,4753506.0,255118282428.0,40.369022369384766,9.205348014831545,18.82242202758789,9.913235664367676,1.7935240268707275,181.90940856933597,159.87277221679688,88.46276092529297,20.8504638671875,11.537235260009766,7.610000133514404,25.11551284790039,0.0118994982913136,0.0065843765623867,15.69987678527832,8.687249183654785,1.7111181020736694,0.9468169212341307
Ireland,2017,IRL,4810258.0,266528546717.0,39.04044723510742,7.869822978973389,18.614482879638672,10.151741027832031,1.8396049737930296,182.72999572753903,156.51605224609375,86.30752563476562,24.830888748168945,13.69247817993164,9.010000228881836,29.26274681091309,0.0248774997889995,0.0137181803584098,18.917510986328125,10.431668281555176,1.7290074825286863,0.9534252285957336
Ireland,2018,IRL,4872559.0,282500483309.0,38.92236328125,6.354173183441162,19.388490676879883,10.600399017333984,1.916043043136597,186.8528289794922,157.23678588867188,84.85796356201172,28.057296752929688,15.14203643798828,10.34000015258789,33.31185531616211,0.0451517403125762,0.0243676099926233,21.847082138061523,11.790491104125977,1.7265920639038086,0.93181174993515
Ireland,2019,IRL,4933493.0,294503693886.0,37.19983673095703,4.543128967285156,19.381704330444336,10.84097385406494,1.8925989866256716,187.79612731933597,153.61598205566406,82.6097640991211,32.33779525756836,17.390233993530273,11.949999809265137,38.71072006225586,0.0836905911564827,0.04500612616539,25.21025848388672,13.55727195739746,2.194514751434326,1.1801398992538452
Ireland,2020,IRL,4982602.0,274762344680.0,35.05256652832031,3.75746488571167,18.003469467163086,10.953620910644531,1.7696399688720703,176.5830078125,138.18701171875,79.18087768554688,36.33367538452149,20.819122314453125,13.649999618530272,42.44403076171875,0.1360839456319809,0.0779758244752883,28.988279342651367,16.610225677490234,2.302851676940918,1.319529414176941
Ireland,2021,IRL,5028428.0,287639621097.0,37.47368240356445,4.929064750671387,19.215429306030277,10.440245628356934,2.102808952331543,179.88182067871094,146.44996643066406,82.2014389038086,31.70989418029785,17.79856300354004,11.760000228881836,37.05104064941406,0.2084901481866836,0.1170241981744766,24.482032775878903,13.741609573364258,1.8458620309829712,1.036070704460144
Ireland,2022,IRL,5110015.0,308390920561.0,36.6756706237793,4.03638219833374,19.150390625,10.760351181030272,1.9565349817276,186.4515686035156,148.70623779296875,80.57979583740234,35.839080810546875,19.420204162597656,13.25,39.21278381347656,0.3652702569961548,0.1979298293590545,27.99383544921875,15.169084548950195,1.7228549718856812,0.9335674047470092
Israel,2000,ISR,6111194.0,158656383479.0,59.519378662109375,28.201807022094727,29.147119522094727,0.0183199997991323,2.152132034301758,227.3711395263672,227.2794647216797,99.96212768554688,0.0861111059784889,0.037873413413763,0.0299999993294477,0.0703234896063804,0.0,0.0,0.0,0.0,0.0861111059784889,0.037873413413763
Israel,2001,ISR,6259977.0,158567053954.0,63.02356719970703,30.58340835571289,30.60172843933105,0.0183199997991323,1.820112943649292,227.21246337890625,227.1536865234375,99.9756851196289,0.0552486181259155,0.0243162158876657,0.0199999995529651,0.0455062538385391,0.0,0.0,0.0276243090629577,0.0121581079438328,0.0276243090629577,0.0121581079438328
Israel,2002,ISR,6387714.0,158018046039.0,59.30490112304688,29.25884437561035,28.21087455749512,0.014657000079751,1.8205260038375852,231.7825164794922,231.5718994140625,99.9115982055664,0.2048912346363067,0.0884002372622489,0.0299999993294477,0.0659340620040893,0.0,0.0,0.0301369857043027,0.0130025902763009,0.0575342439115047,0.0248231254518032
Israel,2003,ISR,6502821.0,159162904545.0,62.414676666259766,29.72603225708008,30.78859138488769,0.0146559998393058,1.885398030281067,238.83599853515625,238.5914001464844,99.90074920654295,0.2370467633008957,0.0992539897561073,0.0399999991059303,0.0850340127944946,0.0,0.0,0.0326975472271442,0.0136908087879419,0.0844686627388,0.0353679209947586
Israel,2004,ISR,6615084.0,166466423998.0,58.67923355102539,30.04292106628418,24.51062774658203,2.1799440383911133,1.945742964744568,243.4890289306641,243.2535095214844,99.90602111816406,0.2288232892751693,0.093979425728321,0.0399999991059303,0.0846023708581924,0.0,0.0,0.0298102982342243,0.0122433109208941,0.0758807659149169,0.0311647932976484
Israel,2005,ISR,6728212.0,172697410123.0,56.52767181396485,27.82441520690918,23.541200637817383,3.0044798851013184,2.157573938369751,244.6494903564453,244.35601806640625,99.88282775878906,0.286648690700531,0.1171703711152076,0.0399999991059303,0.0822875946760177,0.0,0.0,0.0295698922127485,0.0120869725942611,0.0752688199281692,0.0307668410241603
Israel,2006,ISR,6844029.0,181910800706.0,62.148963928222656,29.921995162963867,25.70814514160156,4.254156112670898,2.26466703414917,245.95970153808597,245.788818359375,99.93226623535156,0.1666004657745361,0.0677360445261001,0.0199999995529651,0.0395569615066051,0.0,0.0,0.0267379656434059,0.0108710611239075,0.0401069484651088,0.0163065921515226
Israel,2007,ISR,6962456.0,192596811708.0,62.7997932434082,30.30672264099121,25.132850646972656,5.089594841003418,2.2706260681152344,255.08470153808597,254.92784118652344,99.94007873535156,0.1528428494930267,0.0599194131791591,0.0199999995529651,0.0371816307306289,0.0,0.0,0.0265957452356815,0.0104264048859477,0.0372340455651283,0.0145969679579138
Israel,2008,ISR,7082621.0,197785749719.0,67.98027801513672,29.58679962158203,29.20574378967285,7.016560077667236,2.171171903610229,262.42742919921875,262.2423095703125,99.9312744140625,0.1803572326898574,0.0687277689576149,0.0399999991059303,0.0704349353909492,0.0,0.0,0.0237467009574174,0.0090490281581878,0.0422163605690002,0.0160871632397174
Israel,2009,ISR,7206096.0,199771084186.0,63.86094665527344,27.08795166015625,27.13558387756348,7.822639942169189,1.814769983291626,254.95599365234372,254.56407165527344,99.85114288330078,0.3795062899589538,0.1488589346408844,0.0900000035762786,0.1644436419010162,0.062992125749588,0.0247082617133855,0.0236220452934503,0.0092655969783663,0.062992125749588,0.0247082617133855
Israel,2010,ISR,7336735.0,210327630432.0,68.28690338134766,28.069904327392575,28.11387252807617,10.07966423034668,2.023461103439331,265.0588073730469,264.4486999511719,99.77840423583984,0.5873183012008667,0.2215994298458099,0.1700000017881393,0.2903501391410827,0.1822916716337204,0.0687799602746963,0.020833333954215,0.0078605664893984,0.0807291641831398,0.0304596945643425
Israel,2011,ISR,7471023.0,220210380263.0,68.59473419189453,29.000560760498047,28.000288009643555,9.343199729919434,2.2506890296936035,270.0618591308594,269.0664978027344,99.64736938476562,0.9521585702896118,0.3526269495487213,0.3000000119209289,0.5033557415008545,0.49740931391716,0.1842129379510879,0.0181347150355577,0.0067160972394049,0.0751295313239097,0.0278238300234079
Israel,2012,ISR,7607781.0,225909436249.0,74.78118896484375,32.57136154174805,35.14336395263672,4.814260005950928,2.2519290447235107,282.7274780273437,281.2371826171875,99.49832153320312,1.4180296659469604,0.5016818046569824,0.4900000095367431,0.7776543498039246,0.9510308504104614,0.3364632427692413,0.0154639175161719,0.0054709473624825,0.0850515440106391,0.0300902109593153
Israel,2013,ISR,7749369.0,235885601546.0,63.095306396484375,26.715770721435547,22.91598320007324,11.293102264404297,2.1701900959014893,267.1832275390625,265.5349426269531,99.41655731201172,1.5583429336547852,0.5834451913833618,0.5699999928474426,0.9295498728752136,1.240153431892395,0.464314728975296,0.015345268882811,0.0057452842593193,0.0708439871668815,0.0265240613371133
Israel,2014,ISR,7897173.0,245129958334.0,60.27881622314453,25.3035831451416,20.21062469482422,12.47225570678711,2.292236089706421,260.6221008300781,257.8988037109375,99.01258850097656,2.5719106197357178,0.9874087572097778,0.959999978542328,1.5773906707763672,2.1384222507476807,0.8209837079048157,0.1053435131907463,0.0404435135424137,0.0323155224323272,0.0124065848067402
Israel,2015,ISR,8052916.0,251223879854.0,62.93562316894531,25.0874080657959,21.83011245727539,13.783967971801758,2.2332780361175537,275.0286865234375,271.3341064453125,98.73058319091795,3.488642454147339,1.2694154977798462,1.2200000286102295,1.8994238376617432,3.0789873600006104,1.120353937149048,0.0167088601738214,0.0060798679478466,0.062025312334299,0.0225692074745893
Israel,2016,ISR,8210006.0,262584215516.0,61.16435241699219,20.8359432220459,22.656843185424805,15.688325881958008,1.9832379817962649,280.57037353515625,275.3910827636719,98.2542724609375,4.8929948806762695,1.7457271814346311,1.7000000476837158,2.5369348526000977,4.1092963218688965,1.4661184549331665,0.0754271373152732,0.0269109606742858,0.0637688487768173,0.0227515064179897
Israel,2017,ISR,8361796.0,273812314306.0,58.849098205566406,18.83296012878418,21.339136123657227,16.68951988220215,1.9824130535125728,285.6855163574219,280.4081420898437,98.24980926513672,4.995110511779785,1.750194072723389,1.690000057220459,2.5059311389923096,4.107500076293945,1.439191818237305,0.0760075002908706,0.0266316179186105,0.0616399981081485,0.0215975120663642
Israel,2018,ISR,8510067.0,284956472967.0,59.985931396484375,18.129472732543945,22.40902328491211,17.671472549438477,1.7754909992218018,292.2115478515625,286.3857116699219,98.10955810546876,5.518277645111084,1.8904427289962769,1.8799999952316284,2.723848342895508,4.547263622283936,1.5577943325042725,0.1004273667931556,0.0344042479991912,0.0571820884943008,0.0195893477648496
Israel,2019,ISR,8657466.0,296799271432.0,58.95014953613281,18.011112213134766,21.51367950439453,17.619089126586914,1.8062690496444704,301.5059814453125,292.2480163574219,97.0972671508789,8.73678207397461,2.9027321338653564,3.509999990463257,4.827396392822266,7.709158420562744,2.5613114833831787,0.1519885063171386,0.0504970699548721,0.0545659400522708,0.0181291345506906
Israel,2020,ISR,8800380.0,291287719910.0,59.28537368774414,17.096223831176758,18.298015594482425,22.17086410522461,1.7202680110931396,285.1354064941406,273.0129699707031,95.97596740722656,11.446751594543455,4.0240325927734375,4.440000057220459,6.103931903839111,10.279012680053713,3.6135213375091553,0.1540257632732391,0.0541467741131782,0.059045847505331,0.0207571908831596
Israel,2021,ISR,8942925.0,316373426613.0,58.9500846862793,14.33444595336914,19.85643196105957,23.08827781677246,1.669734001159668,292.0443420410156,276.9688720703125,95.11125183105467,14.236276626586914,4.888744831085205,5.820000171661377,7.8521318435668945,13.17906379699707,4.525697231292725,0.1065264046192169,0.0365812219679355,0.0586115308105945,0.0201272293925285
Israel,2022,ISR,9103143.0,336722563455.0,62.26730346679688,14.53508758544922,22.005983352661133,23.89253807067871,1.8160959482192995,307.8379821777344,290.3521728515625,94.61265563964844,16.53295135498047,5.38734245300293,7.46999979019165,9.71770477294922,14.947420120239258,4.870689392089844,0.4667480289936065,0.1520920991897583,0.0576892830431461,0.0187983326613903
Italy,2000,ITA,57272200.0,1863751547560.0,469.5982666015625,56.03219604492188,254.48806762695312,134.81329345703125,15.8621187210083,2100.080322265625,1949.863037109375,93.14717864990234,143.4510498046875,6.852819919586182,50.869998931884766,18.84492874145508,0.0499999970197677,0.0023885569535195,1.5638889074325562,0.0747087523341178,122.77777862548828,5.865234375
Italy,2001,ITA,57305760.0,1910272015654.0,469.6792602539063,59.02447128295898,250.66680908203125,135.1073760986328,16.39448356628418,2096.657470703125,1937.066162109375,92.70503997802734,152.4278106689453,7.294962882995605,54.34999847412109,19.98896598815918,0.0524861887097358,0.0025119089987128,3.256906270980835,0.155870571732521,129.31216430664062,6.18868350982666
Italy,2002,ITA,57420636.0,1929301903714.0,477.1363220214844,60.01567077636719,256.6309814453125,135.8646697998047,16.28877830505371,2101.48583984375,1960.268310546875,93.5474090576172,135.2128448486328,6.452591419219971,48.310001373291016,17.407127380371094,0.0575342439115047,0.002745633944869,3.8465752601623535,0.1835652440786361,108.27123260498048,5.166891098022461
Italy,2003,ITA,57739697.0,1947667703883.0,495.0937805175781,65.1258316040039,254.87722778320312,149.02423095703125,16.93840980529785,2170.0517578125,2033.7752685546875,93.94042205810548,131.18765258789062,6.059579372406006,46.86000061035156,16.369163513183594,0.0653950944542884,0.0030206104274839,3.97275185585022,0.1835020780563354,99.91825103759766,4.615241050720215
Italy,2004,ITA,58176736.0,1994293720592.0,500.6872253417969,72.2173080444336,247.7361602783203,154.66175842285156,17.407936096191406,2224.656005859375,2065.801513671875,93.1069564819336,152.938720703125,6.893043041229248,53.869998931884766,18.34122085571289,0.0785907879471778,0.0035421357024461,5.005420207977295,0.225597396492958,114.73713684082033,5.171274185180664
Italy,2005,ITA,58519696.0,2029243417217.0,501.365478515625,71.26493072509766,238.2921295166016,165.65960693359375,17.40321922302246,2222.93017578125,2081.253173828125,93.83939361572266,136.6353302001953,6.1606035232543945,48.43000030517578,16.437564849853516,0.0833333283662796,0.0037573270965367,6.298386573791504,0.2839812040328979,96.9542999267578,4.371468544006348
Italy,2006,ITA,58754434.0,2086553648584.0,496.0746154785156,70.78691101074219,236.4548492431641,162.58473205566406,17.473865509033203,2221.86376953125,2074.358642578125,93.57290649414062,142.4781951904297,6.427093982696533,50.63999938964844,16.570138931274414,0.093582883477211,0.0042214603163301,7.943850040435791,0.3583416640758514,98.91443634033205,4.461962699890137
Italy,2007,ITA,59108723.0,2134371774096.0,489.7936401367188,70.67524719238281,229.0308380126953,163.5123291015625,17.913986206054688,2175.280029296875,2037.0032958984373,93.82701110839844,134.01686096191406,6.172990322113037,47.720001220703125,15.586112022399902,0.103723406791687,0.0047776345163583,10.728723526000977,0.4941788911819458,87.27393341064453,4.0199503898620605
Italy,2008,ITA,59561687.0,2129113318512.0,478.1319580078125,68.1387710571289,218.49757385253903,167.1419219970703,16.127208709716797,2150.093994140625,1976.7550048828125,92.19717407226562,167.29656982421875,7.802824020385742,58.15999984741211,18.666751861572266,0.5092348456382751,0.0237510539591312,12.825857162475586,0.5982065796852112,109.8232192993164,5.122228145599365
Italy,2009,ITA,59904016.0,2029023036275.0,424.0320434570313,52.38780212402344,197.83181762695312,154.0343017578125,13.340682983398438,1994.809814453125,1785.9722900390625,89.87337493896484,201.2372283935547,10.12662410736084,69.26000213623047,24.18634033203125,1.7769027948379517,0.0894169881939888,17.173229217529297,0.8641881942749023,128.97113037109375,6.490062236785889
Italy,2010,ITA,60164212.0,2080545936781.0,435.6720275878906,58.21796417236328,193.1655731201172,164.3468780517578,13.276015281677246,2062.27001953125,1829.21044921875,89.07926177978516,224.2534027099609,10.920738220214844,76.97000122070312,25.948150634765625,4.9627604484558105,0.2416775226593017,23.765365600585938,1.1573306322097778,133.1171875,6.48256778717041
Italy,2011,ITA,60367882.0,2110883320816.0,423.8971252441406,65.43921661376953,185.8990173339844,153.00038146972656,12.583285331726074,2020.390869140625,1771.6158447265625,88.08759307861328,239.5821228027344,11.912408828735352,82.94999694824219,27.80105209350586,27.9681339263916,1.3906205892562866,25.534713745117188,1.2696270942687988,118.71244049072266,5.902573585510254
Italy,2012,ITA,60531522.0,2047959835066.0,403.4435119628906,66.95894622802734,172.22447204589844,147.7138214111328,10.071459770202637,1959.9749755859373,1686.5015869140625,86.50092315673828,263.19049072265625,13.499079704284668,92.22000122070312,31.234546661376957,48.61262893676758,2.493349075317383,34.554378509521484,1.7722992897033691,107.92525482177734,5.535502433776856
Italy,2013,ITA,60653864.0,2010255414011.0,369.4605407714844,57.78194808959961,158.74038696289062,137.7009735107422,8.877182960510254,1863.062744140625,1536.0894775390625,83.04019165039062,313.72491455078125,16.95980453491211,112.0,39.15810394287109,55.213809967041016,2.9848296642303467,38.0997428894043,2.059652090072632,134.97186279296875,7.296508312225342
Italy,2014,ITA,60664169.0,2010164047423.0,349.3889465332031,55.83715438842773,157.6263885498047,121.58938598632812,8.338586807250977,1816.3160400390625,1468.6231689453125,81.48326110839844,333.7385559082031,18.516735076904297,120.68000030517578,43.64083480834961,56.7592887878418,3.1491618156433105,38.62162780761719,2.142834424972534,148.96945190429688,8.265235900878906
Italy,2015,ITA,60575314.0,2025809415322.0,361.2437133789063,53.06291580200195,161.4262237548828,132.7570343017578,8.196150779724121,1838.4654541015625,1522.6768798828125,83.3400650024414,304.3877258300781,16.65993309020996,108.88999938964844,38.93099594116211,58.08151626586914,3.17895245552063,37.57949066162109,2.056823253631592,115.28480529785156,6.309837341308594
Italy,2016,ITA,60478103.0,2052012434345.0,358.1331481933594,48.30216217041016,156.02003479003906,140.79464721679688,7.680499076843262,1834.5379638671875,1523.9786376953125,83.5881118774414,299.2215576171875,16.41188621520996,108.01000213623048,37.77233505249024,55.5384407043457,3.046206474304199,44.4439697265625,2.437690019607544,106.6130599975586,5.847578525543213
Italy,2017,ITA,60390317.0,2086237040647.0,352.6662292480469,41.79759979248047,148.75506591796875,148.7610626220703,7.711493968963623,1847.6258544921875,1549.2525634765625,84.32527923583984,287.9813232421875,15.674721717834473,103.88999938964844,35.567806243896484,60.94425201416016,3.317174196243286,44.3547477722168,2.4142134189605717,90.49684143066406,4.925711631774902
Italy,2018,ITA,60277496.0,2105551772855.0,349.04833984375,39.21346282958984,152.7443389892578,143.6749267578125,7.756715774536133,1859.7816162109373,1532.7171630859375,82.9407730102539,315.2486267089844,17.059223175048828,114.41000366210938,39.9951057434082,56.35273361206055,3.049446821212769,44.07064437866211,2.384819269180298,121.45471954345705,6.572346687316895
Italy,2019,ITA,60130136.0,2115725732767.0,339.637939453125,30.480369567871094,148.49142456054688,146.77548217773438,7.911519050598144,1839.95263671875,1509.498291015625,82.58775329589844,318.2523803710937,17.412242889404297,115.83000183105467,39.9427604675293,58.635887145996094,3.20809006690979,50.00494766235352,2.7358736991882324,114.74380493164062,6.277869701385498
Italy,2020,ITA,59912763.0,1925751927111.0,302.60009765625,22.118677139282227,127.56846618652344,140.8182830810547,7.059192180633545,1663.422607421875,1331.033203125,80.6005859375,320.3607482910156,19.3994140625,116.9000015258789,42.23113250732422,61.58395004272461,3.729210138320923,46.3249397277832,2.8052022457122803,117.6143798828125,7.122127532958984
Italy,2021,ITA,59729353.0,2060299944789.0,335.930419921875,24.56975746154785,145.90406799316406,152.3251495361328,7.918827056884766,1785.1416015625,1453.9876708984375,81.98605346679688,319.4696350097656,18.013944625854492,116.33000183105467,40.74748992919922,61.67241287231445,3.477524518966675,51.54507446289063,2.9064738750457764,111.79359436035156,6.303709506988525
Italy,2022,ITA,59619106.0,2136009300257.0,340.1147155761719,31.34148979187012,159.1450653076172,137.55010986328125,7.093350887298584,1755.46484375,1467.79345703125,84.04890441894531,278.5629577636719,15.951094627380373,100.45999908447266,35.8568000793457,69.09459686279297,3.956500291824341,50.35429763793945,2.883391857147217,69.7729721069336,3.9953453540802
Japan,2000,JPN,127027794.0,4209651870326.0,1260.2030029296875,365.73150634765625,672.758544921875,170.06982421875,35.08574295043945,6253.32373046875,5046.458984375,81.14391326904297,286.23895263671875,4.60254430770874,101.02999877929688,9.187301635742188,0.9557269811630248,0.0153674939647316,0.3027777671813965,0.0048684775829315,234.63333129882807,3.772757768630981
Japan,2001,JPN,127260144.0,4224163277272.0,1245.9351806640625,374.7449035644531,651.36328125,169.16441345214844,34.37418365478516,6185.70361328125,4990.4482421875,81.10173034667969,277.4067687988281,4.508246421813965,98.31999969482422,9.077312469482422,1.3804951906204224,0.0224349685013294,0.6961326003074646,0.0113131236284971,225.24034118652344,3.660469055175781
Japan,2002,JPN,127484599.0,4226576076119.0,1275.4202880859375,392.0480041503906,662.1641235351562,173.01034545898438,32.41725158691406,6165.896484375,4994.4814453125,81.44608306884766,276.7918395996094,4.5137038230896,98.63999938964844,8.942316055297852,1.9030684232711792,0.0310337450355291,1.1315068006515503,0.0184517242014408,220.8219146728516,3.600990295410156
Japan,2003,JPN,127671254.0,4288493482445.0,1283.844970703125,405.72503662109375,652.1771850585938,178.30413818359375,31.935272216796875,6162.91259765625,5193.6201171875,84.67998504638672,312.6976013183594,5.098414421081543,112.12999725341795,10.262770652770996,2.599332332611084,0.04238111525774,2.267030000686645,0.036963053047657,251.96730041503903,4.108230113983154
Japan,2004,JPN,127815769.0,4380398118363.0,1279.12158203125,413.6135559082031,640.8978881835938,177.21961975097656,31.27618980407715,6247.1064453125,5128.46728515625,82.5128402709961,312.1856689453125,5.022812366485596,112.43000030517578,10.027738571166992,3.446130752563477,0.0554454252123832,3.90243935585022,0.0627870559692382,248.4200592041016,3.996875524520874
Japan,2005,JPN,127913331.0,4450600710060.0,1286.4122314453125,424.1878967285156,637.7958374023438,175.65139770507812,32.27964782714844,6353.93603515625,5248.7294921875,83.01995849609375,285.7837829589844,4.520285606384277,102.79000091552734,8.914463996887207,4.3819580078125,0.0693100988864898,5.134408473968506,0.0812117233872413,208.4986572265625,3.2978551387786865
Japan,2006,JPN,127997247.0,4514225078439.0,1263.4404296875,421.1748962402344,601.0458984375,192.29522705078125,31.990873336791992,6336.10205078125,5173.46728515625,82.08084106445312,315.81451416015625,5.010627746582031,114.47000122070312,9.831236839294434,5.335908889770508,0.0846580937504768,5.708555698394775,0.0905704051256179,237.45188903808597,3.767347574234009
Japan,2007,JPN,128087683.0,4590814009043.0,1298.9735107421875,438.5890197753906,603.4075927734375,208.7643280029297,30.658349990844727,6275.4208984375,5223.9130859375,83.62267303466797,281.0482788085937,4.498927593231201,101.76000213623048,8.6229248046875,6.150179862976074,0.0984500423073768,7.287234306335449,0.1166516318917274,198.16421508789065,3.172147035598755
Japan,2008,JPN,128155992.0,4542408020234.0,1228.686767578125,420.3108825683594,559.257568359375,204.1331787109375,28.55256080627441,6158.08447265625,5185.779296875,84.60263061523438,279.5603942871094,4.560847282409668,101.9800033569336,8.61535930633545,6.844251155853272,0.1116595268249511,7.770448207855225,0.1267698258161544,198.3228912353516,3.2355096340179443
Japan,2009,JPN,128192471.0,4298103109270.0,1160.2528076171875,406.01409912109375,512.7789916992188,201.88473510742188,25.308481216430664,5622.33203125,4607.45068359375,82.35882568359375,266.0434875488281,4.755564689636231,97.27999877929688,8.732338905334473,7.993470668792725,0.1428844034671783,8.99554443359375,0.1607966125011444,184.95069885253903,3.3060197830200195
Japan,2010,JPN,128185273.0,4480295644398.0,1211.09033203125,440.1408386230469,517.85302734375,212.98858642578125,24.321271896362305,5983.1689453125,4866.4228515625,81.79851531982422,321.5165710449219,5.404294013977051,118.23999786376952,10.228019714355469,10.368173599243164,0.1742761135101318,10.223252296447754,0.1718401610851287,230.4758453369141,3.874012470245361
Japan,2011,JPN,128096430.0,4468738319171.0,1261.1805419921875,424.8235778808594,548.593017578125,247.5373077392578,24.98289680480957,5669.59423828125,4915.310546875,87.07562255859375,307.4735412597656,5.4469499588012695,113.5,10.278935432434082,14.09106159210205,0.2496257424354553,11.551919937133787,0.2046443819999694,213.6962738037109,3.785668611526489
Japan,2012,JPN,127928283.0,4530172048567.0,1302.112548828125,444.259033203125,560.1088256835938,256.6808776855469,25.62479591369629,5615.28466796875,5252.0546875,93.79275512695312,301.2135925292969,5.379161834716797,111.33000183105467,10.058000564575195,18.9997501373291,0.339303195476532,12.184063911437988,0.2175866514444351,198.7113037109375,3.5486457347869877
Japan,2013,JPN,127723642.0,4621006950566.0,1311.8756103515625,475.29925537109375,537.86083984375,256.13348388671875,26.805206298828125,5576.220703125,5197.576171875,93.49919891357422,324.02886962890625,5.828955173492432,120.5500030517578,11.08240795135498,33.01478576660156,0.5939029455184937,13.128310203552246,0.236165165901184,202.89404296875,3.649860858917236
Japan,2014,JPN,127486601.0,4634693421103.0,1260.2723388671875,466.617431640625,493.2062072753906,258.2153015136719,26.557373046875,5431.794921875,5056.037109375,93.3955078125,357.5390930175781,6.604490280151367,133.89999389648438,12.599743843078612,59.91899871826172,1.1068284511566162,12.758197784423828,0.2356704324483871,207.9098663330078,3.840527296066284
Japan,2015,JPN,127275868.0,4707025000790.0,1219.982421875,460.15765380859375,472.9521179199219,246.09133911132807,25.936140060424805,5363.2607421875,4920.43115234375,92.10037231445312,410.5806274414063,7.685226917266846,154.02000427246094,14.951656341552734,87.44347381591797,1.6367623805999756,13.222294807434082,0.2474942207336425,217.1268615722656,4.064169406890869
Japan,2016,JPN,127159950.0,4742508721138.0,1199.9329833984375,451.6535034179688,456.46197509765625,251.20248413085935,25.96946907043457,5295.8193359375,4828.763671875,91.56472778320312,400.4250183105469,7.593000888824463,151.77000427246094,14.268121719360352,108.8585205078125,2.064213752746582,13.41901683807373,0.2544561624526977,199.5625,3.784174919128418
Japan,2017,JPN,127064686.0,4821960242931.0,1184.3917236328125,453.72369384765625,444.2877807617188,245.32261657714844,26.42877769470215,5354.1962890625,4829.47314453125,90.60784912109376,427.92578125,8.028501510620117,163.3000030517578,15.16446018218994,135.10211181640625,2.534709453582764,15.553860664367676,0.2918127477169037,198.10858154296875,3.716801404953003
Japan,2018,JPN,126913432.0,4852985093686.0,1138.5498046875,436.7226257324219,427.7851257324219,233.5237274169922,26.18294334411621,5317.67041015625,4711.591796875,89.04158020019531,457.7047424316406,8.649889945983887,175.33999633789062,16.19125747680664,152.29405212402344,2.878114938735962,18.326824188232425,0.3463477790355682,201.486083984375,3.80776572227478
Japan,2019,JPN,126699421.0,4833467877373.0,1102.06298828125,427.6480102539063,411.853271484375,223.80474853515625,25.32800674438477,5205.60009765625,4556.2841796875,87.99147033691406,459.34771728515625,8.870975494384766,176.41000366210938,16.8426570892334,166.9042510986328,3.223273754119873,18.45330619812012,0.3563723266124725,182.9687042236328,3.5335123538970947
Japan,2020,JPN,126304533.0,4626661481209.0,1037.28466796875,395.0415649414063,383.1715698242188,222.2133026123047,24.49026679992676,4825.23974609375,4189.54443359375,87.32939147949219,501.68853759765625,10.457499504089355,193.02999877929688,19.092409133911133,187.4586944580078,3.9075021743774414,20.753477096557617,0.4325980246067047,193.41278076171875,4.031612873077393
Japan,2021,JPN,125679342.0,4725883595048.0,1058.5018310546875,421.4638977050781,387.73773193359375,211.74713134765625,24.395605087280277,5029.7080078125,4308.3505859375,86.16989135742188,540.6878051757812,10.814117431640623,208.13999938964844,20.11655807495117,207.34413146972656,4.1470208168029785,23.488256454467773,0.4697808027267456,196.1237335205078,3.922605514526367
Japan,2022,JPN,124997585.0,4774494846664.0,1029.6448974609375,403.6234436035156,388.92474365234375,202.02540588378903,22.47916030883789,4996.771484375,4286.361328125,86.28501892089844,554.1068725585938,11.154245376586914,213.19000244140625,20.48781013488769,223.76119995117188,4.504342555999756,23.133901596069336,0.4656884968280792,183.95159912109372,3.702970027923584
Kazakhstan,2000,KAZ,15501108.0,142758090799.0,142.1969757080078,95.03543090820312,24.38260841369629,14.153339385986328,0.0019990000873804,369.7473754882813,347.4781494140625,94.32146453857422,20.919584274291992,5.678532123565674,7.53000020980835,14.581720352172852,0.0,0.0,0.0,0.0,20.919584274291992,5.678532123565674
Kazakhstan,2001,KAZ,15575550.0,162896083567.0,138.0364990234375,93.20849609375,23.404014587402344,11.193394660949709,0.1581809967756271,416.1916809082031,392.4509887695313,94.6178970336914,22.32358741760254,5.382101058959961,8.079999923706055,14.59010410308838,0.0,0.0,0.0,0.0,22.32358741760254,5.382101058959961
Kazakhstan,2002,KAZ,15656680.0,179807015103.0,156.76821899414062,95.0677261352539,35.41255187988281,14.30800724029541,0.0269419997930526,423.9436340332031,397.99652099609375,94.2334976196289,24.354909896850582,5.76650333404541,8.890000343322754,15.24087142944336,0.0,0.0,0.0,0.0,24.354909896850582,5.76650333404541
Kazakhstan,2003,KAZ,15747377.0,197584132991.0,175.02197265625,106.2058563232422,39.27054214477539,16.177587509155273,0.0005259999888949,464.6907348632813,439.6785278320313,94.92633819580078,23.50010871887207,5.073659896850586,8.619999885559082,13.498276710510254,0.0,0.0,0.0,0.0,23.50010871887207,5.073659896850586
Kazakhstan,2004,KAZ,15850164.0,217713169930.0,185.4758453369141,112.5338134765625,41.3770751953125,17.302194595336914,0.3459370136260986,490.6227111816406,467.40618896484375,95.53720092773438,21.833784103393555,4.462796211242676,8.0600004196167,12.038836479187012,0.0,0.0,0.0,0.0,21.833784103393555,4.462796211242676
Kazakhstan,2005,KAZ,15968118.0,240059743236.0,198.44854736328125,113.32379150390624,51.56328201293945,18.11899948120117,0.3551979959011078,504.6253356933594,482.1304321289063,95.80362701416016,21.11819839477539,4.196374893188477,7.860000133514404,11.57243824005127,0.0,0.0,0.0,0.0,21.11819839477539,4.196374893188477
Kazakhstan,2006,KAZ,16103718.0,267135182235.0,219.63314819335935,119.13529205322266,55.40617370605469,27.997297286987305,0.4755969941616058,543.3905029296875,521.2872314453125,96.1682586669922,20.770238876342773,3.831741333007813,7.769999980926514,10.84286880493164,0.0,0.0,0.0,0.0,20.770238876342773,3.831741333007813
Kazakhstan,2007,KAZ,16257212.0,292456722644.0,225.71240234375,129.580322265625,55.39790344238281,24.003273010253903,0.5968909859657288,602.8878173828125,579.7822265625,96.38704681396484,21.732465744018555,3.612957000732422,8.170000076293945,10.66301155090332,0.0,0.0,0.0,0.0,21.732465744018555,3.612957000732422
Kazakhstan,2008,KAZ,16426527.0,303717015928.0,226.10238647460935,125.130126953125,52.59679412841797,30.34053421020508,0.984188973903656,635.4324951171875,614.469970703125,96.89618682861328,19.68292617797852,3.103814125061035,7.460000038146973,9.284380912780762,0.0,0.0,0.0,0.0,19.68292617797852,3.103814125061035
Kazakhstan,2009,KAZ,16619851.0,309012285175.0,223.1892242431641,136.0132293701172,39.463165283203125,29.935773849487305,0.9326720237731934,569.0059814453125,549.794677734375,96.82039642333984,18.055391311645508,3.179605484008789,6.880000114440918,8.738726615905762,0.0,0.0,0.0,0.0,18.055391311645508,3.179605484008789
Kazakhstan,2010,KAZ,16836808.0,333341740713.0,248.0927734375,144.00071716308594,51.689186096191406,34.250728607177734,1.0252339839935305,611.1952514648438,588.9295043945312,96.57428741455078,20.89068603515625,3.4257125854492188,8.020000457763672,9.703569412231444,0.0,0.0,0.0,0.0,20.89068603515625,3.4257125854492188
Kazakhstan,2011,KAZ,17065996.0,360244945296.0,238.15695190429688,141.5413360595703,39.42981719970703,38.67135238647461,1.06633198261261,694.015625,672.267822265625,97.05157470703124,20.42349624633789,2.9484267234802246,7.880000114440918,9.10140895843506,0.0,0.0,0.0003808290057349,5.497816891875118e-05,20.423114776611328,2.948371648788452
Kazakhstan,2012,KAZ,17306115.0,378260779954.0,245.26290893554688,152.6122589111328,39.288272857666016,34.439056396484375,2.3213140964508057,729.8533935546875,708.9050903320312,97.2974624633789,19.69059562683105,2.702540874481201,7.639999866485596,8.43080997467041,5.4123709560371935e-05,7.42849715607008e-06,0.0068685566075146,0.0009427116601727,19.683673858642575,2.701590776443481
Kazakhstan,2013,KAZ,17556502.0,400574375261.0,253.53273010253903,150.8996124267578,49.46345520019531,30.7287654876709,3.030553102493286,731.60546875,710.5213623046875,97.29080963134766,19.785419464111328,2.7091927528381348,7.730000019073486,8.346830368041992,0.0020138106774538,0.000275748578133,0.0116335041821002,0.0015929612563923,19.771772384643555,2.7073240280151367
Kazakhstan,2014,KAZ,17816285.0,417799078586.0,299.1373291015625,194.19564819335935,39.73181915283203,43.374778747558594,3.2379369735717773,769.1109008789062,746.686767578125,97.25666809082033,21.061922073364254,2.743335247039795,8.270000457763672,8.738377571105957,0.0031526717357337,0.0004106384876649,0.0337536893784999,0.0043964502401649,21.025014877319336,2.738528251647949
Kazakhstan,2015,KAZ,18084175.0,421977118608.0,303.0522766113281,186.75425720214844,40.79964447021485,52.62140655517578,3.456791877746582,635.9098510742188,610.4676513671875,96.2297134399414,23.918155670166016,3.770285606384277,9.449999809265137,10.310965538024902,0.1168885976076126,0.0184254758059978,0.3334741592407226,0.0525664612650871,23.46630477905273,3.699059009552002
Kazakhstan,2016,KAZ,18363600.0,425774884998.0,301.7388000488281,185.48866271972656,42.116943359375,54.656368255615234,3.524569034576416,711.3265991210938,679.2386474609375,95.7543487548828,30.11674118041992,4.245649337768555,11.979999542236328,12.659832954406738,0.2221183329820633,0.0313127003610134,0.690911591053009,0.0973999202251434,29.197898864746094,4.116117477416992
Kazakhstan,2017,KAZ,18651931.0,442384368842.0,317.7204284667969,191.06402587890625,44.11492919921875,62.69098663330078,3.8189949989318848,764.9259033203125,733.9346923828125,96.1846160888672,29.11318588256836,3.8153812885284415,11.640000343322754,11.287819862365724,0.2316137552261352,0.0303537640720605,0.8494092226028442,0.1113179475069046,28.025463104248047,3.672831535339356
Kazakhstan,2018,KAZ,18932725.0,460522121041.0,329.5721130371094,193.771728515625,47.97829818725586,68.52144622802734,3.89254093170166,789.197509765625,760.3436279296875,96.55489349365234,27.1292667388916,3.4451048374176025,10.90999984741211,10.169649124145508,0.3514019846916199,0.0446240119636058,0.9584951996803284,0.1217178702354431,25.81178092956543,3.277799367904663
Kazakhstan,2019,KAZ,19209556.0,481245619523.0,296.03961181640625,180.21739196777344,47.921417236328125,50.327728271484375,3.801884889602661,798.7120361328125,769.4579467773438,96.55289459228516,27.47099876403809,3.4471077919006348,11.09000015258789,10.415101051330566,0.9683685302734376,0.1215125322341919,1.7503302097320557,0.2196344137191772,24.736778259277344,3.104012966156006
Kazakhstan,2020,KAZ,19482116.0,468733212615.0,281.7891845703125,184.96356201171875,47.21677017211914,32.11698532104492,4.450168132781982,735.9368896484375,704.5955200195312,95.9857940673828,29.466758728027344,4.014204025268555,11.9399995803833,10.990427017211914,3.05548095703125,0.4162427484989166,2.5399045944213867,0.346006691455841,23.850976943969727,3.249176263809204
Kazakhstan,2021,KAZ,19743607.0,487951301251.0,244.9037170410156,138.5326385498047,62.44746017456055,24.66527938842773,3.840895891189575,822.205322265625,789.2683715820312,96.22032928466795,31.00358772277832,3.779671907424927,12.59000015258789,10.940215110778809,4.012486457824707,0.4891653954982757,4.302129745483398,0.5244760513305664,22.680957794189453,2.7650535106658936
Kazakhstan,2022,KAZ,20034612.0,503634062609.0,274.3455810546875,150.96630859375,64.97632598876953,38.80712127685547,4.45822286605835,819.2827758789062,784.6362915039062,96.00487518310548,32.651702880859375,3.995128154754639,13.279999732971191,11.706628799438477,4.354933261871338,0.5328516960144043,5.680196762084961,0.6950055360794067,22.60735511779785,2.766143083572388
Kuwait,2000,KWT,1954713.0,71053965539.0,54.97988128662109,4.199999966658652e-05,31.277423858642575,20.68552589416504,0.5490819811820984,218.16189575195312,218.1618804931641,100.0,0.0,0.0,0.0,0.0,0.0,0.0,0.0,0.0,0.0,0.0
Kuwait,2001,KWT,2008127.0,75867443155.0,59.11935806274414,0.0001550000015413,36.27726364135742,20.23993682861328,0.4211030006408691,219.8207092285156,219.8207092285156,100.0,0.0,0.0,0.0,0.0,0.0,0.0,0.0,0.0,0.0,0.0
Kuwait,2002,KWT,2059983.0,83636154969.0,60.11354446411133,0.0002910000039264,38.798095703125,18.151456832885746,0.7157580256462097,232.869873046875,232.86985778808597,100.0,0.0,0.0,0.0,0.0,0.0,0.0,0.0,0.0,0.0,0.0
Kuwait,2003,KWT,2109886.0,104974065782.0,62.49080276489258,0.0002450000029057,37.29585647583008,21.152271270751957,0.8320299983024597,278.1132507324219,278.1132507324219,100.0,0.0,0.0,0.0,0.0,0.0,0.0,0.0,0.0,0.0,0.0
Kuwait,2004,KWT,2157329.0,123477836787.0,65.85519409179688,0.0003509999951347,38.9249267578125,22.76575088500977,1.1624449491500854,309.8948059082031,309.89483642578125,100.0,0.0,0.0,0.0,0.0,0.0,0.0,0.0,0.0,0.0,0.0
Kuwait,2005,KWT,2236797.0,142799938874.0,74.61527252197266,0.0013640000252053,44.88902282714844,25.525775909423828,0.934790015220642,341.361328125,341.361328125,100.0,0.0,0.0,0.0,0.0,0.0,0.0,0.0,0.0,0.0,0.0
Kuwait,2006,KWT,2364741.0,159619963672.0,76.2219009399414,0.0024550000671297,45.88060760498047,26.23423957824707,0.9487940073013306,328.6332702636719,328.6332397460937,100.0,0.0,0.0,0.0,0.0,0.0,0.0,0.0,0.0,0.0,0.0
Kuwait,2007,KWT,2507890.0,174545824817.0,77.29495239257812,0.0020429999567568,48.05937576293945,25.539329528808597,0.9311619997024536,319.66436767578125,319.6643981933594,100.0,0.0,0.0,0.0,0.0,0.0,0.0,0.0,0.0,0.0,0.0
Kuwait,2008,KWT,2651433.0,183755530386.0,84.44237518310547,0.0012669999850913,54.36276626586914,26.618959426879883,1.0908520221710205,345.3060913085937,345.3060913085937,100.0,0.0,0.0,0.0,0.0,0.0,0.0,0.0,0.0,0.0,0.0
Kuwait,2009,KWT,2795489.0,175302339443.0,88.83209228515625,0.0023169999476522,61.749393463134766,24.101791381835938,0.8322219848632812,350.1612548828125,350.1612854003906,100.0,0.0,0.0,0.0,0.0,0.0,0.0,0.0,0.0,0.0,0.0
Kuwait,2010,KWT,2943374.0,176036955078.0,89.72100067138672,0.0033779998775571,58.741249084472656,28.132192611694336,0.8288360238075256,405.018798828125,405.0187683105469,100.0,0.0,0.0,0.0,0.0,0.0,0.0,0.0,0.0,0.0,0.0
Kuwait,2011,KWT,3132815.0,201228682118.0,87.15087127685547,0.0508179999887943,51.24103927612305,32.8587532043457,0.9285699725151062,409.91107177734375,409.91107177734375,100.0,0.0,0.0,0.0,0.0,0.0,0.0,0.0,0.0,0.0,0.0
Kuwait,2012,KWT,3337025.0,214560063974.0,101.20057678222656,0.5318520069122314,62.82660675048828,34.731056213378906,0.9830300211906432,422.8001098632813,422.8001098632813,100.0,0.0,0.0,0.0,0.0,0.0,0.0,0.0,0.0,0.0,0.0
Kuwait,2013,KWT,3507755.0,217029672079.0,83.04668426513672,0.5894020199775696,44.246463775634766,34.56617736816406,1.207777976989746,448.585205078125,448.5847473144531,99.99989318847656,0.0004654731601476,0.0001037647161865,0.0099999997764825,0.0163961295038461,0.0004654731601476,0.0001037647161865,0.0,0.0,0.0,0.0
Kuwait,2014,KWT,3665769.0,218112639263.0,74.99373626708984,0.811269998550415,36.12516021728516,34.28207778930664,1.1308900117874146,437.2347106933594,437.225830078125,99.9980926513672,0.008340966887772,0.0019076658645644,0.0099999997764825,0.0153491934761404,0.008340966887772,0.0019076658645644,0.0,0.0,0.0,0.0
Kuwait,2015,KWT,3834465.0,219406044434.0,93.31747436523438,0.8469460010528564,50.47726058959961,39.06711196899414,1.2520569562911987,468.6684875488281,468.6547546386719,99.99725341796876,0.012886076234281,0.0027495126705616,0.0099999997764825,0.0146412877365946,0.012886076234281,0.0027495126705616,0.0,0.0,0.0,0.0
Kuwait,2016,KWT,4003976.0,225825859800.0,104.01882934570312,0.7782080173492432,58.28691101074219,41.25664138793945,1.6155580282211304,465.9547729492188,465.8240966796875,99.9736785888672,0.1226482391357421,0.0263223741203546,0.0199999995529651,0.0285306703299283,0.1226482391357421,0.0263223741203546,0.0,0.0,0.0,0.0
Kuwait,2017,KWT,4154686.0,215180426540.0,100.01036071777344,0.5341370105743408,54.68685150146485,41.92927551269531,1.3732240200042725,466.9910278320313,466.8494262695313,99.97151184082033,0.1330349892377853,0.0284882206469774,0.0399999991059303,0.0580635778605937,0.1281349956989288,0.0274389311671257,0.0049000000581145,0.001049289945513,0.0,0.0
Kuwait,2018,KWT,4323389.0,220424403170.0,102.45301055908205,0.7460299730300903,55.92729568481445,42.76987075805664,1.3732240200042725,482.3821411132813,482.2361755371094,99.97154998779295,0.1372487396001815,0.0284528005868196,0.0900000035762786,0.1214083433151245,0.1323731243610382,0.02744204364717,0.0048756217584013,0.0010107567068189,0.0,0.0
Kuwait,2019,KWT,4442201.0,219207651814.0,104.65421295166016,0.5784929990768433,54.859336853027344,46.26695251464844,1.5751689672470093,442.8558349609375,442.6919250488281,99.96524810791016,0.1539108753204345,0.0347549580037593,0.1000000014901161,0.1332622617483139,0.1448960304260254,0.0327192954719066,0.0090148514136672,0.0020356636960059,0.0,0.0
Kuwait,2020,KWT,4400146.0,199796812404.0,90.10260772705078,0.1626709997653961,35.489505767822266,51.68804931640625,1.3732240200042725,419.6788635253906,419.5121765136719,99.96266174316406,0.1567046344280243,0.0373400673270225,0.0900000035762786,0.1205787807703018,0.1449342668056488,0.0345353856682777,0.0117703704163432,0.0028046802617609,0.0,0.0
Kuwait,2021,KWT,4360748.0,202410138854.0,87.86885070800781,0.2776780128479004,30.80691146850586,54.09896087646485,1.413612961769104,469.1353759765625,468.5806274414063,99.88868713378906,0.5221675038337708,0.1113119572401046,0.209999993443489,0.2599009573459625,0.4358620941638946,0.0929139852523803,0.0863054171204567,0.0183979757130146,0.0,0.0
Kuwait,2022,KWT,4589514.0,218961227193.0,115.84888458251952,0.3369520008563995,65.63865661621094,47.31271362304688,1.4661190509796145,468.641357421875,468.1798706054688,99.90719604492188,0.434889405965805,0.0928031802177429,1.899999976158142,2.227693796157837,0.3487960398197174,0.0744312927126884,0.086093358695507,0.0183718837797641,0.0,0.0
Latvia,2000,LVA,2368320.0,26727290777.0,7.081629753112793,0.5698630213737488,3.878977060317993,2.5042340755462646,0.088368996977806,38.05562973022461,29.7050895690918,79.10907745361328,7.844444274902344,20.89092254638672,2.819999933242798,68.1159439086914,0.0,0.0,0.0138888880610466,0.0369881764054298,7.830555438995361,20.85393524169922
Latvia,2001,LVA,2338299.0,28242589693.0,7.496506214141846,0.5257629752159119,3.9173080921173096,2.905579090118408,0.1098570004105568,40.96589279174805,32.62474822998047,80.61788177490234,7.843629360198975,19.382118225097656,2.8299999237060547,66.2763442993164,0.0,0.0,0.0082872929051518,0.0204784404486417,7.825966835021973,19.33847427368164
Latvia,2002,LVA,2311358.0,30014856985.0,7.520418167114258,0.4355109930038452,3.935374975204468,2.9792139530181885,0.1174549981951713,41.312721252441406,34.05668640136719,83.33183288574219,6.812071800231934,16.66816520690918,2.4800000190734863,62.46851348876953,0.0,0.0,0.0301369857043027,0.0737408921122551,6.75068473815918,16.517959594726562
Latvia,2003,LVA,2288983.0,32298352002.0,7.726039886474609,0.3878639936447143,4.058006763458252,3.0917489528656006,0.1288489997386932,40.83142852783203,34.04393005371094,84.2168960571289,6.380177021026611,15.783100128173828,2.3399999141693115,58.94206237792969,0.0,0.0,0.1307901889085769,0.3235450387001037,6.174386978149414,15.274022102355955
Latvia,2004,LVA,2264179.0,34720425840.0,7.731197834014893,0.3215599954128265,4.161923885345459,3.0717499256134038,0.1369200050830841,45.924076080322266,36.70251083374024,80.8790054321289,8.67701530456543,19.120990753173828,3.200000047683716,68.23027801513672,0.0,0.0,0.1327913254499435,0.2926238477230072,8.425474166870117,18.56668472290039
Latvia,2005,LVA,2239787.0,38143684659.0,7.810763835906982,0.3616999983787536,4.129866123199463,3.151855945587158,0.1343809962272644,47.37080764770508,37.547607421875,80.26956176757812,9.229287147521973,19.730440139770508,3.4200000762939453,69.51219940185547,0.0,0.0,0.126344084739685,0.2700993418693542,8.9408597946167,19.11383819580078
Latvia,2006,LVA,2219039.0,42361248688.0,8.310114860534668,0.3813109993934631,4.471273899078369,3.26151704788208,0.1692380011081695,44.934173583984375,36.95367431640625,83.11595153808594,7.506714820861816,16.884050369262695,2.789999961853028,57.055213928222656,0.0,0.0,0.1229946464300155,0.2766386866569519,7.213903427124023,16.225461959838867
Latvia,2007,LVA,2200774.0,46228816935.0,8.637232780456543,0.4535900056362152,4.831224918365479,3.146682024002075,0.1714919954538345,46.30575942993164,38.273380279541016,83.50296020507812,7.561380386352539,16.49704360961914,2.819999933242798,59.24369430541992,0.0,0.0,0.1409574449062347,0.3075339496135711,7.268617153167725,15.85830783843994
Latvia,2008,LVA,2177710.0,44217430207.0,8.198058128356934,0.4402990043163299,4.470827102661133,3.0848588943481445,0.1676959991455078,46.600128173828125,37.536468505859375,81.50560760498047,8.517380714416504,18.494394302368164,3.2100000381469727,60.91081619262695,0.0,0.0,0.1530342996120453,0.3322942554950714,8.203166007995605,17.812118530273438
Latvia,2009,LVA,2142044.0,37590730012.0,7.456195831298828,0.3624109923839569,4.071484088897705,2.8270010948181152,0.178057000041008,44.07756042480469,34.08555221557617,78.38397979736328,9.399803161621094,21.61602020263672,3.559999942779541,63.913822174072266,0.0,0.0,0.125984251499176,0.289716511964798,9.073490142822266,20.865623474121094
Latvia,2010,LVA,2097834.0,35881177042.0,8.554520606994629,0.4553419947624206,4.25093412399292,3.3929688930511475,0.4305669963359833,49.960227966308594,39.5308952331543,80.11283111572266,9.813127517700195,19.88716697692871,3.640000104904175,54.90196228027344,0.0,0.0,0.1276041567325592,0.258601039648056,9.166666984558104,18.577056884765625
Latvia,2011,LVA,2059940.0,37869724459.0,7.808430194854736,0.4424180090427398,3.81339693069458,2.975286960601806,0.5569599866867065,44.63749694824219,35.809173583984375,81.14012145996094,8.323338508605957,18.85988044738769,3.0799999237060547,50.57471084594727,0.0005181346787139,0.0011740430491045,0.1839378327131271,0.416785329580307,7.479274749755859,16.94731330871582
Latvia,2012,LVA,2034639.0,40536567235.0,7.519718170166016,0.4001640081405639,3.729891061782837,2.792478084564209,0.5750870108604431,46.28651809692383,34.67615509033203,75.97710418701172,10.96411418914795,24.02289390563965,4.110000133514404,66.61264038085938,0.0005154638784006,0.001129405805841,0.2783505022525787,0.6098791360855103,9.53608226776123,20.89400863647461
Latvia,2013,LVA,2013004.0,41350512828.0,7.368745803833008,0.3011339902877807,3.771446943283081,2.7286880016326904,0.5404999852180481,44.5827751159668,34.4698371887207,78.26905822753906,9.570345878601074,21.730939865112305,3.5299999713897705,56.93548583984375,0.0005115089588798,0.0011614597169682,0.3043478429317474,0.6910685300827026,7.447570323944092,16.910852432250977
Latvia,2014,LVA,1994153.0,42137028688.0,7.172200202941895,0.2424300014972686,3.890383958816528,2.448369026184082,0.5586289763450623,41.01544189453125,32.92375564575195,81.04174041748047,7.701921463012695,18.95825958251953,2.799999952316284,54.474708557128906,0.0005089058540761,0.0012526704231277,0.2569974660873413,0.6325985789299011,5.073791027069092,12.489123344421388
Latvia,2015,LVA,1977874.0,43774190659.0,7.262421131134033,0.1902309954166412,4.066534042358398,2.505959987640381,0.4703109860420227,42.11407470703125,33.947784423828125,81.33682250976562,7.7895050048828125,18.663179397583008,2.7799999713897705,50.18050384521485,0.0005063290591351,0.0012131335679441,0.3721518814563751,0.8916532397270203,4.729114055633545,11.330669403076172
Latvia,2016,LVA,1959863.0,44810998817.0,7.210681915283203,0.1656530052423477,4.058942794799805,2.6071910858154297,0.346340000629425,44.97923278808594,35.08462142944336,78.86573028564453,9.401901245117188,21.13426971435547,3.4800000190734863,54.20560836791992,0.0009597989846952,0.0021575049031525,0.3266331553459167,0.7342294454574585,6.354271411895752,14.283586502075195
Latvia,2017,LVA,1942599.0,46295495418.0,7.215320110321045,0.1672530025243759,4.2767181396484375,2.2993650436401367,0.4370760023593902,49.30099105834961,34.14604949951172,70.39314270019531,14.36158561706543,29.606857299804688,5.460000038146973,72.50995635986328,0.0010999999940395,0.0022676843218505,0.375,0.773074209690094,10.951549530029297,22.576961517333984
Latvia,2018,LVA,1927586.0,48143398790.0,7.843188762664795,0.1970379948616027,4.346015930175781,2.7037320137023926,0.550931990146637,43.99867248535156,33.78595352172852,77.61326599121094,9.745203018188477,22.3867301940918,3.490000009536743,51.93452453613281,0.0031666667200624,0.0072744833305478,0.3035770952701568,0.6973788738250732,6.048679351806641,13.895057678222656
Latvia,2019,LVA,1914267.0,49380620266.0,7.63345193862915,0.1662079989910125,4.303368091583252,2.5483760833740234,0.5614579916000366,45.26303863525391,35.9168701171875,80.10592651367188,8.91985034942627,19.89407539367676,3.190000057220459,49.53416061401367,0.0077648512087762,0.0173180624842643,0.3811856210231781,0.8501639366149902,5.216717720031738,11.634922981262209
Latvia,2020,LVA,1901119.0,48292861660.0,6.999268054962158,0.0999009981751442,4.173855781555176,2.103024959564209,0.5508319735527039,41.22076034545898,30.587064743041992,75.1063461303711,10.137944221496582,24.89365577697754,3.640000104904175,63.63636779785156,0.0119679011404514,0.029387105256319,0.4366469085216522,1.0721837282180786,6.4272637367248535,15.782105445861816
Latvia,2021,LVA,1885593.0,50255494980.0,7.218348979949951,0.07846599817276,4.286833763122559,2.2315399646759038,0.5385509729385376,43.07699966430664,32.29077911376953,75.8349609375,10.289554595947266,24.165040969848636,3.7200000286102295,63.58974456787109,0.0167413800954818,0.0393171645700931,0.3483645319938659,0.8181348443031311,6.669448852539063,15.663214683532717
Latvia,2022,LVA,1881059.0,51248480035.0,6.607996940612793,0.0582469999790191,4.331418991088867,1.5929540395736694,0.5400919914245605,38.51331329345703,27.8795223236084,73.35406494140625,10.127262115478516,26.645931243896484,3.819999933242798,75.94432830810547,0.1846756786108017,0.4859018623828888,0.4672800898551941,1.2294648885726929,6.756321907043457,17.776620864868164
Lithuania,2000,LTU,3500410.0,36684799266.0,11.843034744262695,0.3784700036048889,6.457615852355957,4.532081127166748,0.2925409972667694,78.49861145019531,53.60626983642578,68.78341674804688,0.9424999952316284,1.2093429565429688,0.3400000035762787,3.05480694770813,0.0,0.0,0.0,0.0,0.9424999952316284,1.2093429565429688
Lithuania,2001,LTU,3473008.0,39077069410.0,12.59373664855957,0.3420589864253998,7.119471073150635,4.644122123718262,0.283389002084732,90.34825134277344,57.35511779785156,63.97864532470703,0.9054213762283324,1.0099818706512451,0.3300000131130218,2.2980504035949707,0.0,0.0,0.0,0.0,0.8991713523864746,1.0030101537704468
Lithuania,2002,LTU,3444051.0,41716677051.0,12.66602897644043,0.547510027885437,6.900331020355225,4.740839004516602,0.2904999852180481,97.9764404296875,57.3223876953125,59.06615829467773,0.9801711440086364,1.0099884271621704,0.3499999940395355,2.0242912769317627,0.0,0.0,0.0,0.0,0.9676711559295654,0.9971081614494324
Lithuania,2003,LTU,3415276.0,46106059871.0,12.659430503845217,0.7135429978370667,6.347747802734375,5.129367828369141,0.2924630045890808,102.2303695678711,58.17403793334961,57.44308471679688,0.907706081867218,0.8963008522987366,0.3300000131130218,1.7534538507461548,0.0,0.0,0.0,0.0,0.8858310580253601,0.874700665473938
Lithuania,2004,LTU,3376703.0,49123583277.0,13.254142761230469,0.6875309944152832,6.834383964538574,5.179861068725586,0.3510240018367767,103.36662292480467,60.36272811889648,58.913272857666016,1.1718462705612185,1.1437073945999146,0.4300000071525574,2.2933332920074463,0.0,0.0,0.0032520326785743,0.0031739436089992,1.139566421508789,1.1122026443481443
Lithuania,2005,LTU,3322264.0,52913078254.0,13.862545013427734,0.7631049752235413,7.196520805358887,5.33579683303833,0.3833130002021789,94.33820343017578,64.57705688476562,68.96100616455078,1.2765506505966189,1.3632121086120603,0.4600000083446502,3.190013885498047,0.0,0.0,0.0048387092538177,0.0051671955734491,1.211559176445007,1.2938085794448853
Lithuania,2006,LTU,3269809.0,56827410871.0,14.19526481628418,1.0301940441131592,7.134420871734619,5.318033218383789,0.5152760148048401,89.7048568725586,64.61058807373047,72.47998809814453,1.4005206823349,1.5711004734039309,0.4300000071525574,3.562551975250244,0.0,0.0,0.0366310141980648,0.041092574596405,1.0617647171020508,1.191084861755371
Lithuania,2007,LTU,3231378.0,63122228308.0,15.473504066467283,1.0249279737472534,7.512708187103271,6.247556209564209,0.524055004119873,99.0915985107422,70.13252258300781,71.22189331054688,2.186603546142578,2.2205681800842285,0.5799999833106995,4.309063911437988,0.0,0.0,0.2821808755397796,0.2865639925003052,1.118617057800293,1.1359925270080566
Lithuania,2008,LTU,3198482.0,64776249050.0,14.918790817260742,0.86735999584198,7.788940906524658,5.5898261070251465,0.4538170099258423,97.82635498046876,68.7166519165039,70.72782135009766,2.335068464279175,2.4034101963043213,0.6000000238418579,4.501125335693359,0.0,0.0,0.3459102809429168,0.3560342192649841,1.06042218208313,1.091458082199097
Lithuania,2009,LTU,3163255.0,55174536683.0,12.82912540435791,0.688946008682251,6.859188079833984,4.740218162536621,0.2840229868888855,90.02716064453125,58.394309997558594,65.3740234375,2.444586753845215,2.736781597137451,0.6800000071525574,4.644808769226074,0.0,0.0,0.4139107465744018,0.4633843898773193,1.1136481761932373,1.2467596530914309
Lithuania,2010,LTU,3097721.0,56073777524.0,13.801892280578612,0.842851996421814,6.813283920288086,5.55251407623291,0.2890450060367584,66.19811248779297,63.088375091552734,95.50556182861328,2.968902826309204,4.494437217712402,0.9100000262260436,18.200000762939453,0.0,0.0,0.5833333730697632,0.8830720782279968,1.40625,2.1288342475891118
Lithuania,2011,LTU,3028642.0,59460372771.0,13.959649085998535,0.9728620052337646,6.488284111022949,5.860135078430176,0.3198440074920654,68.6968994140625,65.0384292602539,94.9106903076172,3.4874961376190186,5.089308738708496,1.1100000143051147,26.117647171020508,0.0002590673393569,0.0003780574188567,1.2305699586868286,1.7957727909088137,1.2432641983032229,1.814297556877136
Lithuania,2012,LTU,2988334.0,61745948022.0,14.054137229919434,0.950419008731842,6.727311134338379,5.673480033874512,0.3951910138130188,68.6315689086914,64.58734893798828,94.3458023071289,3.8707566261291504,5.654197692871094,1.1799999475479126,26.22222137451172,0.0059278351254761,0.0086590694263577,1.39201021194458,2.0333752632141118,1.0884020328521729,1.589880347251892
Lithuania,2013,LTU,2958359.0,63937849304.0,13.148174285888672,1.0915039777755735,6.517507076263428,4.740109920501709,0.4607889950275421,63.41551208496094,58.420143127441406,92.44377136230467,4.775183200836182,7.556228637695312,1.5299999713897705,36.51551055908203,0.1145780012011528,0.1813077181577682,1.54143226146698,2.439155578613281,1.3329923152923584,2.109321117401123
Lithuania,2014,LTU,2933171.0,66199372603.0,12.845803260803224,0.9225239753723145,6.766957759857178,4.413719177246094,0.4008280038833618,61.2045783996582,56.18536758422852,92.1147232055664,4.809621334075928,7.885272979736328,1.5099999904632568,40.9214096069336,0.1857506334781646,0.3045342564582824,1.6262086629867554,2.666134834289551,1.0132315158843994,1.661171793937683
Lithuania,2015,LTU,2905771.0,67539660018.0,13.045220375061035,0.7358890175819397,7.081207752227783,4.419516086578369,0.5183150172233582,64.11228942871094,58.57599258422852,91.692138671875,5.307337760925293,8.307860374450684,1.6799999475479126,39.71631240844727,0.1855695992708206,0.2904820442199707,2.0513923168182373,3.2111542224884038,0.8850632309913635,1.3854368925094604
Lithuania,2016,LTU,2869109.0,69240911932.0,13.101517677307127,0.7488089799880981,7.620555877685547,3.954710960388184,0.4524010121822357,65.72639465332031,59.22980880737305,90.53160095214844,6.194648265838623,9.468398094177246,2.0999999046325684,57.85123443603516,0.1670854240655899,0.2553867995738983,2.854020118713379,4.362313747406006,1.140452265739441,1.743158936500549
Lithuania,2017,LTU,2829317.0,72206131673.0,13.277398109436035,0.8010370135307312,7.717554092407227,4.028983116149902,0.4503509998321533,69.15023803710938,61.29581069946289,89.10791015625,7.492483615875244,10.892090797424316,2.5299999713897705,71.06741333007812,0.1700000017881393,0.2471350729465484,3.4095001220703125,4.956511974334717,1.50600004196167,2.189326047897339
Lithuania,2018,LTU,2802485.0,75089601435.0,13.414423942565918,0.8588899970054626,8.019707679748535,3.730418920516968,0.5113289952278137,70.96944427490234,63.93303680419922,90.46702575683594,6.736951351165772,9.532973289489746,2.200000047683716,75.34246826171875,0.2154228687286377,0.3048293590545654,2.8482584953308105,4.030364990234375,1.0721392631530762,1.5171068906784058
Lithuania,2019,LTU,2795057.0,78562641002.0,13.647339820861816,0.8008450269699097,8.11893367767334,3.877274036407471,0.5780550241470337,70.59712219238281,62.91909790039063,89.56436920166016,7.331048488616943,10.43563461303711,2.470000028610229,73.95209503173828,0.2254950404167175,0.3209887146949768,3.71138596534729,5.283100605010986,0.854950487613678,1.2170088291168213
Lithuania,2020,LTU,2795766.0,78545278418.0,13.499604225158691,0.6215980052947998,7.942367076873779,4.134290218353272,0.5566849708557129,70.29448699951172,62.000282287597656,88.64371490478516,7.942953586578369,11.356285095214844,2.569999933242798,54.680850982666016,0.3180246949195862,0.4546896815299988,3.831357955932617,5.477810382843018,0.7419753074645996,1.060824990272522
Lithuania,2021,LTU,2794490.0,83242845981.0,13.778095245361328,0.739404022693634,8.14492416381836,3.961021900177002,0.6334859728813171,70.14949035644531,61.42158126831055,87.98899841308594,8.384397506713867,12.01100254058838,2.619999885559082,60.93022537231445,0.4699507355690002,0.673224151134491,3.3539412021636963,4.804661750793457,0.9450739622116088,1.3538581132888794
Lithuania,2022,LTU,2816923.0,84814257826.0,12.895064353942873,0.7335609793663025,8.3749418258667,2.7943599224090576,0.6821979880332947,65.06572723388672,55.36908721923828,85.61787414550781,9.300922393798828,14.382125854492188,3.0199999809265137,74.75247192382812,0.8402948379516602,1.2993578910827637,3.715970516204834,5.746049404144287,1.1410318613052368,1.76439106464386
Luxembourg,2000,LUX,436142.0,21937467256.0,8.702319145202637,0.4708079993724823,6.062910079956055,1.6092220544815063,0.4915530085563659,37.204200744628906,36.69436264038086,98.70411682128906,0.4817582964897156,1.2958810329437256,0.1599999964237213,40.0,0.0001111111050704,0.0002988775959238,0.0687305554747581,0.1848782300949096,0.3430666327476501,0.9228144288063048
Luxembourg,2001,LUX,441754.0,22387796714.0,9.205365180969238,0.4713830053806305,6.457540035247803,1.7805219888687134,0.4285559952259063,39.86669158935547,39.367469787597656,98.813720703125,0.4726155698299408,1.1862815618515017,0.1700000017881393,19.54022979736328,0.0001270718348678,0.0003189547278452,0.0655801072716713,0.1646083444356918,0.3260552585124969,0.8184100389480591
Luxembourg,2002,LUX,446392.0,23160273686.0,9.978490829467772,0.3708699941635132,6.556372165679932,2.540122032165528,0.4432539939880371,43.582149505615234,43.13319396972656,99.0245590209961,0.4248848855495453,0.9754445552825928,0.1500000059604644,5.357142925262451,0.0001616438385099,0.0003710995661094,0.0670657530426979,0.1539685875177383,0.2732356190681457,0.6272903680801392
Luxembourg,2003,LUX,451845.0,23454191347.0,10.450939178466797,0.3457340002059936,7.073013782501221,2.575653076171875,0.3892169892787933,45.70389938354492,45.28460693359375,99.12825012207033,0.3982395827770233,0.8717486262321472,0.1400000005960464,5.017921447753906,0.0038119887467473,0.0083444640040397,0.0713024511933326,0.1560814529657364,0.2164032608270645,0.473707914352417
Luxembourg,2004,LUX,458305.0,24195538088.0,11.815994262695312,0.385448008775711,8.074479103088379,2.859273910522461,0.4274699985980987,51.77977752685547,51.2039680480957,98.94349670410156,0.5467488169670105,1.056504726409912,0.1899999976158142,5.637982368469238,0.0249295402318239,0.0481723584234714,0.1067723631858825,0.2063205540180206,0.2820000052452087,0.5449199676513672
Luxembourg,2005,LUX,465369.0,24872864640.0,12.075891494750977,0.3772130012512207,8.381173133850098,2.82922887802124,0.4196270108222961,52.5529670715332,51.93918991088867,98.89163208007812,0.5821303129196167,1.1083695888519287,0.209999993443489,6.268656730651856,0.0475752651691436,0.0905827656388282,0.1404596716165542,0.2674336433410644,0.2498360127210617,0.4756849408149719
Luxembourg,2006,LUX,472869.0,26045643731.0,11.90562343597412,0.4695090055465698,7.994739055633545,2.958437919616699,0.4154019951820373,51.62663650512695,50.9085807800293,98.67868041992188,0.681672990322113,1.3213212490081787,0.25,7.06214714050293,0.0564545430243015,0.1094287037849426,0.1550427675247192,0.3005272448062897,0.2976256608963012,0.5769029259681702
Luxembourg,2007,LUX,480277.0,28135947926.0,11.302203178405762,0.4076530039310455,7.683516025543213,2.7311840057373047,0.4102909862995147,50.12565231323242,48.84335708618164,97.51603698730467,1.2441551685333252,2.4839627742767334,0.2599999904632568,8.150469779968262,0.0555877685546875,0.1109812930226326,0.1709734201431274,0.3413493931293487,0.3103776574134826,0.6196707487106323
Luxembourg,2008,LUX,488995.0,27660465282.0,11.166763305664062,0.3556410074234009,7.765645980834961,2.5942039489746094,0.3823859989643097,49.76074981689453,48.43457412719727,97.41548919677734,1.2850061655044556,2.584507465362549,0.2800000011920929,10.29411792755127,0.052852239459753,0.1063006594777107,0.1598654389381408,0.3215341866016388,0.3485857248306274,0.7011035084724426
Luxembourg,2009,LUX,498196.0,26344603078.0,10.619787216186523,0.3393589854240417,7.196854114532471,2.658766984939575,0.357914000749588,47.59295654296875,46.34103012084961,97.44551849365234,1.214803695678711,2.554478883743286,0.270000010728836,8.571428298950195,0.0533228293061256,0.1121267825365066,0.1665931791067123,0.3503107130527496,0.2777926325798034,0.5841399431228638
Luxembourg,2010,LUX,507418.0,27526699944.0,11.190506935119627,0.3264909982681274,7.581858158111572,2.8420848846435547,0.3706560134887695,50.11573791503906,48.86272811889648,97.5721435546875,1.215835452079773,2.427855968475342,0.270000010728836,8.333333969116211,0.0550729148089885,0.1099730357527732,0.1434453129768371,0.2864405512809753,0.2803671956062317,0.5598546862602234
Luxembourg,2011,LUX,518583.0,28143126706.0,11.08950901031494,0.3148840069770813,7.851515769958496,2.4642579555511475,0.3892149925231933,48.82111740112305,47.57401657104492,97.5093231201172,1.215182542800903,2.4906795024871826,0.2399999946355819,9.09090805053711,0.0666942968964576,0.1366989016532898,0.1659326255321502,0.3401011526584625,0.1632124334573745,0.3345257341861725
Luxembourg,2012,LUX,530951.0,28607408843.0,10.85797119140625,0.2855789959430694,7.623968124389648,2.5000479221343994,0.3811190128326416,47.95294189453125,46.52096939086914,97.09793853759766,1.3904175758361816,2.9020607471466064,0.3100000023841858,11.231884002685549,0.0986520573496818,0.2059052437543869,0.1996546387672424,0.416716456413269,0.2533556520938873,0.5288004875183105
Luxembourg,2013,LUX,543358.0,29514812514.0,10.323408126831056,0.2761749923229217,7.50724983215332,2.115220069885254,0.3715640008449554,45.69236755371094,44.0189094543457,96.44871520996094,1.6207958459854126,3.5512845516204834,0.3600000143051147,19.56521797180176,0.1885882318019867,0.4132108986377716,0.2123452574014663,0.4652642905712127,0.3048465549945831,0.6679415702819824
Luxembourg,2014,LUX,556285.0,30289014849.0,9.806854248046877,0.2773239910602569,7.090658187866211,2.006053924560547,0.3598229885101318,44.27421569824219,42.34416961669922,95.75796508789062,1.875826120376587,4.242031574249268,0.4000000059604645,20.94240951538086,0.2410712540149688,0.5451634526252747,0.2032468169927597,0.4596265256404876,0.274269700050354,0.6202391386032104
Luxembourg,2015,LUX,569540.0,30976491415.0,9.333976745605469,0.2882199883460998,6.81198787689209,1.82964301109314,0.3294770121574402,43.03446578979492,40.8696403503418,95.096923828125,2.1071853637695312,4.903073787689209,0.4300000071525574,32.08955383300781,0.2625848054885864,0.6109916567802429,0.257843017578125,0.5999583005905151,0.2512733936309814,0.5846718549728394
Luxembourg,2016,LUX,583511.0,32518554202.0,9.077204704284668,0.294293999671936,6.674973011016846,1.6817450523376465,0.3513680100440979,42.459232330322266,40.15187454223633,94.70306396484376,2.245778083801269,5.296939373016357,0.4600000083446502,58.22784805297852,0.2519799172878265,0.5943251252174377,0.2549899518489837,0.6014246940612793,0.2899773716926574,0.6839467287063599
Luxembourg,2017,LUX,596506.0,32946911821.0,9.251006126403809,0.2825709879398346,6.866403102874756,1.656896948814392,0.3706989884376526,44.35489654541016,41.38471603393555,93.4736785888672,2.889474630355835,6.526318550109863,0.6000000238418579,66.66667175292969,0.2711574733257293,0.6124504208564758,0.5870574712753296,1.3259586095809937,0.2141224890947342,0.4836282134056091
Luxembourg,2018,LUX,608109.0,33348602359.0,9.556161880493164,0.2671959996223449,7.235970020294189,1.6089030504226685,0.3694919943809509,46.43095016479492,43.11520004272461,93.03570556640624,3.2274394035339355,6.964297771453857,0.6800000071525574,70.83333587646484,0.2953358292579651,0.6372874975204468,0.6332711577415466,1.3664978742599487,0.2307910323143005,0.4980101287364959
Luxembourg,2019,LUX,620167.0,34122291521.0,9.74996852874756,0.2744059860706329,7.396955013275146,1.6080520153045654,0.3947930037975311,47.28824615478516,43.54429244995117,92.28182220458984,3.641916275024414,7.718179702758789,0.800000011920929,74.76634979248047,0.3227351307868957,0.6839607357978821,0.696245014667511,1.4755265712738037,0.2646410763263702,0.5608441233634949
Luxembourg,2020,LUX,630597.0,33850190319.0,8.069083213806152,0.2359260022640228,5.902490139007568,1.4693609476089478,0.3991389870643616,40.540794372558594,36.13429641723633,89.39517974853516,4.28656005859375,10.604822158813477,0.9700000286102296,79.50819396972656,0.3981753289699554,0.985073983669281,0.8669999837875366,2.144932270050049,0.226177766919136,0.5595570802688599
Luxembourg,2021,LUX,640276.0,35577396523.0,8.409504890441895,0.2418940067291259,6.185691833496094,1.5886410474777222,0.3505719900131225,43.21451950073242,38.81756210327149,90.0722427368164,4.278470039367676,9.92775821685791,0.9900000095367432,80.48780059814453,0.443810373544693,1.0298172235488892,0.7741699814796448,1.796383500099182,0.2630837559700012,0.6104593873023987
Luxembourg,2022,LUX,653315.0,36128358732.0,7.274378776550293,0.2387409955263137,5.405575752258301,1.248671054840088,0.3689349889755249,38.82216262817383,34.42842483520508,88.96524810791016,4.270308017730713,11.034748077392578,1.0399999618530271,85.95040893554688,0.6787911653518677,1.7540397644042969,0.7671277523040771,1.982307195663452,0.1574717313051223,0.406917005777359
Malaysia,2000,MYS,22967817.0,305803211129.0,122.88138580322266,7.873936176300049,56.15446472167969,49.672847747802734,6.587949752807617,612.310791015625,589.80712890625,96.52845001220705,21.211849212646484,3.471553087234497,7.559999942779541,10.81545066833496,0.0,0.0,0.0,0.0,19.42777633666992,3.179569959640503
Malaysia,2001,MYS,23526535.0,309934494308.0,130.89004516601562,9.929712295532228,63.48053741455078,48.58230209350586,6.327250003814697,626.8919067382812,607.2386474609375,97.03559112548828,18.55095100402832,2.964406967163086,6.639999866485596,8.762206077575684,0.0,0.0,0.0,0.0,16.756906509399414,2.677722215652466
Malaysia,2002,MYS,24102477.0,329700338274.0,132.0352325439453,12.545536041259766,60.70515060424805,49.02431869506836,7.145679950714111,660.2869262695312,643.1904907226562,97.55807495117188,16.099365234375,2.441925287246704,5.809999942779541,7.1843695640563965,0.0,0.0,0.0,0.0,14.835616111755373,2.250241756439209
Malaysia,2003,MYS,24679604.0,350966698067.0,153.38433837890625,18.213743209838867,62.222049713134766,61.88129425048828,7.731190204620361,715.3270874023438,699.2359008789062,97.87644958496094,15.170771598815918,2.1235485076904297,5.510000228881836,6.613852500915527,0.0,0.0,0.0,0.0,13.86920928955078,1.941360592842102
Malaysia,2004,MYS,25256773.0,377079435469.0,169.6743927001953,31.719932556152344,67.60958862304688,59.21884536743164,7.77455997467041,772.9276733398438,755.0283203125,97.8101577758789,16.90410614013672,2.189842700958252,6.150000095367432,6.402248859405518,0.0,0.0,0.0,0.0,15.102981567382812,1.956515908241272
Malaysia,2005,MYS,25836075.0,399781035415.0,169.9783172607422,26.113327026367188,68.80625915527344,64.07969665527344,7.61598014831543,836.4248046875,817.3328857421875,97.8452377319336,17.99941062927246,2.1547605991363525,6.599999904632568,6.683544158935547,0.0,0.0,0.0,0.0,16.14784812927246,1.9331047534942627
Malaysia,2006,MYS,26417909.0,426608936099.0,170.16644287109375,26.62628746032715,62.32463836669922,69.54638671875,8.135970115661621,845.2024536132812,825.147216796875,97.75751495361328,18.928247451782227,2.242482900619507,6.940000057220459,6.673718929290772,0.0,0.0,0.0,0.0,16.906415939331055,2.002950668334961
Malaysia,2007,MYS,26998383.0,458125848157.0,175.45445251464844,29.93794250488281,68.82685852050781,65.43772888183594,7.872290134429932,901.44970703125,881.820556640625,97.9367904663086,18.577098846435547,2.0632104873657227,6.71999979019165,6.190695285797119,0.0,0.0,0.0,0.0,15.843085289001465,1.759565353393555
Malaysia,2008,MYS,27570052.0,485245105845.0,192.84706115722656,38.03667449951172,70.21084594726562,72.6327896118164,8.416130065917969,934.6126098632812,909.6377563476562,97.47303009033205,23.582155227661133,2.5269665718078613,8.609999656677246,7.563910484313965,0.0,0.0,0.0,0.0,20.59894371032715,2.2072978019714355
Malaysia,2009,MYS,28124779.0,483081319364.0,192.12274169921875,46.59508895874024,68.612060546875,65.44270324707031,7.929969787597656,905.2376098632812,881.4965209960938,97.51216888427734,22.489652633666992,2.487831354141236,8.279999732971191,7.131168365478516,0.0,0.0,0.0,0.0,18.083988189697266,2.000471830368042
Malaysia,2010,MYS,28655772.0,525056610488.0,199.34640502929688,55.3400764465332,73.37396240234375,60.80666732788086,7.059110164642334,935.1865844726562,913.4481201171876,97.79839324951172,20.56322479248047,2.2016031742095947,7.619999885559082,6.09404993057251,0.0,0.0,0.0,0.0,16.56510353088379,1.7735440731048584
Malaysia,2011,MYS,29162034.0,557469657636.0,203.4527740478516,55.54624176025391,71.75211334228516,64.7831802368164,7.766200065612793,951.1708374023438,924.0390014648438,97.29652404785156,25.675262451171875,2.703472375869751,9.600000381469728,7.554891109466553,0.0,0.0,0.0,0.0,20.870466232299805,2.19755220413208
Malaysia,2012,MYS,29662835.0,587985572583.0,212.9936370849609,59.86975860595703,74.2802734375,66.2890853881836,8.111040115356445,1040.6785888671875,1009.1636352539062,97.1233367919922,29.89007568359375,2.8766632080078125,10.760000228881836,8.025059700012207,0.0180412363260984,0.0017363141523674,0.0,0.0,23.842782974243164,2.294663190841675
Malaysia,2013,MYS,30174269.0,615585637854.0,241.67108154296875,57.98925018310547,87.21286010742188,82.27387237548828,8.793359756469727,1089.0438232421875,1050.7952880859375,96.6723861694336,36.170013427734375,3.3276143074035645,13.039999961853027,9.250194549560549,0.3606138229370117,0.033176202327013,0.0,0.0,30.17570304870605,2.776142120361328
Malaysia,2014,MYS,30696133.0,652563833807.0,245.05337524414065,57.87008285522461,88.71775817871094,82.56214904785156,9.467909812927246,1097.6156005859375,1055.0323486328125,96.32109832763672,40.29605484008789,3.678901672363281,14.3100004196167,9.703668594360352,0.5776081085205078,0.0527337826788425,0.0,0.0,34.06615447998047,3.1101315021514893
Malaysia,2015,MYS,31232796.0,685237676618.0,235.94175720214844,66.7544174194336,76.18921661376953,77.21147155761719,8.672599792480469,1114.57470703125,1069.424072265625,96.15101623535156,42.8096923828125,3.8489832878112793,14.9399995803833,9.9527006149292,0.6911392211914062,0.0621397458016872,0.0,0.0,35.250633239746094,3.1693546772003174
Malaysia,2016,MYS,31789692.0,715730748101.0,237.29388427734372,71.5238265991211,77.29087829589844,73.52434539794922,9.125800132751465,1172.30322265625,1110.9212646484375,95.0392608642578,57.98649597167969,4.960741996765137,21.09000015258789,13.463134765625,0.7788944840431213,0.0666343867778778,0.0,0.0,50.31155776977539,4.3041510581970215
Malaysia,2017,MYS,32355642.0,757336192678.0,244.45709228515625,78.95671081542969,80.88034057617188,70.42678833007812,8.77560043334961,1188.4910888671875,1109.321044921875,93.6881866455078,74.73544311523438,6.311814308166504,27.940000534057617,17.392929077148438,0.8250000476837158,0.0696757361292839,0.0,0.0,67.11499786376953,5.66822624206543
Malaysia,2018,MYS,32910963.0,794013962862.0,262.6470642089844,84.589599609375,80.67649841308594,84.25984191894531,9.064000129699709,1210.1297607421875,1129.428955078125,93.66827392578124,76.34638214111328,6.331725120544434,28.309999465942383,16.596317291259766,1.5721393823623655,0.1303841024637222,0.0,0.0,65.48507690429688,5.430952072143555
Malaysia,2019,MYS,33440590.0,829053844392.0,277.6728820800781,80.13900756835938,94.75103759765624,89.76433563232422,9.120650291442873,1241.2978515625,1157.242431640625,93.5692367553711,79.53417205810547,6.430762767791748,28.799999237060547,16.13445281982422,3.6113860607147217,0.2919998466968536,0.0,0.0,64.84158325195312,5.242788314819336
Malaysia,2020,MYS,33889554.0,783174020832.0,262.1588134765625,94.0731964111328,68.49481964111328,83.744384765625,11.29177474975586,1196.8951416015625,1106.66015625,92.82516479492188,85.53831481933594,7.174838542938232,30.59000015258789,17.579450607299805,5.083950519561768,0.4264349043369293,0.0,0.0,67.40493774414062,5.653835296630859
Malaysia,2021,MYS,34282404.0,807389756202.0,273.3321533203125,87.4926528930664,73.02718353271484,97.59796905517578,11.307635307312012,1251.3338623046875,1150.870849609375,92.35445404052734,95.27460479736328,7.645544052124023,33.72999954223633,19.251182556152344,5.268472671508789,0.4227814972400665,0.0,0.0,76.6133041381836,6.148022174835205
Malaysia,2022,MYS,34695494.0,877584198429.0,281.8838195800781,89.21473693847656,71.19518280029297,107.20066833496094,11.247027397155762,1355.5087890625,1244.33056640625,92.16740417480467,105.74605560302734,7.832596778869629,35.7599983215332,19.473939895629883,6.855973243713379,0.5078210234642029,0.0,0.0,80.42670440673828,5.95719575881958
Mexico,2000,MEX,98625553.0,1241194674661.0,391.4352722167969,26.69590377807617,263.8739624023437,81.20156860351562,14.28095817565918,1696.1773681640625,1555.8575439453125,91.9853057861328,112.72602081298828,6.664580345153809,39.459999084472656,19.37923622131348,0.0194444451481103,0.0011495931539684,0.052777774631977,0.0031203238759189,91.8746566772461,5.431807041168213
Mexico,2001,MEX,100099101.0,1251502726420.0,407.4846801757813,30.638368606567383,275.5767822265625,82.88700866699219,13.813007354736328,1680.2728271484375,1553.268798828125,92.6525421142578,99.07105255126952,5.909592628479004,34.720001220703125,16.51603126525879,0.0220994483679533,0.0013182329712435,0.0497237555682659,0.0029660239815711,78.5506362915039,4.685548782348633
Mexico,2002,MEX,101548627.0,1275458026881.0,410.3010559082031,34.70143508911133,265.3591613769531,92.17076110839844,14.343133926391602,1721.10205078125,1603.015869140625,93.3205795288086,88.03275299072266,5.124882221221924,30.959999084472656,14.351272583007812,0.0219178088009357,0.0012759590754285,0.0575342439115047,0.0033493924420326,68.11394500732422,3.965296268463135
Mexico,2003,MEX,102978517.0,1306677417369.0,435.96868896484375,42.45843124389648,273.1951599121094,101.90316772460938,14.438745498657228,1741.965576171875,1634.6181640625,93.94501495361328,76.74065399169922,4.410450458526611,26.82999992370605,11.929746627807615,0.0217983648180961,0.0012527988292276,0.0517711117863655,0.0029753970447927,54.09320068359375,3.1088523864746094
Mexico,2004,MEX,104394131.0,1373060298988.0,438.5884399414063,37.881778717041016,276.7359313964844,105.64688873291016,15.134716987609863,1843.897216796875,1724.5943603515625,93.65750885009766,91.87386322021484,4.989391803741455,32.470001220703125,13.794129371643066,0.0243902429938316,0.0013245603768154,0.0542005412280559,0.0029434675816446,68.22871398925781,3.7052950859069824
Mexico,2005,MEX,105811504.0,1427140428046.0,463.4355163574219,46.81126403808594,291.12310791015625,105.515869140625,16.46165657043457,2020.163330078125,1887.348388671875,93.55553436279295,100.9624481201172,5.004691123962402,35.880001068115234,14.46949291229248,0.0241935476660728,0.0011992699000984,0.0510752648115158,0.002531792037189,74.48775482177734,3.692344903945923
Mexico,2006,MEX,107253666.0,1510732401129.0,474.5225524902344,50.28878784179688,284.6913452148437,117.937744140625,17.592605590820312,2049.435302734375,1911.1727294921875,93.40248107910156,105.94234466552734,5.177594661712647,38.0,14.829268455505373,0.0267379656434059,0.0013067328836768,0.1203208565711975,0.0058802985586225,81.40768432617188,3.978541135787964
Mexico,2007,MEX,108774356.0,1572479287017.0,473.5952453613281,45.84030532836914,286.6493835449219,117.27365112304688,18.82023048400879,2068.57763671875,1938.5296630859373,93.81327056884766,100.1260223388672,4.845501899719238,35.849998474121094,13.617714881896973,0.0239361692219972,0.0011583678424358,0.6595745086669922,0.0319194719195365,72.71189880371094,3.518822193145752
Mexico,2008,MEX,110374286.0,1607479004533.0,472.9812927246094,40.78398513793945,288.3970947265625,118.5670394897461,18.51223373413086,2153.625244140625,1993.505859375,92.7536392211914,129.87432861328125,6.042779922485352,47.38999938964844,17.598127365112305,0.0501319244503974,0.0023325330112129,0.6728231906890869,0.0313050486147403,103.49315643310548,4.815319061279297
Mexico,2009,MEX,111999720.0,1543820957956.0,460.2901611328125,40.81298065185547,272.7387084960937,123.43186950683594,17.738941192626953,2117.243896484375,1991.03466796875,94.1380844116211,96.4184341430664,4.558758735656738,34.900001525878906,13.03406047821045,0.0708661377429962,0.0033506210893392,1.5652302503585815,0.0740056335926055,70.1364974975586,3.316123008728028
Mexico,2010,MEX,113623898.0,1638271507559.0,456.4089660644531,51.054176330566406,259.6786804199219,124.12166595458984,16.85720443725586,2125.45361328125,1979.879638671875,93.32567596435548,126.2834701538086,5.952629566192627,46.470001220703125,16.863229751586914,0.0807291641831398,0.0038053344469517,3.22685170173645,0.1521042585372924,96.86457824707033,4.565910339355469
Mexico,2011,MEX,115243503.0,1716088331953.0,483.3016052246094,56.04130935668945,272.5120849609375,130.7068634033203,17.667593002319336,2221.88671875,2067.557861328125,93.21926879882812,124.2555160522461,5.602265357971191,45.93000030517578,15.721376419067385,0.1062176153063774,0.0047889966517686,4.270262718200684,0.1925318539142608,93.95543670654295,4.236136436462402
Mexico,2012,MEX,116818208.0,1774999946047.0,501.4922790527344,49.2262077331543,290.1579895019531,135.7265625,18.33125686645508,2241.890625,2099.46923828125,93.79669189453124,116.2477798461914,5.193530559539795,43.060001373291016,14.528155326843262,0.1778350472450256,0.0079450262710452,9.50595474243164,0.4246916770935058,82.10050964355469,3.6679537296295166
Mexico,2013,MEX,118343572.0,1803059285337.0,495.41156005859375,49.97658157348633,277.6924743652344,142.2757110595703,17.366973876953125,2242.857421875,2101.286865234375,93.8185577392578,108.26921844482422,4.834019660949707,40.119998931884766,13.50296115875244,0.2710997462272644,0.0121041005477309,10.70215892791748,0.4778315424919128,71.50416564941406,3.192528486251831
Mexico,2014,MEX,119784265.0,1854551091374.0,484.0445251464844,48.94371032714844,269.2746887207031,138.50286865234375,18.190160751342773,2230.57373046875,2057.91455078125,92.46739959716795,143.01841735839844,6.426185131072998,53.63999938964844,17.683712005615234,0.5623409748077393,0.0252674259245395,16.35164451599121,0.7347214221954346,98.96124267578124,4.446583271026611
Mexico,2015,MEX,121072310.0,1916008739051.0,479.4337158203125,44.11422348022461,258.874267578125,147.97683715820312,19.073898315429688,2205.421142578125,2043.284912109375,92.8071060180664,129.052978515625,5.8616557121276855,48.2400016784668,15.543241500854492,0.5118924379348755,0.0232504308223724,22.13947868347168,1.005587100982666,78.20625305175781,3.5521702766418457
Mexico,2016,MEX,122251344.0,1961906742138.0,478.8277282714844,47.62100601196289,251.59222412109372,151.45510864257812,19.637319564819336,2276.17919921875,2115.396240234375,93.10025787353516,130.22311401367188,5.731222152709961,48.97999954223633,15.28952693939209,0.6338595747947693,0.027896661311388,26.07561492919922,1.147608518600464,75.455322265625,3.3208484649658203
Mexico,2017,MEX,123400052.0,2007719438156.0,464.4066162109375,48.53295516967773,245.8377685546875,143.25025939941406,19.66237068176269,2329.706298828125,2164.177978515625,93.05998229980467,134.18812561035156,5.7701096534729,50.77999877929688,15.430429458618164,2.9662654399871826,0.1275498569011688,26.54945373535156,1.1416305303573608,77.19439697265625,3.319370746612549
Mexico,2018,MEX,124573713.0,2051539127317.0,468.4205932617188,47.31689453125,228.8461151123047,165.5211944580078,19.375978469848636,2284.33837890625,2100.814453125,92.17794036865234,144.55288696289062,6.342581748962402,55.2400016784668,15.81493854522705,7.989327907562256,0.3505496680736542,30.93345832824707,1.3572747707366943,80.18429565429688,3.518265724182129
Mexico,2019,MEX,125762978.0,2047701179708.0,468.23583984375,45.27166748046875,238.0243377685547,157.09884643554688,19.4111442565918,2260.1669921875,2077.113037109375,92.13042449951172,149.72471618652344,6.641045570373535,57.5,16.68746566772461,24.66415786743164,1.0939795970916748,41.40324020385742,1.836442232131958,58.42185592651367,2.591303586959839
Mexico,2020,MEX,126799053.0,1880176557054.0,428.9368286132813,33.704551696777344,204.10325622558597,160.94940185546875,19.337553024291992,2070.561767578125,1856.5284423828125,89.99392700195312,178.82025146484375,8.668187141418457,69.37000274658203,21.29677963256836,39.10029602050781,1.895359754562378,48.649112701416016,2.358232021331787,66.21484375,3.209718704223633
Mexico,2021,MEX,127648151.0,1973141022977.0,446.8375549316406,29.220399856567383,219.97923278808597,165.8399658203125,19.56092834472656,2198.545166015625,1950.8154296875,89.12051391601562,208.78082275390625,9.537885665893556,82.08999633789062,24.982500076293945,49.74115753173828,2.2723612785339355,51.90854644775391,2.371375799179077,85.51024627685547,3.906426429748535
Mexico,2022,MEX,128613116.0,2033437602787.0,453.7991027832031,34.749969482421875,229.83905029296875,159.7646484375,18.78993225097656,2296.86279296875,2049.493896484375,89.59188842773438,211.43728637695312,9.242801666259766,83.12999725341797,24.439218521118164,49.98043823242188,2.184852361679077,50.439186096191406,2.204906225204468,87.36817932128906,3.819225788116455
Morocco,2000,MAR,28423439.0,136639290851.0,33.19903564453125,10.02836799621582,19.756288528442383,0.0879359990358352,3.326443910598755,117.46337890625,115.15100860595705,98.14851379394533,2.172222137451172,1.851485133171081,0.7699999809265137,5.620438098907471,0.0,0.0,0.1777777820825576,0.1515281945466995,1.9944443702697756,1.6999568939208984
Morocco,2001,MAR,28814646.0,146692867628.0,36.808929443359375,12.773965835571287,19.87183380126953,0.0842799991369247,4.078848838806152,126.90544891357422,123.76759338378906,97.67156219482422,2.950552463531494,2.328437328338623,1.0700000524520874,6.858974456787109,0.0,0.0,0.5685082674026489,0.4486399888992309,2.3820443153381348,1.879797339439392
Morocco,2002,MAR,29198146.0,151385794465.0,37.30951690673828,13.106127738952637,19.987119674682617,0.0842719972133636,4.131997108459473,130.09197998046875,127.0680694580078,97.81507110595705,2.8383588790893555,2.1849255561828613,1.0299999713897705,6.821191787719727,0.0002767400001175,0.0002130302600562,0.5312328934669495,0.4089350402355194,2.306849241256714,1.7757775783538818
Morocco,2003,MAR,29571415.0,160559931983.0,36.570125579833984,12.234095573425291,20.07139205932617,0.0806080028414726,4.18402910232544,130.45016479492188,125.68058013916016,96.55718231201172,4.4812331199646,3.442817211151123,1.6399999856948853,10.03671932220459,0.0002752318687271,0.0002114536182489,0.5525885224342346,0.4245396554470062,3.928369522094727,3.018065929412842
Morocco,2004,MAR,29953021.0,168466885680.0,42.22555541992188,13.688703536987305,24.04316711425781,0.0989279970526695,4.394755840301514,148.56301879882812,143.40399169921875,96.7274398803711,4.85176420211792,3.2725636959075928,1.7899999618530271,10.246136665344238,0.0002737401227932,0.0001846404629759,0.5390244126319885,0.3635773956775665,4.312466144561768,2.908801794052124
Morocco,2005,MAR,30358145.0,174390745088.0,44.660770416259766,14.084416389465332,25.34388732910156,0.8683679699897766,4.3640971183776855,161.3339080810547,157.98056030273438,98.04620361328124,3.148120880126953,1.953792929649353,1.6399999856948853,8.515056610107422,0.0002715325390454,0.0001685190654825,0.5545699000358582,0.3441782593727112,2.593279361724853,1.6094461679458618
Morocco,2006,MAR,30771179.0,188101125607.0,46.24941635131836,14.698813438415527,25.98304557800293,1.0954500436782837,4.47210693359375,164.6647491455078,161.34756469726562,98.1046905517578,3.117115020751953,1.895309567451477,1.7799999713897705,8.95822811126709,0.0002700804907362,0.0001642179267946,0.4898395538330078,0.2978387475013733,2.6270053386688232,1.5973066091537476
Morocco,2007,MAR,31186468.0,195286744421.0,48.912715911865234,15.07848072052002,27.588306427001957,1.2421879768371582,5.003739833831787,163.2283477783203,159.88893127441406,98.0733871459961,3.140960216522217,1.9266161918640137,1.6100000143051147,8.176739692687988,0.0002686438965611,0.0001647819881327,0.7417553663253784,0.4549812078475952,2.3989362716674805,1.4714702367782593
Morocco,2008,MAR,31606769.0,207385199268.0,51.37232208251953,14.12205410003662,30.68084144592285,1.1139349937438965,5.455495834350586,180.13079833984375,176.71910095214844,98.21955108642578,3.203432559967041,1.7804509401321411,1.6699999570846558,8.206387519836426,0.0002665174251887,0.0001481289800722,0.7868074178695679,0.4373034238815307,2.416358709335327,1.3429994583129885
Morocco,2009,MAR,32030779.0,216763299753.0,50.85973358154297,13.168416023254396,30.88385581970215,1.2091200351715088,5.59834098815918,175.78968811035156,167.52464294433594,95.56871032714844,7.767719268798828,4.431293487548828,3.3399999141693115,15.95795440673828,0.0002651183749549,0.0001512435410404,1.026509165763855,0.585598349571228,6.740944862365723,3.84554386138916
Morocco,2010,MAR,32467009.0,225643836837.0,54.36520004272461,13.223376274108888,34.478240966796875,1.3043839931488037,5.35920000076294,194.95639038085935,183.50241088867188,94.46760559082033,10.746617317199709,5.5323920249938965,4.289999961853027,18.77461624145508,0.0002630471426527,0.0001354174746666,1.7156250476837158,0.8832090497016907,9.030729293823242,4.649047374725342
Morocco,2011,MAR,32912585.0,238103276789.0,54.867637634277344,11.464655876159668,36.57404708862305,1.6378079652786257,5.191123962402344,204.7474670410156,197.30545043945312,96.57902526855467,6.98886251449585,3.4209775924682617,2.8299999237060547,11.61740493774414,0.0002616842102725,0.0001280917786061,1.7932642698287964,0.8777847290039062,5.19533634185791,2.543064594268799
Morocco,2012,MAR,33355246.0,245270189355.0,56.95354080200195,11.461718559265137,37.25791549682617,2.3964080810546875,5.837500095367432,208.42181396484372,201.95330810546875,97.07731628417967,6.08015775680542,2.922682523727417,2.549999952316284,9.619011878967283,0.0002610382216516,0.000125478953123,1.8762885332107544,0.9019166827201844,4.20360803604126,2.0206403732299805
Morocco,2013,MAR,33787573.0,256393198875.0,56.60641860961914,11.21183967590332,36.97342300415039,2.348623991012573,6.072528839111328,213.9791717529297,203.07749938964844,95.20402526855467,10.230181694030762,4.795974254608154,4.349999904632568,16.146991729736328,0.0002583378518465,0.0001211104317917,3.107161045074463,1.4566569328308103,7.122762203216553,3.3391964435577397
Morocco,2014,MAR,34204784.0,263251716082.0,57.1749153137207,15.299893379211426,34.457733154296875,2.245888948440552,5.17140007019043,217.02508544921875,207.3771514892578,95.81321716308594,9.061835289001465,4.186784744262695,3.9600000381469727,14.102563858032228,0.0002570231736171,0.0001187508678412,4.89516544342041,2.261683702468872,4.166412353515625,1.9249823093414309
Morocco,2015,MAR,34607590.0,274689990243.0,58.49884033203125,16.84707260131836,34.07886505126953,2.3229761123657227,5.249928951263428,220.8587951660156,208.9825134277344,94.92848205566406,11.164809226989746,5.071516990661621,4.809999942779541,16.08157730102539,0.0144303794950246,0.0065548736602067,6.378227233886719,2.89725399017334,4.772151947021484,2.167708396911621
Morocco,2016,MAR,35023459.0,276121131010.0,58.45747756958008,16.235183715820312,34.65411376953125,2.3632800579071045,5.204899787902832,223.32423400878903,210.85646057128903,94.74215698242188,11.70175838470459,5.25784158706665,5.090000152587891,16.488500595092773,1.0087939500808716,0.4532719552516937,7.537939548492432,3.3869519233703613,3.155025005340576,1.417617917060852
Morocco,2017,MAR,35446395.0,290087315215.0,61.103763580322266,16.87537384033203,36.82831954956055,2.3448190689086914,5.05525016784668,233.80072021484372,221.46588134765625,95.0280532836914,11.5872802734375,4.971946716308594,5.059999942779541,15.842204093933104,1.038249969482422,0.4454991817474365,7.587249755859375,3.255587577819824,2.961780071258545,1.270860195159912
Morocco,2018,MAR,35839760.0,298981397583.0,62.3149299621582,19.51927375793457,35.792049407958984,2.1142520904541016,4.889357089996338,241.81399536132807,224.658203125,93.30108642578124,16.13020133972168,6.698910713195801,6.849999904632568,19.820600509643555,2.363569736480713,0.9815961718559264,9.554086685180664,3.967834949493408,4.2125444412231445,1.7494797706604004
Morocco,2019,MAR,36210907.0,307624970074.0,68.74348449707031,25.263280868530277,36.478782653808594,2.0042080879211426,4.997214794158936,263.8409729003906,243.9567108154297,92.89038848876952,18.671863555908203,7.10960865020752,7.989999771118164,19.78702163696289,3.9145097732543945,1.490511775016785,11.631658554077148,4.428938865661621,3.1256954669952397,1.190158128738403
Morocco,2020,MAR,36584208.0,285515953096.0,64.54182434082031,25.35487937927246,33.15187072753906,1.5571999549865725,4.477873802185059,242.40440368652344,224.0745849609375,92.8584976196289,17.23299217224121,7.141504764556885,7.440000057220459,19.17525863647461,3.7526755332946777,1.5551420450210571,11.33800220489502,4.698568820953369,2.1423139572143555,0.8877938985824585
Morocco,2021,MAR,36954443.0,308157391278.0,70.27531433105469,26.591936111450195,36.98616409301758,1.5571190118789673,5.140091896057129,268.8798522949219,248.6132049560547,92.87354278564452,19.076807022094727,7.12645435333252,8.180000305175781,19.806297302246094,4.483266830444336,1.6747980117797852,12.578004837036133,4.698720455169678,2.0155348777771,0.7529361844062805
Morocco,2022,MAR,37329068.0,311654947615.0,69.77945709228516,26.93607711791992,37.81244659423828,0.4382019937038421,4.592730045318604,266.76385498046875,248.11285400390625,93.38439178466795,17.576997756958008,6.615607261657715,7.53000020980835,18.18401336669922,3.5571184158325195,1.3388235569000244,13.15940761566162,4.952920913696289,0.860471248626709,0.3238630592823028
Netherlands,2000,NLD,16058757.0,603803040978.0,172.1538848876953,31.788509368896484,56.0836181640625,82.36825561523438,0.4690000116825104,1006.8194580078124,986.376953125,98.02264404296876,9.01096248626709,0.8954774737358093,2.970000028610229,3.372700452804565,0.0214166659861803,0.0021283123642206,2.3027777671813965,0.2288418859243393,0.3955360651016235,0.0393069721758365
Netherlands,2001,NLD,16182705.0,620170874924.0,177.46421813964844,34.234764099121094,56.7348861694336,84.58692932128906,0.4779999852180481,1045.5572509765625,1024.024169921875,97.9921646118164,10.008038520812988,0.9577013850212096,3.309999942779541,3.5923593044281006,0.0360773503780365,0.003452357603237,2.279005527496338,0.2180853635072708,0.324099451303482,0.0310141183435916
Netherlands,2002,NLD,16288060.0,624424625610.0,176.7382354736328,34.72550964355469,55.27910232543945,83.93903350830078,0.4887900054454803,1046.0611572265625,1022.6897583007812,97.82440185546876,12.022438049316406,1.149994730949402,3.9800000190734863,4.205410003662109,0.0466849282383918,0.0044656018726527,2.591780662536621,0.2479142844676971,0.3003726005554199,0.0287318509072065
Netherlands,2003,NLD,16366914.0,629811489833.0,180.1686553955078,36.0548095703125,56.6527214050293,84.78942108154297,0.4339219927787781,1053.076171875,1029.6417236328125,97.83541870117188,11.832332611083984,1.1242951154708862,3.9600000381469727,4.147899627685547,0.0837602168321609,0.0079588033258914,3.591280460357666,0.3412395119667053,0.1962479352951049,0.0186472609639167
Netherlands,2004,NLD,16425562.0,646331449347.0,182.0904083251953,35.51617813110352,56.829322814941406,87.10020446777344,0.4458659887313843,1088.7442626953125,1061.810302734375,97.59579467773438,15.799199104309082,1.452175855636597,5.300000190734863,5.3095574378967285,0.0898103043437004,0.0082548717036843,5.0596208572387695,0.4650526642799377,0.2594363391399383,0.0238459687680006
Netherlands,2005,NLD,16465707.0,664118269501.0,178.1297607421875,34.156646728515625,56.81052017211914,84.4165267944336,0.4207209944725036,1112.2420654296875,1078.1451416015625,97.01956939697266,22.374691009521484,2.013442039489746,7.460000038146973,7.571298122406006,0.091932788491249,0.0082727996632456,5.556451320648193,0.5000110864639282,0.2365591377019882,0.0212873611599206
Netherlands,2006,NLD,16493851.0,691453801614.0,173.27935791015625,32.94593811035156,55.40993881225586,82.2334976196289,0.3999359905719757,1089.5758056640625,1054.878173828125,96.90788269042967,24.382259368896484,2.2399110794067383,8.0600004196167,8.264971733093262,0.0941791385412216,0.0086519010365009,7.310160160064697,0.6715582609176636,0.2812807559967041,0.0258402563631534
Netherlands,2007,NLD,16531360.0,721200009128.0,173.02818298339844,35.54124450683594,54.74715805053711,79.97946166992188,0.4029670059680938,1107.5240478515625,1069.353515625,96.64935302734376,25.90141487121582,2.340998649597168,7.590000152587891,7.320601940155029,0.0949787274003028,0.0085842823609709,9.140957832336426,0.8261699080467224,0.2845744788646698,0.0257201567292213
Netherlands,2008,NLD,16597259.0,737705013303.0,175.90365600585938,34.51601028442383,55.11884307861328,83.69873809814453,0.3989369869232178,1094.3887939453125,1051.265380859375,96.1771469116211,30.78603744506836,2.81652307510376,9.529999732971191,8.972789764404297,0.1026094928383827,0.009387438185513,11.23570728302002,1.0279215574264526,0.2638522386550903,0.0241390578448772
Netherlands,2009,NLD,16684148.0,713986817901.0,170.43341064453125,31.74977302551269,52.0150260925293,84.07557678222656,0.4162110090255737,1079.291015625,1030.88330078125,95.64240264892578,35.8180046081543,3.323091506958008,10.829999923706056,9.639519691467283,0.1166509091854095,0.0108225364238023,12.029745101928713,1.116085171699524,0.2551758587360382,0.0236744843423366
Netherlands,2010,NLD,16771232.0,728193221597.0,182.47874450683597,33.05461120605469,52.66095352172852,94.17250061035156,0.3481859862804413,1170.6507568359375,1123.363037109375,96.07727813720705,35.52924728393555,3.0386908054351807,11.1899995803833,9.475021362304688,0.1548020839691162,0.0132396752014756,10.39858341217041,0.8893541097640991,0.271268218755722,0.0232006125152111
Netherlands,2011,NLD,16851061.0,744614396708.0,169.3461151123047,32.092750549316406,52.53255081176758,82.19922637939453,0.3509550094604492,1115.0919189453125,1063.290771484375,95.49098205566406,39.48046112060547,3.5456225872039795,12.31999969482422,10.9375,0.2599585354328155,0.0233461018651723,13.212878227233888,1.1866092681884766,0.1476683914661407,0.0132616590708494
Netherlands,2012,NLD,16915191.0,736942199791.0,165.7518768310547,34.33631134033203,50.44344711303711,78.57398223876953,0.3080869913101196,1095.699462890625,1043.879150390625,95.4076156616211,40.15696334838867,3.670233726501465,12.470000267028809,12.193214416503906,0.6540025472640991,0.0597739964723587,12.839765548706056,1.1735185384750366,0.2690412402153015,0.0245896130800247
Netherlands,2013,NLD,16967066.0,735982982299.0,164.9253692626953,34.68199920654297,48.4437370300293,79.18443298339844,0.2740319967269897,1062.885009765625,1015.5588989257812,95.69302368164062,38.3150634765625,3.610311508178711,12.100000381469728,12.032617568969728,1.3194373846054075,0.1243265643715858,14.391683578491213,1.3560844659805298,0.2923580706119537,0.0275480095297098
Netherlands,2014,NLD,17030085.0,746458868661.0,157.50282287597656,38.171630859375,47.3044319152832,69.37814331054688,0.2823030054569244,1016.3306884765624,967.2080078125,95.3227310180664,37.04827117919922,3.6512746810913086,11.649999618530272,11.410381317138672,1.9968498945236208,0.1967985928058624,14.75148582458496,1.4538257122039795,0.2847964167594909,0.0280679762363433
Netherlands,2015,NLD,17107429.0,761083250759.0,163.95809936523438,45.53937911987305,47.29790115356445,68.56060028076172,0.2494239956140518,1026.468017578125,972.8862915039062,94.96109771728516,41.29995346069336,4.03118896484375,13.6899995803833,12.560785293579102,2.806379795074463,0.2739239931106567,19.113563537597656,1.8656290769577024,0.2346835285425186,0.0229068957269191
Netherlands,2016,NLD,17204693.0,777764090323.0,164.81175231933594,42.64246368408203,47.76118087768555,71.7624740600586,0.2389799952507019,1044.0428466796875,988.7959594726562,94.9062271118164,43.119876861572266,4.1387152671813965,14.779999732971191,12.969462394714355,4.0246429443359375,0.3862917125225067,20.528759002685547,1.9703832864761357,0.2514547705650329,0.0241350326687097
Netherlands,2017,NLD,17315376.0,800404023156.0,162.29574584960938,38.511009216308594,47.636695861816406,73.34925079345703,0.2979690134525299,1052.10205078125,990.7116088867188,94.3948745727539,50.32185363769531,4.79465913772583,17.43000030517578,15.020682334899902,5.510864734649658,0.5250744819641113,26.4220027923584,2.5174849033355717,0.1518924981355667,0.0144722964614629
Netherlands,2018,NLD,17421285.0,819300805024.0,158.26425170898438,35.11235427856445,47.78707504272461,72.73603057861328,0.2204120010137558,1026.1390380859375,958.3043823242188,93.64051818847656,56.338905334472656,5.5051445960998535,18.8799991607666,16.693191528320312,9.223362922668455,0.9012590050697328,26.24007606506348,2.5640435218811035,0.1799701452255249,0.0175857450813055
Netherlands,2019,NLD,17537505.0,835323029559.0,152.7270965576172,27.5755615234375,47.83518600463867,75.06529235839844,0.0063370000571012,1021.5366821289062,940.2194213867188,92.3409652709961,68.30699920654297,6.708576679229736,22.799999237060547,18.99208641052246,13.36486530303955,1.3125920295715332,28.48496627807617,2.797569513320923,0.1836187988519668,0.0180335957556962
Netherlands,2020,NLD,17636732.0,802861622095.0,136.97413635253906,19.40225982666016,42.41543960571289,73.12471008300781,0.0,989.3432006835938,878.825927734375,89.24028778076172,95.86786651611328,9.734892845153809,32.72999954223633,26.836668014526367,21.15311813354492,2.147991418838501,37.722782135009766,3.830556154251098,0.1137432157993316,0.0115500437095761
Netherlands,2021,NLD,17730565.0,841906706612.0,139.88568115234375,24.982681274414062,42.795013427734375,69.82618713378906,0.0,1015.0262451171876,884.2289428710938,87.583251953125,115.92935943603516,11.4828519821167,40.43999862670898,33.45189666748047,27.8420524597168,2.7577672004699707,44.44832229614258,4.40262508392334,0.2173399031162262,0.0215276107192039
Netherlands,2022,NLD,17904421.0,879609110665.0,127.50314331054688,24.317270278930664,43.77489471435547,57.12544631958008,0.0,954.0977783203124,800.6931762695312,84.50537109375,136.60044860839844,14.41684627532959,48.09999847412109,40.09669876098633,40.925811767578125,4.3193206787109375,52.98764419555664,5.592329978942871,0.122845210134983,0.0129651157185435
New Zealand,2000,NZL,3857576.0,104942102861.0,32.221126556396484,4.418529033660889,16.302104949951172,9.48084831237793,0.5307819843292236,229.5572204589844,146.03514099121094,64.6361312866211,79.89908599853516,35.363868713378906,27.920000076293945,71.75533294677734,0.0,0.0,0.3339112997055053,0.1477913707494735,67.87490844726562,30.041889190673828
New Zealand,2001,NZL,3891763.0,107226686179.0,34.35628128051758,5.42193078994751,16.426956176757812,10.440109252929688,0.5347430109977722,227.4829864501953,153.16400146484375,68.23326873779297,71.3071517944336,31.76673126220703,25.0,63.64562225341797,0.0,0.0,0.3839444518089294,0.1710440069437027,59.89271545410156,26.681697845458984
New Zealand,2002,NZL,3951116.0,112775904669.0,34.51920700073242,5.432143211364746,17.16517448425293,9.85638427734375,0.5509210228919983,235.2923583984375,152.58360290527344,65.86056518554688,79.09312438964844,34.139434814453125,28.0,69.6344223022461,0.0,0.0,0.4259812831878662,0.1838688254356384,68.14527130126953,29.4139461517334
New Zealand,2003,NZL,4022585.0,118221542739.0,36.21956253051758,7.751676082611084,17.951562881469727,8.519947052001953,0.5340819954872131,228.0709381103516,149.79498291015625,66.63446807861328,75.00606536865234,33.36553192138672,26.68000030517578,66.08868408203125,0.0,0.0,0.3992941677570343,0.1776211261749267,64.36729431152344,28.633005142211918
New Zealand,2004,NZL,4083912.0,123732222489.0,35.80575942993164,8.024897575378418,18.32502174377441,7.252533912658691,0.4875440001487732,234.6801300048828,145.4878387451172,63.00971984863281,85.40960693359375,36.99028015136719,30.600000381469727,72.39176940917969,0.0,0.0,0.9797741770744324,0.4243330657482147,73.82138061523438,31.97150230407715
New Zealand,2005,NZL,4135002.0,127087212440.0,37.401248931884766,8.930828094482422,18.51649284362793,7.563712120056152,0.5766440033912659,228.7587738037109,149.44320678710938,66.2126693725586,76.25862884521484,33.787330627441406,27.36000061035156,64.40678405761719,0.0,0.0,1.651574969291687,0.7317507863044739,62.70847702026367,27.783769607543945
New Zealand,2006,NZL,4181943.0,130823651084.0,37.30442810058594,8.807634353637695,18.64795684814453,7.546855926513672,0.5447540283203125,230.2644500732422,149.96575927734375,65.95291900634766,77.41729736328125,34.047080993652344,27.8799991607666,64.77694702148438,0.0,0.0,1.6636813879013062,0.7316645979881287,63.03000259399414,27.71974372863769
New Zealand,2007,NZL,4223270.0,136252900902.0,36.382659912109375,6.739203929901123,18.85790634155273,8.250541687011719,0.6873019933700562,229.44967651367188,148.0481719970703,65.29875946044922,78.67615509033203,34.70124053955078,28.40999984741211,65.49100494384766,0.0090582314878702,0.0039952620863914,2.473084688186645,1.0907891988754272,62.8736686706543,27.73132705688477
New Zealand,2008,NZL,4261819.0,135932629621.0,37.485450744628906,8.298432350158691,18.726261138916016,7.801437854766846,0.6390920281410217,230.10494995117188,150.74240112304688,66.16442108154297,77.08760070800781,33.83557891845703,27.8700008392334,64.23139190673828,0.0091177206486463,0.0040019839070737,2.79276442527771,1.2258106470108032,58.96395111083984,25.880678176879883
New Zealand,2009,NZL,4304304.0,136500728040.0,34.59421920776367,6.330469131469727,18.00093650817871,7.446408748626709,0.5860490202903748,229.52297973632807,142.37965393066406,62.63827133178711,84.92491149902344,37.36172866821289,30.790000915527344,71.6880111694336,0.009422211907804,0.0041451924480497,3.875225305557251,1.7048603296279907,63.562835693359375,27.96372985839844
New Zealand,2010,NZL,4347766.0,139478805582.0,34.78691864013672,5.472198963165283,18.081239700317383,8.368879318237305,0.5574209690093994,235.1334686279297,143.8970947265625,61.68864440917969,89.36641693115234,38.31135559082031,32.400001525878906,73.1211929321289,0.009970118291676,0.0042741866782307,4.263478755950928,1.8277521133422847,64.3919448852539,27.604808807373047
New Zealand,2011,NZL,4382699.0,142521900112.0,34.24114227294922,5.547867774963379,18.28041076660156,7.613554000854492,0.528527021408081,236.08824157714844,142.57666015625,60.81321334838867,91.87346649169922,39.18678665161133,33.33000183105469,75.9917984008789,0.0106913698837161,0.0045601893216371,5.070515155792236,2.162726640701294,65.05354309082031,27.747283935546875
New Zealand,2012,NZL,4411682.0,146280651356.0,35.91824722290039,6.867411136627197,18.025564193725582,8.328524589538574,0.5686269998550415,237.8507080078125,149.9340057373047,63.30379486083984,86.91436767578125,36.69620513916016,31.3799991607666,71.72571563720703,0.0124302813783288,0.0052482020109891,5.35875129699707,2.262524127960205,59.01199722290039,24.91551780700684
New Zealand,2013,NZL,4453857.0,149512485774.0,35.21921157836914,6.02780294418335,18.41951942443848,8.358959197998047,0.5863360166549683,239.5727386474609,150.9789276123047,63.231143951416016,87.79412078857422,36.768856048583984,31.68000030517578,74.1920394897461,0.0171405598521232,0.0071785990148782,5.171023845672607,2.1656649112701416,58.89788818359375,24.66689109802246
New Zealand,2014,NZL,4522976.0,154422989929.0,35.39933776855469,5.457576751708984,18.724365234375,8.579246520996094,0.6194609999656677,250.6748809814453,156.5143585205078,62.54772567749024,93.71753692626952,37.452274322509766,33.95000076293945,79.10065460205078,0.0478313341736793,0.0191148035228252,5.625763416290283,2.248219966888428,61.87801742553711,24.728269577026367
New Zealand,2015,NZL,4614035.0,160782215776.0,35.80509567260742,5.486145973205566,19.251453399658203,8.310765266418457,0.6207119822502136,252.21728515625,156.02157592773438,61.85688400268555,96.20836639404295,38.14311599731445,34.88999938964844,80.07803344726562,0.0932427197694778,0.0369673483073711,5.985138893127441,2.372889757156372,62.10112762451172,24.620838165283203
New Zealand,2016,NZL,4714768.0,167418113760.0,34.13495635986328,4.481448173522949,19.363475799560547,7.892918109893799,0.4863770008087158,255.68443298339844,156.32260131835938,61.18292236328125,99.1777801513672,38.81707763671875,36.38999938964844,84.3337173461914,0.1425781995058059,0.0558035187423229,5.881320476531982,2.3018832206726074,65.16343688964844,25.50424194335937
New Zealand,2017,NZL,4812749.0,174187918857.0,35.66126251220703,4.686748027801514,20.226545333862305,8.518635749816895,0.4437749981880188,259.83465576171875,163.60861206054688,62.91455078125,96.4403076171875,37.08544921875,35.459999084472656,81.218505859375,0.1927370578050613,0.0741156935691833,5.2276225090026855,2.0102458000183105,62.93963241577149,24.2029972076416
New Zealand,2018,NZL,4900840.0,181445758308.0,35.68679428100586,5.267319202423096,20.41033363342285,7.8968329429626465,0.4179660081863403,258.44549560546875,160.12181091308594,61.90248107910156,98.54602813720705,38.09751892089844,36.470001220703125,83.39813232421875,0.2504048645496368,0.096805565059185,5.144193172454834,1.9887254238128664,65.30989837646484,25.248558044433597
New Zealand,2019,NZL,4989410.0,187274507980.0,36.71061325073242,5.618295192718506,20.77802848815918,8.244861602783203,0.4109399914741516,263.5646667480469,166.5218505859375,63.10026550292969,97.3785400390625,36.89973449707031,36.060001373291016,82.42285919189453,0.3165915608406067,0.1199663132429122,5.583334922790527,2.115697860717773,63.36299896240234,24.010196685791016
New Zealand,2020,NZL,5069895.0,184971347287.0,34.10895919799805,5.339866161346436,18.99688148498535,7.953587055206299,0.37915700674057,239.30291748046875,145.76158142089844,60.724708557128906,94.2751235961914,39.27529144287109,35.08000183105469,80.9227294921875,0.3978158831596374,0.1657312661409378,5.701624870300293,2.3753137588500977,59.917510986328125,24.961811065673828
New Zealand,2021,NZL,5107694.0,196312458906.0,34.59651565551758,6.191473007202148,19.732521057128903,6.968023777008057,0.3696300089359283,235.8500518798828,141.32225036621094,59.68354415893555,95.46369934082033,40.31645584106445,35.59000015258789,81.72216033935547,0.5184032320976257,0.2189332693815231,6.51319694519043,2.75066876411438,59.69146347045898,25.20903968811035
New Zealand,2022,NZL,5131731.0,200602760076.0,31.965866088867188,4.301654815673828,19.257930755615234,6.426991939544678,0.4083580076694488,232.7096405029297,132.41275024414062,56.7050666809082,101.09856414794922,43.2949333190918,37.59999847412109,86.93640899658203,0.7016974091529846,0.3004982769489288,7.040927410125732,3.015240430831909,64.56070709228516,27.64778709411621
North Macedonia,2000,MKD,2057254.0,16307994486.0,8.467602729797363,5.526648998260498,2.81643009185791,0.1245239973068237,,30.847715377807617,27.388038635253903,89.39227294921875,3.249999761581421,10.607728004455566,1.1699999570846558,17.18061637878418,0.0,0.0,0.0,0.0,3.249999761581421,10.607728004455566
North Macedonia,2001,MKD,2066300.0,15872667390.0,8.291523933410645,5.828258991241455,2.298314094543457,0.1649509966373443,,29.024566650390625,27.185510635375977,94.0193862915039,1.7292817831039429,5.980612754821777,0.6299999952316284,9.89011001586914,0.0,0.0,0.0,0.0,1.7292817831039429,5.980612754821777
North Macedonia,2002,MKD,2074482.0,16017432272.0,7.837296009063721,5.103951930999756,2.56113600730896,0.1722079962491989,,28.36149406433105,26.15193748474121,92.65223693847656,2.073972702026367,7.347762107849121,0.7599999904632568,12.479474067687988,0.0,0.0,0.0,0.0,2.073972702026367,7.347762107849121
North Macedonia,2003,MKD,2081417.0,16466000239.0,8.53332805633545,5.85383415222168,2.529207944869995,0.150286003947258,,31.97560691833496,27.99083709716797,88.20260620117188,3.743868827819824,11.797395706176758,1.3700000047683716,20.35661125183105,0.0,0.0,0.0,0.0,3.743868827819824,11.797395706176758
North Macedonia,2004,MKD,2086581.0,17324217189.0,8.229344367980957,5.495999813079834,2.597775936126709,0.1355679929256439,,31.577075958251957,27.30646705627441,87.17781066894531,4.016260147094727,12.82219123840332,1.4800000190734863,22.22222328186035,0.0,0.0,0.0,0.0,4.016260147094727,12.82219123840332
North Macedonia,2005,MKD,2089809.0,18219129334.0,8.595744132995605,5.7708001136779785,2.682048082351685,0.1428959965705871,,32.58406448364258,28.311851501464844,87.59149169921875,4.0107526779174805,12.408507347106934,1.4900000095367432,21.46973991394043,0.0,0.0,0.0,0.0,4.0107526779174805,12.408507347106934
North Macedonia,2006,MKD,2089232.0,19227779553.0,8.650704383850098,5.63156795501709,2.865247964859009,0.153888002038002,,33.184112548828125,28.48919677734375,86.59077453613281,4.411764621734619,13.40922737121582,1.649999976158142,23.53780174255371,0.0,0.0,0.0,0.0,4.411764621734619,13.40922737121582
North Macedonia,2007,MKD,2081972.0,20547244002.0,9.01329517364502,5.721737861633301,3.097289085388184,0.1942680031061172,,32.87805938720703,30.02216339111328,91.78750610351562,2.6861703395843506,8.212494850158691,1.0099999904632568,15.538461685180664,0.0,0.0,0.0,0.0,2.6861703395843506,8.212494850158691
North Macedonia,2008,MKD,2070837.0,21752220835.0,8.936495780944824,5.935679912567139,2.7773120403289795,0.2235040068626403,,31.796241760253903,29.42109680175781,92.95133209228516,2.231055974960327,7.048670291900635,0.8399999737739563,13.31220245361328,0.0,0.0,0.0,0.0,2.2163586616516118,7.002236843109131
North Macedonia,2009,MKD,2060601.0,21758909955.0,8.247512817382812,5.278408050537109,2.822482109069824,0.1466220021247863,,31.13931655883789,27.57061004638672,89.15052795410156,3.355296850204468,10.849470138549805,1.2699999809265137,18.621700286865234,0.0,0.0,0.0,0.0,3.3333332538604736,10.778450012207031
North Macedonia,2010,MKD,2051510.0,22583127369.0,8.18184757232666,5.222611904144287,2.7394909858703613,0.2197449952363968,,33.89861297607422,27.146018981933597,81.07669067382812,6.335884094238281,18.923309326171875,2.430000066757202,33.471073150634766,6.770832987967879e-05,0.0002022236585617,0.0,0.0,6.330729007720947,18.90791130065918
North Macedonia,2011,MKD,2040445.0,23201482935.0,8.822912216186523,5.818431854248047,2.75166392326355,0.2528159916400909,,33.79075241088867,29.83101272583008,88.91551971435547,3.71882438659668,11.084478378295898,1.4299999475479126,21.153844833374023,0.0030388599261641,0.0090577490627765,0.0,0.0,3.712435007095337,11.065434455871582
North Macedonia,2012,MKD,2027288.0,23095684802.0,8.456512451171875,5.521647930145264,2.674720048904419,0.2601439952850342,,31.354475021362305,28.48971366882324,91.364013671875,2.692929983139038,8.635990142822266,1.0399999618530271,16.61341667175293,0.0073092780075967,0.0234402120113372,0.0,0.0,2.6829895973205566,8.604111671447754
North Macedonia,2013,MKD,2013280.0,23771197646.0,7.452442169189453,4.556509971618652,2.5990068912506104,0.2969250082969665,,30.120229721069336,25.768096923828125,86.31716918945312,4.084708213806152,13.682828903198242,1.590000033378601,26.108373641967773,0.0231483373790979,0.0775415822863578,0.0,0.0,4.0510663986206055,13.570136070251465
North Macedonia,2014,MKD,1997842.0,24633991465.0,7.166783809661865,4.3198561668396,2.594111919403076,0.2528159916400909,,27.962751388549805,24.45988273620605,88.14314270019531,3.290299654006958,11.856857299804688,1.2899999618530271,23.977693557739254,0.036595419049263,0.1318745166063308,0.1797277331352234,0.6476632356643677,3.0703587532043457,11.06428337097168
North Macedonia,2015,MKD,1980366.0,25583815729.0,6.719776153564453,3.7519359588623047,2.7370080947875977,0.2308319956064224,,29.47651672363281,23.999286651611328,82.3271484375,5.151835918426514,17.672855377197266,2.0299999713897705,35.929203033447266,0.0572151914238929,0.1962709724903106,0.3057392239570617,1.0488077402114868,4.7220072746276855,16.19837188720703
North Macedonia,2016,MKD,1961268.0,26312536822.0,6.606192111968994,3.4331679344177246,2.810287952423096,0.3627359867095947,,30.592130661010746,25.039447784423828,82.75933074951172,5.216292858123779,17.240671157836914,2.069999933242798,36.76731491088867,0.0595477409660816,0.1968147009611129,0.275082916021347,0.9091925024986268,4.76719856262207,15.75634479522705
North Macedonia,2017,MKD,1940877.0,26597107306.0,7.090023040771484,3.812351942062378,2.8125710487365723,0.4650999903678894,,29.4331169128418,25.95510482788086,88.79937744140625,3.2738211154937744,11.200620651245115,1.2899999618530271,23.03571319580078,0.0593774989247322,0.2031463533639907,0.276199996471405,0.9449543356895448,2.775697469711304,9.496405601501465
North Macedonia,2018,MKD,1919730.0,27363281668.0,6.653823852539063,3.407520055770874,2.769984006881714,0.4763199985027313,,30.42636108398437,25.19547462463379,83.64920806884766,4.924921989440918,16.350788116455078,1.9600000381469729,34.9376106262207,0.0566865652799606,0.1881999373435974,0.2421343177556991,0.803888201713562,4.456139087677002,14.794424057006836
North Macedonia,2019,MKD,1897643.0,28433274864.0,7.624612808227539,4.050576210021973,3.016854047775269,0.557183027267456,,31.05750274658203,27.48355484008789,89.09730529785156,3.3631176948547363,10.902691841125488,1.340000033378601,22.827939987182617,0.057488702237606,0.1863692253828048,0.2519950270652771,0.8169277310371399,2.8803811073303223,9.33773708343506
North Macedonia,2020,MKD,1872021.0,27100243788.0,6.979919910430908,3.4588160514831543,2.87990403175354,0.6412000060081482,,27.70799446105957,23.79981231689453,86.60375213623047,3.6814587116241455,13.396245956420898,1.4800000190734863,27.715354919433597,0.0596590489149093,0.2170898467302322,0.2886049449443817,1.0501878261566162,3.153439521789551,11.474867820739746
North Macedonia,2021,MKD,1851109.0,28165634846.0,6.518256187438965,2.550143957138061,3.154704093933105,0.8134080171585083,,28.997852325439453,24.62279510498047,85.6518783569336,4.124730110168457,14.34812355041504,1.649999976158142,29.83724975585937,0.1256139874458313,0.436955839395523,0.2545221745967865,0.8853707313537598,3.5754261016845703,12.437335968017578
North Macedonia,2022,MKD,1840236.0,28770256385.0,7.352170944213867,3.3232479095458984,3.479322910308838,0.5496000051498413,,30.73417282104492,26.51662254333496,86.94705963134766,3.980813026428223,13.052943229675291,1.6100000143051147,27.10437774658203,0.2478820830583572,0.8127964735031128,0.2645110487937927,0.8673222661018372,3.3054420948028564,10.83842658996582
Norway,2000,NOR,4490864.0,242751277829.0,42.13100051879883,4.324230194091797,22.34552383422852,11.041693687438965,0.8897320032119751,583.1774291992188,162.89857482910156,29.206993103027344,394.8396911621094,70.79300689697266,142.11000061035156,99.71231842041016,0.0147222215309739,0.0026396291796118,0.0861111059784889,0.0154393399134278,393.9388427734375,70.6314926147461
Norway,2001,NOR,4513650.0,255455331302.0,43.51900100708008,3.939034938812256,23.33005142211914,12.131266593933104,0.8529599905014038,519.15966796875,164.3560028076172,33.00236129760742,333.6568298339844,66.99763488769531,120.73999786376952,99.5219268798828,0.0146408844739198,0.0029398610349744,0.0745856389403343,0.0149766504764556,332.7707214355469,66.81970977783203
Norway,2002,NOR,4538016.0,267081351259.0,42.57099914550781,3.433866024017334,23.321556091308597,12.302251815795898,0.8751980066299438,543.4374389648438,164.78956604003906,31.676008224487305,355.445068359375,68.32398986816406,129.6999969482422,99.58537292480467,0.0145205473527312,0.0027911534998565,0.2054794579744339,0.0394974574446678,354.4438171386719,68.13153076171875
Norway,2003,NOR,4564666.0,277856282106.0,43.91899871826172,3.284167051315308,24.382347106933597,13.021418571472168,0.9040989875793456,479.9303894042969,172.32167053222656,37.34956741333008,289.0535888671875,62.65043258666992,106.02999877929688,99.40001678466795,0.016893733292818,0.0036616036668419,0.5940054059028625,0.1287467032670974,287.41143798828125,62.29450607299805
Norway,2004,NOR,4591739.0,297743119876.0,44.25699996948242,3.669737100601196,24.04738044738769,13.595434188842772,0.7163959741592407,486.4991149902344,171.1400909423828,36.58706665039063,296.6210632324219,63.412933349609375,109.38999938964844,99.35513305664062,0.0168021693825721,0.0035920403897762,0.6829268336296082,0.1459990441799163,294.7994689941406,63.02350234985352
Norway,2005,NOR,4623120.0,314940774381.0,43.27899932861328,3.3185338973999023,23.640304565429688,13.426398277282717,0.7799149751663208,558.4365234375,167.3960723876953,31.315473556518555,367.1513671875,68.68452453613281,136.52000427246094,99.46812438964844,0.016666667535901,0.0031179024372249,1.3413978815078735,0.2509408593177795,364.752685546875,68.23579406738281
Norway,2006,NOR,4660487.0,332457531096.0,43.85900115966797,2.7466509342193604,24.742870330810547,13.60020637512207,0.8045200109481812,511.1966552734375,168.45449829101562,34.338138580322266,322.1210327148437,65.661865234375,120.4000015258789,99.32354736328124,0.018983956426382,0.0038697316776961,1.7005345821380615,0.3466407358646393,319.16845703125,65.06000518798828
Norway,2007,NOR,4709017.0,352692911227.0,45.60499954223633,3.1095240116119385,24.3894157409668,13.92003059387207,0.8688300251960754,552.7203979492188,170.69879150390625,32.20227813720703,359.3841857910156,67.79772186279297,134.94000244140625,99.1404037475586,0.0188829787075519,0.0035622683353722,2.372340440750122,0.4475413262844085,355.4681091308594,67.05895233154297
Norway,2008,NOR,4768097.0,364943654963.0,44.69200134277344,3.229604959487915,23.62041282653809,14.090256690979004,0.8326370120048523,559.906982421875,164.41964721679688,30.68267059326172,371.4517517089844,69.31732940673828,140.35000610351562,99.40505981445312,0.0195250660181045,0.0036436105147004,2.408970832824707,0.4495427310466766,366.8707275390625,68.46245574951172
Norway,2009,NOR,4828625.0,370113292846.0,43.09799957275391,2.3222830295562744,23.144399642944336,14.79262351989746,0.8419340252876282,513.9429321289062,159.50234985351562,32.37248611450195,333.2072448730469,67.62751770019531,126.4800033569336,96.57173919677734,0.0202099736779928,0.0041018021292984,2.5643043518066406,0.5204494595527649,328.8267517089844,66.73844909667969
Norway,2010,NOR,4889160.0,383760934305.0,45.65900039672852,3.0529820919036865,24.53534507751465,15.052727699279783,0.7540299892425537,497.9322204589844,168.98135375976562,35.37052536010742,308.764892578125,64.62947845458984,117.95999908447266,95.79340362548828,0.021093750372529,0.0044152624905109,2.2890625,0.4791377186775207,304.0078125,63.63373947143555
Norway,2011,NOR,4952969.0,399420041611.0,44.775001525878906,3.201786994934082,24.30800437927246,14.36781406402588,0.7489280104637146,504.03802490234375,166.24050903320312,34.376068115234375,317.35321044921875,65.62393188476562,121.91000366210938,96.80775451660156,0.0220207255333662,0.0045535592362284,3.323834180831909,0.6873195767402649,311.6036071777344,64.43499755859375
Norway,2012,NOR,5018453.0,410276121127.0,44.257999420166016,3.1754300594329834,24.278852462768555,14.085892677307127,0.7254250049591064,560.9417724609375,165.48643493652344,30.79771041870117,371.84710693359375,69.20228576660156,143.58999633789062,98.22821044921876,0.0229381434619426,0.0042688837274909,3.989690542221069,0.742497980594635,365.2680358886719,67.97789764404297
Norway,2013,NOR,5080126.0,414445317738.0,44.53900146484375,3.241528034210205,24.539283752441406,13.909416198730469,0.7306420207023621,523.2360229492188,166.09033203125,33.12656784057617,335.2907409667969,66.8734359741211,130.4199981689453,97.95703887939452,0.0250639393925666,0.004998980090022,4.810741901397705,0.9594981074333192,327.7186584472656,65.36318969726562
Norway,2014,NOR,5137397.0,422933730082.0,44.97499847412109,3.473395109176636,24.09067726135254,14.650884628295898,0.7272250056266785,541.9393310546875,166.60906982421875,32.08573532104492,352.65301513671875,67.91426086425781,137.94000244140625,97.91311645507812,0.0295165386050939,0.0056843240745365,5.641221523284912,1.0863919258117676,344.6972045898437,66.38212585449219
Norway,2015,NOR,5189777.0,430788988142.0,45.52299880981445,3.36153507232666,23.89277458190918,15.515854835510254,0.671513020992279,549.2698364257812,170.2505340576172,32.324344635009766,356.4439392089844,67.6756591796875,140.07000732421875,97.95105743408205,0.0339240469038486,0.0064409347251057,6.367088794708252,1.2088770866394043,347.6000061035156,65.99652099609375
Norway,2016,NOR,5235974.0,435806553454.0,44.70800018310547,3.478930950164795,23.380067825317383,15.152153968811035,0.6844980120658875,557.6338500976562,165.2244873046875,30.95377922058105,368.5535888671875,69.04621887207031,145.14999389648438,98.054443359375,0.0597989968955516,0.0112029695883393,5.316582679748535,0.9960286617279052,358.81158447265625,67.22111511230469
Norway,2017,NOR,5276807.0,446543702505.0,44.196998596191406,3.581468105316162,22.723129272460938,15.497547149658203,0.7656400203704834,560.1580200195312,166.94766235351562,31.10565948486328,369.7638854980469,68.89434051513672,145.47999572753906,98.11829376220705,0.0999024957418441,0.0186138153076171,7.135000228881836,1.3293919563293457,355.9149780273437,66.31401824951172
Norway,2018,NOR,5311751.0,450245217440.0,44.47200012207031,3.4662070274353027,23.346620559692383,15.334921836853027,0.7297639846801758,551.6292114257812,168.58778381347656,31.86840438842773,360.4244995117188,68.131591796875,143.0500030517578,98.01973724365234,0.1514328271150589,0.0286255776882171,9.644278526306152,1.8230726718902588,345.6993713378906,65.34807586669922
Norway,2019,NOR,5347733.0,455304831150.0,42.86600112915039,3.4848599433898926,22.083600997924805,15.057183265686035,0.7217140197753906,515.9449462890625,164.5920867919922,33.25859451293945,330.29376220703125,66.74140167236328,131.07000732421875,97.93768310546876,0.2599504888057709,0.0525273606181144,13.675742149353027,2.763413429260254,310.1226501464844,62.665489196777344
Norway,2020,NOR,5379275.0,449485260525.0,41.275001525878906,3.5392661094665527,21.327896118164062,14.317639350891112,0.7247070074081421,556.3814697265625,154.66322326660156,29.037094116210938,377.9769287109375,70.96290588378906,152.02999877929688,98.5160675048828,0.3300778269767761,0.0619701370596885,24.47160530090332,4.59439754486084,347.9599914550781,65.32740783691406
Norway,2021,NOR,5408082.0,467007972731.0,41.05799865722656,3.639143943786621,22.07024383544922,13.397103309631348,0.6985660195350647,569.2003173828125,156.45567321777344,28.69457626342773,388.78912353515625,71.30542755126953,156.05999755859375,99.31903076171876,0.2683226764202118,0.0492114163935184,28.98813819885254,5.3165364265441895,354.5941467285156,65.033935546875
Norway,2022,NOR,5456796.0,482328451592.0,40.83300018310547,3.6795599460601807,22.16401672363281,12.923290252685549,0.7102630138397217,533.5675048828125,155.4150848388672,30.351593017578125,356.6341247558594,69.64840698242188,143.4499969482422,98.64530181884766,0.4247321784496307,0.0829475298523902,36.38785934448242,7.106320858001709,315.0855407714844,61.53422927856445
Oman,2000,OMN,2282139.0,58124187550.0,23.984355926513672,0.0,8.163392066955566,11.028639793395996,0.5726739764213562,110.95964813232422,110.95964813232422,100.0,0.0,0.0,0.0,0.0,0.0,0.0,0.0,0.0,0.0,0.0
Oman,2001,OMN,2310223.0,64949142360.0,22.51173973083496,0.0,5.251465797424316,12.133707046508787,0.6263960003852844,123.19215393066406,123.19215393066406,100.0,0.0,0.0,0.0,0.0,0.0,0.0,0.0,0.0,0.0,0.0
Oman,2002,OMN,2337144.0,68131998222.0,26.978979110717773,0.0002990000066347,6.22603702545166,15.314071655273438,0.7681750059127808,131.16111755371094,131.16111755371094,100.0,0.0,0.0,0.0,0.0,0.0,0.0,0.0,0.0,0.0,0.0
Oman,2003,OMN,2363801.0,69978417960.0,34.56336212158203,0.0003300000098533,11.120240211486816,16.817760467529297,1.1162790060043335,136.1285858154297,136.1285858154297,100.0,0.0,0.0,0.0,0.0,0.0,0.0,0.0,0.0,0.0,0.0
Oman,2004,OMN,2404822.0,74745449481.0,29.247371673583984,0.0011660000309348,7.503871917724609,15.370479583740234,1.1562689542770386,141.45143127441406,141.451416015625,100.0,0.0,0.0,0.0,0.0,0.0,0.0,0.0,0.0,0.0,0.0
Oman,2005,OMN,2459808.0,80936605625.0,31.83534049987793,0.0039400001987814,6.869999885559082,18.891584396362305,1.1705570220947266,156.1228790283203,156.1228790283203,100.0,0.0,0.0,0.0,0.0,0.0,0.0,0.0,0.0,0.0,0.0
Oman,2006,OMN,2514794.0,90553430362.0,40.44971466064453,3.400000059627928e-05,14.02945613861084,20.624656677246094,1.5573149919509888,170.5869598388672,170.58694458007812,100.0,0.0,0.0,0.0,0.0,0.0,0.0,0.0,0.0,0.0,0.0
Oman,2007,OMN,2570175.0,100681198254.0,45.30841064453125,0.0027020000852644,18.14779281616211,21.716527938842773,1.642230987548828,172.05459594726562,172.05459594726562,100.0,0.0,0.0,0.0,0.0,0.0,0.0,0.0,0.0,0.0,0.0
Oman,2008,OMN,2626536.0,115217924982.0,47.43562316894531,0.0085669998079538,13.27467155456543,28.689119338989254,1.6744569540023804,201.0054626464844,201.0054473876953,100.0,0.0,0.0,0.0,0.0,0.0,0.0,0.0,0.0,0.0,0.0
Oman,2009,OMN,2684665.0,127016653137.0,44.50390625,0.0251330006867647,10.530336380004885,28.72942352294922,1.6644450426101685,199.4219970703125,199.4219970703125,100.0,0.0,0.0,0.0,0.0,0.0,0.0,0.0,0.0,0.0,0.0
Oman,2010,OMN,2757450.0,135198273857.0,51.42915344238281,0.0285570006817579,12.108638763427734,34.10569381713867,1.8648799657821653,237.0828399658203,237.08282470703125,100.0,0.0,0.0,0.0,0.0,0.0,0.0,0.0,0.0,0.0,0.0
Oman,2011,OMN,3076762.0,132756531310.0,57.30513000488281,0.0274570006877183,12.450271606445312,39.11686325073242,2.063488006591797,259.8641357421875,259.8641357421875,100.0,0.0,0.0,0.0,0.0,0.0,0.0,0.0,0.0,0.0,0.0
Oman,2012,OMN,3547104.0,144522749866.0,63.10491180419922,0.0141470003873109,14.982991218566896,41.63652038574219,2.4985339641571045,283.4504699707031,283.45050048828125,100.0,0.0,0.0,0.0,0.0,0.0,0.0,0.0,0.0,0.0,0.0
Oman,2013,OMN,3833915.0,152076951430.0,65.58698272705078,0.0205349996685981,13.168416023254396,45.6351203918457,2.3350369930267334,317.619873046875,317.6165771484375,99.99903106689452,0.0030690538696944,0.0009662669617682,0.0,0.0,0.0030690538696944,0.0009662669617682,0.0,0.0,0.0,0.0
Oman,2014,OMN,4002444.0,154041791696.0,66.1900405883789,0.0148109998553991,14.274944305419922,44.96460723876953,2.059835910797119,315.9684753417969,315.9652099609375,99.99903106689452,0.0030534351244568,0.000966373947449,0.0,0.0,0.0030534351244568,0.000966373947449,0.0,0.0,0.0,0.0
Oman,2015,OMN,4184898.0,161770059399.0,67.88322448730469,0.2141010016202926,12.70308780670166,48.25121688842773,2.1406140327453613,337.4244384765625,337.4144897460937,99.99722290039062,0.0093670887872576,0.002776060020551,0.0,0.0,0.0093670887872576,0.002776060020551,0.0,0.0,0.0,0.0
Oman,2016,OMN,4390880.0,169932976616.0,66.23981475830078,0.1858250051736831,10.940704345703123,48.254878997802734,2.3021700382232666,338.6443176269531,338.63311767578125,99.99688720703124,0.0105427131056785,0.0031132174190133,0.0,0.0,0.0105427131056785,0.0031132174190133,0.0,0.0,0.0,0.0
Oman,2017,OMN,4537397.0,170449577065.0,66.34371948242188,0.1661510020494461,11.828325271606444,47.49643325805664,1.9629030227661133,351.9158020019531,351.8743896484375,99.98894500732422,0.0388999991118907,0.0110538592562079,0.0199999995529651,0.0553250312805175,0.0388999991118907,0.0110538592562079,0.0,0.0,0.0,0.0
Oman,2018,OMN,4597878.0,172643265345.0,70.67793273925781,0.1105479970574379,12.59877109527588,51.29600143432617,2.168885946273804,376.00726318359375,375.9656677246094,99.98960876464844,0.0390845760703086,0.0103947026655077,0.050000000745058,0.1324152648448944,0.0390845760703086,0.0103947026655077,0.0,0.0,0.0,0.0
Oman,2019,OMN,4591248.0,170692383655.0,72.03490447998047,0.1912779957056045,12.323653221130373,52.34390258789063,2.229470014572144,373.4090270996094,373.3424682617188,99.98326110839844,0.0625123754143714,0.0167411733418703,0.0599999986588954,0.1542813032865524,0.0409777201712131,0.0109740691259503,0.0215346533805131,0.0057671037502586,0.0,0.0
Oman,2020,OMN,4522502.0,165230251016.0,71.84515380859375,0.3285459876060486,10.06911563873291,54.17143630981445,2.544503927230835,361.5533447265625,361.1332092285156,99.8907470703125,0.3949679136276245,0.109249547123909,0.1000000014901161,0.2617801129817962,0.137437030673027,0.0380155779421329,0.2575308680534363,0.0712339729070663,0.0,0.0
Oman,2021,OMN,4500429.0,170025212745.0,75.04139709472656,0.1650979965925216,11.147242546081545,56.45124816894531,2.6252810955047607,398.3431091308594,396.2429504394531,99.50358581542967,1.976832628250122,0.4964174926280975,0.699999988079071,1.7073169946670532,1.6835542917251587,0.4227701127529144,0.2932783365249634,0.0736473575234413,0.0,0.0
Oman,2022,OMN,4730229.0,177355008173.0,77.99378967285156,0.0236750002950429,12.725452423095703,58.52255630493164,2.827225923538208,424.5609130859375,419.4469299316406,98.86404418945312,4.819487571716309,1.1359578371047974,1.899999976158142,4.4811320304870605,4.536655426025391,1.0692940950393677,0.2828322649002075,0.0666638389229774,0.0,0.0
Pakistan,2000,PAK,154879124.0,459798536606.0,103.9397201538086,8.192420959472656,55.390438079833984,36.36760711669922,3.989255905151367,483.7543029785156,426.19287109375,88.69983673095703,51.66893005371094,10.75340747833252,17.190000534057617,25.853513717651367,0.0,0.0,0.0,0.0,48.77299118041992,10.150700569152832
Pakistan,2001,PAK,159270910.0,477964444881.0,105.4006805419922,8.04248046875,55.08824157714844,37.85644912719727,4.413510799407959,495.150146484375,432.7480163574219,87.99880981445312,53.25541305541992,10.829426765441896,18.940000534057617,26.26542854309082,0.0,0.0,0.0,0.0,50.53010177612305,10.275238037109377
Pakistan,2002,PAK,163222552.0,504824722487.0,110.56624603271484,7.742032051086426,53.659278869628906,44.770416259765625,4.394515037536621,514.1093139648438,446.1362915039063,87.43110656738281,58.94120407104492,11.550942420959473,22.350000381469727,29.497163772583008,0.0,0.0,0.0,0.0,55.93870544433594,10.962531089782717
Pakistan,2003,PAK,167110250.0,543920300431.0,113.1418228149414,8.841232299804688,44.2171516418457,54.91236877441406,5.17106819152832,554.2310180664062,474.27099609375,86.2722396850586,70.27659606933594,12.78365993499756,28.13999938964844,34.28362274169922,0.0,0.0,0.0,0.0,67.02315521240234,12.19184398651123
Pakistan,2004,PAK,171285999.0,592025705114.0,124.63683319091795,11.922656059265137,46.33127975463867,60.7784309387207,5.604468822479248,618.9048461914062,533.245361328125,86.81951141357422,74.40982055664062,12.114919662475586,26.8700008392334,31.25872611999512,0.0,0.0,0.0,0.0,71.04607391357422,11.567255973815918
Pakistan,2005,PAK,175453212.0,641139042718.0,129.9474334716797,11.446335792541504,48.36479949951172,63.49711990356445,6.639176845550537,641.3386840820312,546.4595336914062,85.94729614257812,82.52589416503906,12.979694366455078,31.86000061035156,33.692893981933594,0.0,0.0,0.0,0.0,82.52589416503906,12.979694366455078
Pakistan,2006,PAK,179682690.0,685965623310.0,137.91159057617188,12.050895690917969,54.21620941162109,63.75726318359375,7.887227058410644,679.6268920898438,586.6346435546875,87.00008392333984,80.88470458984375,11.99549961090088,33.0099983215332,33.16587829589844,0.0,0.0,0.0,0.0,80.88470458984375,11.99549961090088
Pakistan,2007,PAK,184493231.0,719253757580.0,148.34901428222656,16.066640853881836,57.86555099487305,64.95172882080078,9.465100288391112,717.0552978515625,621.1898193359375,87.2939453125,84.25249481201172,11.839750289916992,29.959999084472656,31.159645080566406,0.0005372340674512,7.54958891775459e-05,0.0,0.0,84.25196075439453,11.839674949645996
Pakistan,2008,PAK,189499112.0,746912719652.0,147.9014129638672,12.886602401733398,58.92954635620117,65.75574493408203,10.329524993896484,718.677490234375,637.1380004882812,89.24922943115234,72.1390609741211,10.105119705200195,29.059999465942383,31.24395179748535,0.004332453943789,0.0006068829679861,0.0,0.0,72.13472747802734,10.10451316833496
Pakistan,2009,PAK,194376535.0,774880575078.0,148.35498046875,11.44605541229248,58.311126708984375,66.98726654052734,11.610527992248535,745.3619384765625,658.2393188476562,88.90447235107422,75.47335052490234,10.193737030029297,29.100000381469727,30.277807235717773,0.0252099726349115,0.0034049609676003,0.0,0.0,75.4481430053711,10.19033145904541
Pakistan,2010,PAK,199239048.0,805491514683.0,147.5039825439453,11.02131175994873,62.14510345458984,63.12339019775391,11.214177131652832,749.4698486328125,659.92236328125,88.674560546875,77.66494750976562,10.435932159423828,32.81999969482422,34.7154655456543,0.0347812511026859,0.0046735983341932,0.0,0.0,77.63016510009766,10.43125820159912
Pakistan,2011,PAK,203746069.0,845096928750.0,149.48829650878906,12.00326442718506,60.50363159179688,65.9593276977539,11.022089958190918,753.3283081054688,658.4215698242188,88.02877044677734,79.32966613769531,10.606112480163574,29.68000030517578,31.29811286926269,0.0695077702403068,0.0092929573729634,0.0,0.0,79.2601547241211,10.596818923950195
Pakistan,2012,PAK,207667129.0,878485024934.0,150.55506896972656,10.368868827819824,63.616493225097656,64.17707061767578,11.390764236450195,701.7944946289062,664.9512329101562,95.01131439208984,27.91615104675293,3.9887890815734863,31.11000061035156,31.71253967285156,0.1699149459600448,0.0242782346904277,0.048969067633152,0.0069969273172318,27.697267532348636,3.9575138092041016
Pakistan,2013,PAK,211073979.0,918328534363.0,148.18304443359375,10.317824363708496,61.042240142822266,63.72062301635742,11.961540222167969,775.3792724609375,677.611083984375,88.02456665039062,81.28440856933594,10.55919075012207,33.7599983215332,32.18916702270508,0.3707109987735748,0.0481569394469261,0.3871397376060486,0.0502911023795604,80.52655792236328,10.460742950439451
Pakistan,2014,PAK,214264649.0,961516822345.0,150.80950927734375,13.117437362670898,60.42815017700195,64.20216369628906,12.197856903076172,786.3077392578125,684.962890625,87.74471282958984,83.78573608398438,10.733071327209473,35.43000030517578,32.832916259765625,0.6059083938598633,0.0776177272200584,0.7973737120628357,0.1021447032690048,82.38245391845703,10.553309440612791
Pakistan,2015,PAK,217290884.0,1010825281718.0,144.8955535888672,12.50554656982422,54.3824577331543,64.40741729736328,12.703874588012695,829.312255859375,727.0183715820312,88.26954650878906,85.71709442138672,10.407176971435549,37.95000076293945,33.64659881591797,0.9666759371757508,0.11736711114645,1.515427827835083,0.1839927732944488,82.98600006103516,10.075586318969728
Pakistan,2016,PAK,220138863.0,1061146810870.0,176.74098205566406,22.613739013671875,74.33002471923828,64.5217056274414,14.460055351257324,900.4373168945312,788.9259033203125,88.22781372070312,91.97395324707033,10.285707473754885,35.849998474121094,29.170055389404297,1.125330686569214,0.1258489042520523,2.3068318367004395,0.2579795122146606,86.87849426269531,9.715867042541504
Pakistan,2017,PAK,223273974.0,1117267177186.0,211.9807281494141,37.25921630859375,83.4695816040039,75.72388458251953,14.846246719360352,951.99267578125,841.004638671875,88.88027954101562,84.92476654052734,8.975143432617188,32.63999938964844,25.038354873657227,1.646983027458191,0.1740588694810867,4.407254219055176,0.4657739102840423,75.51016998291016,7.980176448822021
Pakistan,2018,PAK,226928893.0,1165406508457.0,203.4996795654297,46.20953369140625,66.65428161621094,74.56105041503906,15.499948501586914,967.4801635742188,853.310791015625,88.72831726074219,85.39503479003906,8.87948226928711,33.130001068115234,25.67819023132324,1.798009991645813,0.1869593262672424,7.044253349304199,0.7324702739715576,73.33283996582031,7.625240325927734
Pakistan,2019,PAK,230800908.0,1172330212219.0,190.82586669921875,44.7154541015625,61.86663818359375,68.33726501464844,15.443852424621582,973.635498046875,843.0367431640625,87.21043395996094,100.9034423828125,10.43825626373291,40.77999877929688,30.214120864868164,1.733254313468933,0.1793016344308853,7.792684555053711,0.8061373233795166,89.44609069824219,9.253015518188477
Pakistan,2020,PAK,235001745.0,1202026422230.0,215.50955200195312,52.01047897338867,80.07672119140625,66.39534759521484,16.573041915893555,959.6697998046876,819.5200805664062,86.05559539794922,109.21495819091795,11.468368530273438,42.29999923706055,28.94088554382324,1.7528403997421265,0.184061050415039,6.746069431304932,0.7083866000175476,98.73392486572266,10.367783546447754
Pakistan,2021,PAK,239477805.0,1278204948031.0,243.55235290527344,62.29166412353516,94.01824188232422,67.87193298339844,18.928735733032227,1066.0113525390625,915.0253295898438,86.42150115966797,105.11148834228516,9.92747688293457,45.77000045776367,28.04362297058105,1.7673436403274536,0.1669205129146576,8.45399284362793,0.7984552383422852,92.69059753417967,8.754359245300293
Pakistan,2022,PAK,243700667.0,1318834969356.0,211.9697113037109,59.540000915527344,73.32027435302734,61.73970413208008,16.918020248413086,979.1012573242188,814.536376953125,83.8046875,102.74143981933594,10.570693969726562,50.54999923706055,28.726486206054688,2.077548027038574,0.2137513756752014,11.404714584350586,1.1733896732330322,86.2439193725586,8.873323440551758
Peru,2000,PER,26598328.0,128561599053.0,28.677526473999023,1.971474051475525,23.166654586791992,1.3961549997329712,1.7776600122451782,147.35916137695312,99.01986694335938,68.54984283447266,45.42958068847656,31.450159072875977,16.329999923706055,81.97791290283203,0.0,0.0,0.0022222220432013,0.0015384081052616,44.93360900878906,31.10680389404297
Peru,2001,PER,26964610.0,130005019162.0,25.260149002075195,2.059168100357056,20.18497657775879,1.0479040145874023,1.649925947189331,146.0758819580078,93.80348205566406,65.60792541503906,49.172359466552734,34.39207458496094,17.770000457763672,85.55609130859375,0.0,0.0,0.0033149174414575,0.002318515907973,48.65966796875,34.03348922729492
Peru,2002,PER,27288211.0,137911092694.0,25.59174346923828,2.7956318855285645,19.364240646362305,1.14683198928833,1.979640007019043,149.57688903808594,96.15072631835938,65.70677947998047,50.18231964111328,34.2932243347168,18.229999542236328,82.90131378173828,0.0,0.0,0.0032876713667064,0.0022467046510428,49.424930572509766,33.7756462097168
Peru,2003,PER,27580485.0,144583674826.0,24.91417121887207,2.766319990158081,18.44457626342773,1.2677439451217651,2.083075046539306,147.67164611816406,93.11637115478516,64.4811019897461,51.29240417480469,35.518898010253906,18.729999542236328,81.68338012695312,0.0,0.0,0.0032697548158466,0.0022642356343567,50.50054550170898,34.970550537109375
Peru,2004,PER,27852190.0,152840586065.0,28.50362968444824,3.2499680519104004,20.69793510437012,1.9822239875793457,2.3018579483032227,157.3960723876953,106.28646087646484,68.84827423095703,48.091346740722656,31.151721954345703,17.670000076293945,72.86598205566406,0.0,0.0,0.0032520326785743,0.0021065415348857,47.49403762817383,30.76480865478516
Peru,2005,PER,28101175.0,163489485317.0,30.32110595703125,3.4188549518585205,20.952856063842773,3.3455679416656494,2.3755900859832764,163.7298583984375,111.0618896484375,69.17333221435547,49.494049072265625,30.826669692993164,18.43000030517578,72.2745132446289,0.0,0.0,0.0032258066348731,0.002009148010984,48.32526397705078,30.098709106445312
Peru,2006,PER,28324488.0,176775277493.0,28.299266815185547,2.8689119815826416,18.726703643798828,3.828880071640015,2.713520050048828,165.59295654296875,107.81560516357422,66.46797943115234,54.39122009277344,33.53201675415039,20.049999237060547,73.28215789794922,0.0,0.0,0.0032085562124848,0.0019780648872256,52.39117431640625,32.29899597167969
Peru,2007,PER,28530704.0,192942634714.0,34.56692123413086,3.6053760051727295,22.50062370300293,5.345776081085205,2.9909238815307617,180.28453063964844,122.73756408691406,69.35454559326172,54.2336311340332,30.645456314086918,19.96999931335449,66.72235107421875,0.0,0.0,0.003191489726305,0.0018033951055258,51.99148941040039,29.37850570678711
Peru,2008,PER,28719038.0,211009673563.0,35.57241439819336,3.38919997215271,21.42340850830078,7.430592060089111,3.2129950523376465,194.6441192626953,138.52088928222656,72.39379119873047,52.82270812988281,27.6062068939209,19.5,60.12950897216797,0.0,0.0,0.0031662269029766,0.0016547336708754,50.2891845703125,26.282136917114254
Peru,2009,PER,28896819.0,212830474173.0,39.42384338378906,3.055556058883667,23.66407585144043,9.386492729187012,3.2426059246063232,198.4400787353516,139.53070068359375,71.5306167602539,55.533599853515625,28.46938133239746,19.950000762939453,60.60146331787109,0.0,0.0,0.0031496062874794,0.0016146502457559,52.24094009399414,26.78139305114746
Peru,2010,PER,29086021.0,230353256282.0,42.50510025024414,3.3012640476226807,23.193119049072266,12.57851219177246,3.338289976119995,225.286376953125,165.21426391601562,74.48667907714844,56.58951187133789,25.51332092285156,20.709999084472656,57.70409393310547,0.0,0.0,0.0031250000465661,0.0014089029282331,52.21900939941406,23.54288482666016
Peru,2011,PER,29304083.0,244711917914.0,42.3267936706543,3.129055976867676,23.911264419555664,11.666175842285156,3.453684091567993,248.55609130859372,184.5093994140625,75.34400177001953,60.37990951538086,24.65600204467773,22.270000457763672,56.76778030395508,0.0,0.0,0.0031088083051145,0.0012694749748334,55.84792709350586,22.805376052856445
Peru,2012,PER,29550367.0,259737230567.0,45.5086784362793,2.898223876953125,25.69563102722168,12.94491195678711,3.730599880218506,256.72540283203125,190.2197723388672,75.1727066040039,62.82389450073242,24.827293395996094,22.07999992370605,55.25525665283203,0.1538659781217575,0.0608060956001281,0.0030927835032343,0.0012222330551594,56.78324508666992,22.44009780883789
Peru,2013,PER,29817908.0,274939626306.0,42.71774291992188,3.370879888534546,23.27739143371582,11.864031791687012,3.947282075881958,262.5814819335937,194.07635498046875,75.00916290283203,64.66049194335938,24.990833282470703,23.46999931335449,53.94162368774414,0.5035805702209473,0.1946304142475128,0.0030690538696944,0.0011861680541187,57.0833740234375,22.062328338623047
Peru,2014,PER,30115825.0,281488723310.0,49.38801956176758,3.0486769676208496,24.847450256347656,16.5332088470459,4.590010166168213,268.8290405273437,199.36392211914065,75.22828674316406,65.64800262451172,24.77171516418457,23.950000762939453,52.37262344360352,0.507124662399292,0.1913591772317886,0.6552162766456604,0.2472402900457382,56.51577377319336,21.325746536254883
Peru,2015,PER,30457598.0,290642734598.0,49.20405578613281,3.088517904281616,24.99391746520996,16.24494743347168,4.451824188232422,281.6694641113281,208.545654296875,75.10987091064453,69.10846710205078,24.89012718200684,25.450000762939453,52.72426223754883,0.5829249024391174,0.2099464237689972,1.504744529724121,0.5419492721557617,59.967247009277344,21.597824096679688
Peru,2016,PER,30866497.0,302131843581.0,52.69766616821289,3.2133278846740723,27.861055374145508,17.088895797729492,4.304708003997803,298.9378662109375,225.2942352294922,76.4402847290039,69.4380874633789,23.55971336364746,26.020000457763672,50.39705657958984,0.6055276393890381,0.205450028181076,2.6733667850494385,0.9070490598678588,60.64321517944336,20.575693130493164
Peru,2017,PER,31324639.0,309742529723.0,54.72635269165039,2.806623935699463,33.12255859375,14.458144187927246,4.162100791931152,303.5903015136719,216.1486968994141,72.37638854980469,82.49661254882812,27.62360954284668,30.88999938964844,58.60367965698242,0.8243075013160706,0.2760155498981476,2.683579921722412,0.8985843062400818,72.686279296875,24.33866500854492
Peru,2018,PER,31897590.0,322061010919.0,56.01356887817383,2.5026779174804688,33.89790725708008,14.95011043548584,4.482096195220947,318.4245300292969,224.7063446044922,71.7530517578125,88.45992279052734,28.246950149536133,33.38999938964844,61.13145446777344,1.98184072971344,0.6328397989273071,3.7373135089874263,1.193395972251892,76.46118927001953,24.415525436401367
Peru,2019,PER,32449302.0,329252610797.0,58.66828155517578,2.5721280574798584,35.45652770996094,15.678256034851074,4.8493971824646,326.58514404296875,231.0267791748047,71.9489974975586,90.07121276855469,28.05100440979004,34.43000030517578,60.54158782958984,2.061633586883545,0.6420574188232422,4.096534252166748,1.2757893800735474,77.87648010253906,24.25318145751953
Peru,2020,PER,32838577.0,292988745490.0,47.23673629760742,1.883296012878418,29.235055923461918,13.172080039978027,2.7905280590057373,287.8817443847656,194.70079040527344,68.8868408203125,87.93778991699219,31.1131591796875,33.63999938964844,63.483673095703125,2.1125926971435547,0.7474537491798401,4.479264259338379,1.5848028659820557,75.33407592773438,26.653854370117188
Peru,2021,PER,33155883.0,332691638600.0,59.961856842041016,2.6490719318389893,34.533199310302734,17.37468719482422,5.28361701965332,327.4928283691406,229.9803924560547,71.39161682128906,92.1588134765625,28.608381271362305,35.09000015258789,61.57220458984375,2.186699628829956,0.6788058280944824,4.489100933074951,1.3935283422470093,78.63472747802734,24.410171508789062
Peru,2022,PER,33475436.0,341677633395.0,64.78480529785156,2.804279088973999,36.218109130859375,19.810327529907227,5.804152965545654,338.0692749023437,246.008056640625,73.84500122070312,87.13306427001953,26.15500259399414,33.09000015258789,55.242069244384766,2.2486259937286377,0.6749770045280457,4.746607303619385,1.4248037338256836,73.08060455322266,21.936830520629883
Philippines,2000,PHL,79625401.0,327247671365.0,71.46669006347656,15.847601890563965,50.96882247924805,0.0183210000395774,4.622897148132324,307.7135009765625,251.6630096435547,81.271240234375,57.9951400756836,18.728761672973636,19.43000030517578,42.8918342590332,0.0,0.0,0.0,0.0,21.66388702392578,6.996065139770508
Philippines,2001,PHL,81401488.0,339580401272.0,69.79888916015625,16.183887481689453,50.05390548706055,0.2601439952850342,3.2789011001586914,300.8520812988281,250.5451202392578,82.74258422851562,52.25556182861328,17.25741195678711,17.540000915527344,37.27949142456055,0.0,0.0,0.0,0.0,19.62430953979492,6.48093318939209
Philippines,2002,PHL,83068889.0,354896572700.0,69.49170684814453,14.10273551940918,47.03843307495117,3.2646238803863525,4.975450038909912,302.2855224609375,253.06922912597656,83.15196990966797,51.27620697021485,16.8480281829834,17.270000457763672,35.63764190673828,0.0,0.0,0.0,0.0,19.26841735839844,6.331100940704346
Philippines,2003,PHL,84731836.0,375676507230.0,69.50071716308594,14.677984237670898,45.023231506347656,4.975711822509766,4.752104759216309,311.8836669921875,261.724853515625,83.38807678222656,52.13878631591797,16.611923217773438,17.690000534057617,33.41518783569336,0.0,0.0,0.0,0.0,21.44365119934082,6.832154750823975
Philippines,2004,PHL,86394510.0,404092179609.0,71.99871063232422,15.956720352172852,46.49615859985352,4.759535789489746,4.751739978790283,319.261474609375,266.0681457519531,82.76200866699219,55.41769790649414,17.23798942565918,18.8700008392334,33.732574462890625,0.0,0.0,0.0,0.0,23.286399841308597,7.243367195129394
Philippines,2005,PHL,88015959.0,426864086040.0,72.33394622802734,18.63143920898437,41.97111892700195,6.302080154418945,5.3983001708984375,319.34130859375,268.0465087890625,83.34669494628906,53.5577507019043,16.653308868408203,18.309999465942383,32.36697769165039,0.0040779570117592,0.0012680046493187,0.046959675848484,0.0146016953513026,22.54508781433105,7.010195255279541
Philippines,2006,PHL,89508992.0,452834616353.0,65.64551544189453,17.510255813598633,38.64787292480469,5.210207939147949,4.247096061706543,305.3097839355469,248.277099609375,80.6817626953125,59.44683837890625,19.318235397338867,20.459999084472656,36.0338134765625,0.0036791441962122,0.0011955989757552,0.1423395723104477,0.0462556034326553,26.57596969604492,8.63630199432373
Philippines,2007,PHL,91075180.0,486739179739.0,70.00995635986328,21.535877227783203,36.63810348510742,7.078482151031494,4.724563121795654,316.7991943359375,264.14013671875,82.65877532958984,55.41471481323242,17.341222763061523,18.84000015258789,31.600135803222656,0.0034813829697668,0.0010894477600231,0.153835117816925,0.0481404438614845,22.775087356567383,7.127129554748535
Philippines,2008,PHL,92699091.0,511142140299.0,76.60501861572266,25.105728149414062,39.23411178588867,7.448912143707275,4.786160945892334,327.5484924316406,269.7996520996094,81.64765167236328,60.64421081542969,18.35234832763672,20.6200008392334,33.903324127197266,0.0034406331833451,0.0010412156116217,0.1619683355093002,0.0490153841674327,25.969745635986328,7.859048843383789
Philippines,2009,PHL,94384256.0,521163648845.0,75.58070373535156,23.962560653686523,38.65153503417969,7.503871917724609,5.344419002532959,331.4021911621094,274.4361267089844,82.08272552490234,59.90478897094727,17.91727638244629,20.170000076293945,32.57429122924805,0.0032860890496522,0.0009828557958826,0.1691023558378219,0.0505778230726718,25.689151763916016,7.6835198402404785
Philippines,2010,PHL,96337127.0,565514808274.0,82.24588775634766,27.76945686340332,41.59739303588867,7.0678558349609375,5.700517177581787,341.0309753417969,290.3290100097656,84.33331298828125,53.934715270996094,15.666685104370115,17.809999465942383,26.295583724975582,0.0032656248658895,0.0009485823102295,0.1607213467359542,0.0466855317354202,20.321367263793945,5.902848720550537
Philippines,2011,PHL,98248614.0,590943092007.0,82.98028564453125,30.51879119873047,38.983001708984375,7.628781795501709,5.684199810028076,347.8369445800781,291.71844482421875,83.12590026855469,59.21723175048828,16.87409782409668,19.81999969482422,28.66232681274414,0.0031398963183164,0.0008947213063947,0.2285077571868896,0.0651138573884964,25.12313842773437,7.158901214599609
Philippines,2012,PHL,100175511.0,631700459807.0,87.47627258300781,31.933082580566406,41.43423080444336,7.3136467933654785,6.574963092803955,359.886474609375,300.84344482421875,82.82315826416016,62.3924446105957,17.17683982849121,20.739999771118164,28.453834533691406,0.0034020617604255,0.0009365985170006,0.194172665476799,0.0534563586115837,26.423025131225582,7.274343490600586
Philippines,2013,PHL,102076334.0,674346563689.0,94.82543182373048,39.5089111328125,41.31892776489258,6.738095760345459,7.017724990844727,385.7322998046875,328.66619873046875,84.50733947753906,60.254093170166016,15.492658615112305,19.8700008392334,26.412336349487305,0.0036163683980703,0.0009298482327722,0.1679155975580215,0.0431748107075691,25.624828338623047,6.588709831237793
Philippines,2014,PHL,103767127.0,717154029846.0,100.07381439208984,42.03554534912109,43.211647033691406,7.08591890335083,7.441011905670166,405.6751403808594,348.9186706542969,85.19645690917969,60.627323150634766,14.803544044494627,19.780000686645508,25.61180877685547,0.0420279912650585,0.0102620925754308,0.3869007527828216,0.0944706425070762,23.250057220458984,5.677031993865967
Philippines,2015,PHL,105312988.0,762678999551.0,111.04629516601562,45.82049179077149,49.86175155639648,6.660934925079346,8.399733543395996,444.4520263671875,384.3368835449219,85.62527465820312,64.52227020263672,14.37472438812256,20.940000534057617,25.412622451782227,0.3507189750671386,0.0781356394290924,1.894718885421753,0.4221188127994537,21.936906814575195,4.887258529663086
Philippines,2016,PHL,106735721.0,817202925336.0,120.2156219482422,50.684112548828125,53.54569625854492,7.6321120262146,8.03300952911377,485.4219970703125,422.2635192871094,86.2017593383789,67.59133911132812,13.798236846923828,21.979999542236328,24.209714889526367,2.756319046020508,0.5626807808876038,2.450299024581909,0.5002092123031616,20.37918472290039,4.160249710083008
Philippines,2017,PHL,108119691.0,873843247356.0,133.5756072998047,60.9306640625,55.78654861450195,7.529315948486328,9.080793380737305,532.516845703125,465.7997131347656,86.83890533447266,70.59547424316406,13.161092758178713,23.170000076293945,24.554895401000977,3.002882480621338,0.5598264932632446,2.733894824981689,0.5096791982650757,24.026996612548828,4.479345798492432
Philippines,2018,PHL,109465284.0,929253628653.0,139.8567657470703,64.17129516601562,57.40022277832031,8.405216217041016,9.674537658691406,550.4426879882812,483.4575500488281,87.16941833496094,71.16078186035156,12.830585479736328,23.309999465942383,23.370763778686523,3.1073830127716064,0.5602741241455078,2.8679676055908203,0.5171065330505371,23.38766098022461,4.216892719268799
Philippines,2019,PHL,110804685.0,986114678778.0,142.60121154785156,68.89419555664062,55.41067123413086,8.463839530944824,9.674537658691406,566.1214599609375,502.4169006347656,88.02629852294922,68.3408432006836,11.97370433807373,22.040000915527344,20.786571502685547,3.0844075679779053,0.5404056906700134,2.578366041183472,0.4517443776130676,19.910001754760746,3.4883453845977783
Philippines,2020,PHL,112081270.0,892256290776.0,131.45741271972656,69.30455780029297,46.29463958740234,7.676079750061035,8.03300952911377,513.7581176757812,452.1368408203125,87.17324829101562,66.52784729003906,12.82675552368164,21.600000381469727,21.22850227355957,3.389195442199707,0.6534463167190552,2.534444570541382,0.488647997379303,17.87395668029785,3.4461488723754883
Philippines,2021,PHL,113100947.0,943141651518.0,140.26950073242188,74.7052993774414,49.39072036743164,6.5805439949035645,9.430054664611816,545.5574951171875,478.5845947265625,87.05223846435547,71.18255615234375,12.94776439666748,23.40999984741211,22.1350212097168,3.634309053421021,0.6610633134841919,3.1834890842437744,0.5790613293647766,22.74404525756836,4.137032508850098
Philippines,2022,PHL,113964343.0,1014811024029.0,150.96302795410156,75.34649658203125,59.36017227172852,6.097273826599121,10.023798942565918,570.979248046875,500.4439392089844,86.96810150146484,74.9899673461914,13.031899452209473,24.71999931335449,22.16046524047852,4.492297649383545,0.7806800007820129,2.586616516113281,0.4495071172714233,24.884552001953125,4.324484825134277
Poland,2000,POL,38258077.0,488207682001.0,317.30621337890625,228.82676696777344,52.42139434814453,21.83864021301269,6.114181995391846,1017.5245361328124,1010.5768432617188,99.3555908203125,6.554513454437256,0.6444116830825806,2.3299999237060547,1.6273223161697388,0.0,0.0,0.0138888880610466,0.0013654960785061,5.84999942779541,0.5751469135284424
Poland,2001,POL,38247359.0,499086644170.0,313.26708984375,226.15206909179688,52.18315887451172,22.635631561279297,4.956937789916992,1010.4564208984376,1002.1676025390624,99.222900390625,7.8488264083862305,0.7770988941192627,2.7799999713897705,1.934316635131836,0.0,0.0,0.0386740341782569,0.003829050110653,6.422652244567871,0.635895848274231
Poland,2002,POL,38229407.0,514089670231.0,305.8524169921875,219.89720153808597,51.40399932861328,22.42305564880371,4.670147895812988,999.5792236328124,991.3860473632812,99.22479248046876,7.745333671569824,0.7752066850662231,2.7699999809265137,1.9439959526062007,0.0,0.0,0.1671232879161834,0.0167268570512533,6.24383544921875,0.6249263286590576
Poland,2003,POL,38203527.0,537330337680.0,318.7326965332031,226.40577697753903,54.73077774047852,24.833860397338867,4.565826892852783,1034.2066650390625,1027.220947265625,99.35770416259766,6.640439987182617,0.6422950029373169,2.25,1.4999001026153564,0.0,0.0,0.3378746509552002,0.0326808467507362,4.553133487701416,0.4404007494449615
Poland,2004,POL,38167568.0,570430122148.0,323.6207580566406,226.4237060546875,58.00224304199219,26.56499671936035,5.070055961608887,1041.2186279296875,1031.9388427734375,99.15054321289062,8.840938568115234,0.849453330039978,3.200000047683716,2.0978105068206787,0.0,0.0,0.3848238587379455,0.0369745716452598,5.642276763916016,0.542120099067688
Poland,2005,POL,38124377.0,595958527688.0,322.5768737792969,222.6376800537109,59.59490966796875,27.404226303100582,5.057141780853272,1061.9366455078125,1049.876220703125,98.91188049316406,11.549542427062988,1.088115930557251,3.849999904632568,2.4792325496673584,0.0,0.0,0.3629032373428345,0.0341901667416095,5.916666507720947,0.5574263334274292
Poland,2006,POL,38071169.0,638713864539.0,336.3872375488281,232.3080596923828,62.092567443847656,27.634037017822266,5.983741760253906,1110.3590087890625,1096.4793701171875,98.7969970703125,13.351274490356444,1.2030010223388672,4.289999961853027,2.6695706844329834,0.0,0.0,0.6844919919967651,0.0616753548383712,5.459893226623535,0.4919573366641998
Poland,2007,POL,38020420.0,690249985288.0,335.7346496582031,227.7073211669922,65.01122283935547,27.91405868530273,7.0504069328308105,1104.64404296875,1087.2691650390625,98.48546600341795,16.720277786254883,1.514532446861267,5.429999828338623,3.4254350662231445,0.0,0.0,1.3882979154586792,0.1257528364658355,6.255319595336914,0.5666104555130005
Poland,2008,POL,37995902.0,726319216200.0,329.4284362792969,220.4720764160156,66.1728744506836,28.13468170166016,6.6929931640625,1124.4278564453125,1099.4700927734375,97.84618377685548,24.20186233520508,2.15381932258606,6.610000133514404,4.278317451477051,0.0,0.0,2.2084431648254395,0.1965380758047104,5.680738925933838,0.5055513978004456
Poland,2009,POL,38002153.0,760579624624.0,315.88629150390625,209.07354736328125,66.94464874267578,27.273662567138672,5.757237911224365,1085.1910400390625,1052.5645751953125,97.07679748535156,31.69511032104492,2.9232027530670166,8.6899995803833,5.760307312011719,0.0,0.0,2.8267717361450195,0.2607098221778869,6.233595371246338,0.574917197227478
Poland,2010,POL,38095356.0,795619859853.0,334.02752685546875,220.9272003173828,69.9729995727539,29.134973526000977,6.221494197845459,1157.2503662109375,1116.9744873046875,96.62066650390624,39.06650924682617,3.379335880279541,10.880000114440918,6.940103054046631,0.0,0.0,4.333333492279053,0.3748425543308258,7.6041669845581055,0.6577765941619873
Poland,2011,POL,38208644.0,843236863910.0,333.40606689453125,218.3789825439453,69.59893035888672,29.325176239013672,7.379394054412842,1162.66552734375,1115.248779296875,96.0407485961914,45.97579956054688,3.9592514038085938,13.130000114440918,8.061644554138184,0.0005181346787139,4.46196791017428e-05,8.303108215332031,0.7150303721427917,6.041450500488281,0.5202654600143433
Poland,2012,POL,38247867.0,856266755052.0,325.7777099609375,214.03988647460935,66.31194305419922,30.558765411376957,6.38430118560791,1127.9268798828125,1068.3616943359375,94.87004852294922,57.77000427246094,5.129951000213623,16.8799991607666,10.453306198120115,0.002835051389411,0.000251751334872,12.234536170959473,1.0864214897155762,5.249999523162842,0.466197669506073
Poland,2013,POL,38259267.0,863601156195.0,321.75714111328125,214.3143768310547,61.680938720703125,30.808305740356445,5.874228000640869,1131.318115234375,1072.27294921875,94.94845581054688,57.04813766479492,5.05154275894165,17.059999465942383,10.416412353515623,0.0038363172207027,0.0003397011896595,15.355499267578123,1.359710693359375,6.237851142883301,0.552354097366333
Poland,2014,POL,38265113.0,896737189458.0,309.41534423828125,202.9973297119141,61.38103866577149,29.46784019470215,6.456416130065918,1089.3544921875,1022.681640625,94.0777587890625,64.3783187866211,5.922241687774658,19.850000381469727,12.5355224609375,0.0178117044270038,0.0016385208582505,19.536895751953125,1.7972233295440674,5.5547075271606445,0.510984480381012
Poland,2015,POL,38266314.0,936043804062.0,312.5488586425781,201.64749145507807,64.79415130615234,30.634031295776367,6.341807842254639,1103.0130615234375,1030.0284423828125,93.6132354736328,70.2737045288086,6.386764049530029,22.690000534057617,13.810103416442873,0.1443037986755371,0.0131149245426058,27.488605499267575,2.4982779026031494,4.637974739074707,0.4215182662010193
Poland,2016,POL,38263260.0,963689941627.0,323.30047607421875,202.0989990234375,72.89703369140625,32.41985321044922,6.529685020446777,1150.2451171875,1079.832763671875,94.12212371826172,67.43497467041016,5.877875804901123,22.809999465942383,13.74096393585205,0.3115577697753906,0.0271565001457929,31.62814140319824,2.7568230628967285,5.374371528625488,0.4684496223926544
Poland,2017,POL,38254964.0,1013223736654.0,336.5050964355469,203.5039825439453,82.45197296142578,34.13029098510742,6.996488094329834,1208.2889404296875,1133.629638671875,94.0764617919922,71.3791275024414,5.9235358238220215,24.1299991607666,14.201635360717772,0.4125000238418579,0.0342321172356605,37.272499084472656,3.093130826950073,6.399999618530273,0.5311164259910583
Poland,2018,POL,38241070.0,1073462064151.0,335.7186279296875,198.6732482910156,85.4911880493164,34.274051666259766,7.655327796936035,1222.08251953125,1150.724609375,94.3790054321289,68.53449249267578,5.620995044708252,21.6200008392334,12.760433197021484,0.7462686896324158,0.0612067393958568,31.838306427001957,2.611283302307129,4.9004974365234375,0.4019242227077484
Poland,2019,POL,38225884.0,1121231497071.0,317.4440612792969,177.7529754638672,87.27838897705078,35.49492645263672,7.6924519538879395,1187.2677001953125,1104.45068359375,93.28962707519533,79.4437484741211,6.710374355316162,25.459999084472656,15.598577499389648,1.7590914964675903,0.148585170507431,37.39296722412109,3.1584713459014893,4.847564220428467,0.4094591736793518
Poland,2020,POL,38171005.0,1098581305284.0,302.1024169921875,164.19618225097656,84.2353744506836,36.73115539550781,7.690636157989502,1139.2342529296875,1048.529052734375,92.3367156982422,87.02039337158203,7.663285255432129,28.229999542236328,17.963729858398438,4.834360599517822,0.4257287681102752,39.01246643066406,3.435558557510376,5.230461597442627,0.4606106281280517
Poland,2021,POL,38040303.0,1173809548862.0,330.6937255859375,184.11378479003903,89.70948791503906,39.73408508300781,7.365518093109131,1224.75830078125,1127.996826171875,92.40127563476562,92.76210021972656,7.598723411560059,30.559999465942383,17.09267807006836,9.69075870513916,0.7938306331634521,39.984107971191406,3.27534818649292,5.761531829833984,0.471963107585907
Poland,2022,POL,38385734.0,1231021338216.0,314.8919677734375,172.49317932128906,90.96969604492188,34.29376602172852,7.662610054016113,1186.8681640625,1071.10546875,90.63011169433594,110.73736572265624,9.36988925933838,37.68999862670898,21.1030216217041,20.416879653930664,1.7275460958480835,48.59836959838867,4.112083911895752,4.835840225219727,0.4091779291629791
Portugal,2000,PRT,10283196.0,238756377443.0,65.5036392211914,14.85315990447998,39.90236282348633,5.7168049812316895,3.8090879917144775,294.0285339355469,255.68153381347656,87.59070587158203,36.223331451416016,12.409293174743652,12.869999885559082,29.784772872924805,0.0038888885173946,0.0013322451850399,0.4666666388511657,0.1598694324493408,31.452775955200195,10.775009155273438
Portugal,2001,PRT,10354329.0,244348167969.0,65.18733215332031,12.70195770263672,41.26643371582031,6.269773006439209,3.626940011978149,298.7774658203125,252.2022399902344,85.14217376708984,44.01081085205078,14.857823371887209,15.739999771118164,34.17281723022461,0.0044198893010616,0.0014921318506821,0.7071823477745056,0.2387411147356033,38.76795959472656,13.087862968444824
Portugal,2002,PRT,10413045.0,247190712485.0,69.58258819580078,13.708599090576172,43.31827926635742,7.349574089050293,3.9101929664611816,296.8914489746094,268.0917053222656,90.76734161376952,27.26970100402832,9.23265552520752,9.729999542236328,21.361141204833984,0.0049315067008137,0.0016696517122909,0.9917807579040528,0.3357855081558227,21.36986351013184,7.2351579666137695
Portugal,2003,PRT,10454246.0,245847246169.0,64.48204803466797,12.97317600250244,39.26641845703125,7.315246105194092,3.616071939468384,305.1767272949219,253.43167114257807,83.8428955078125,48.83804321289063,16.157108306884766,17.700000762939453,38.15477752685547,0.0070844683796167,0.0023437573108822,1.3514986038208008,0.4471167623996734,42.84196090698242,14.173420906066896
Portugal,2004,PRT,10481386.0,251279602163.0,67.30235290527344,13.079267501831056,39.74061965942383,9.10748291015625,4.003886222839356,298.7514343261719,262.781982421875,88.52547454833984,34.061378479003906,11.474528312683104,12.3100004196167,27.551477432250977,0.0078590791672468,0.0026475507766008,2.2113821506500244,0.7449659705162048,26.74526023864746,9.009889602661133
Portugal,2005,PRT,10502993.0,254196923131.0,69.63978576660156,13.061118125915527,41.48133087158203,9.582289695739746,4.087629795074463,298.2631225585937,274.1631774902344,92.29886627197266,22.87533569335937,7.70113468170166,8.25,17.930885314941406,0.0102150533348321,0.0034389658831059,4.766129016876221,1.6045491695404053,12.71774196624756,4.28151273727417
Portugal,2006,PRT,10524123.0,259159946424.0,64.85612487792969,13.065313339233398,37.339637756347656,9.070928573608398,4.000135898590088,295.8743896484375,249.9683990478516,85.1922607421875,43.44840240478516,14.80774211883545,15.720000267028809,32.479339599609375,0.0133689828217029,0.0045563112944364,7.820855140686035,2.6654422283172607,29.1951847076416,9.950072288513184
Portugal,2007,PRT,10546822.0,266663287450.0,62.38010025024414,11.43042278289795,35.57891845703125,9.742319107055664,4.165778160095215,297.4910583496094,249.5333251953125,84.56466674804688,45.54656219482422,15.435332298278809,16.209999084472656,34.703487396240234,0.0638297870755195,0.0216313581913709,10.736702919006348,3.6385750770568848,26.66755485534668,9.037402153015137
Portugal,2008,PRT,10564086.0,268239264717.0,60.009647369384766,9.833288192749023,34.27341079711914,10.44886302947998,4.0116400718688965,285.5048217773437,242.07171630859372,85.44657897949219,41.230098724365234,14.55341911315918,14.640000343322754,32.28937149047852,0.1081794202327728,0.0381852202117443,15.18997287750244,5.36176347732544,17.939313888549805,6.3322272300720215
Portugal,2009,PRT,10576265.0,261270596745.0,57.14699935913086,10.735116004943848,32.18121719360352,9.701146125793455,3.222527980804444,288.2337646484375,233.71632385253903,81.86697387695312,51.766727447509766,18.13302993774414,18.290000915527344,37.03928756713867,0.419947475194931,0.1471006721258163,19.88713836669922,6.966136455535889,21.745405197143555,7.617056369781494
Portugal,2010,PRT,10578659.0,267277408809.0,52.88993453979492,6.424368858337402,31.3455753326416,10.409051895141602,3.376286029815674,304.1046142578125,220.53128051757807,73.59845733642578,79.10987854003906,26.401538848876957,28.350000381469727,53.01047134399414,0.5598958134651184,0.1868554502725601,23.91145896911621,7.980031490325928,42.05208587646485,14.034149169921877
Portugal,2011,PRT,10557050.0,263425010810.0,51.783668518066406,8.631675720214844,28.45696830749512,10.526183128356934,2.813217878341675,289.8306884765625,218.494140625,76.34040069580078,67.71622467041016,23.65959930419922,24.11000061035156,46.562381744384766,0.7305699586868286,0.2552562952041626,23.735750198364254,8.293113708496094,29.886011123657227,10.441973686218262
Portugal,2012,PRT,10513155.0,252737143203.0,49.93198013305664,11.13483428955078,25.600866317749023,9.102982521057127,2.5503509044647217,264.4667663574219,206.80357360839844,79.03480529785156,54.85782623291016,20.96519660949707,19.3700008392334,42.62764358520508,1.012886643409729,0.3870982229709625,26.44329833984375,10.10592269897461,14.489690780639648,5.537572860717773
Portugal,2013,PRT,10458287.0,250405237435.0,48.14619827270508,10.19133758544922,24.97328758239746,8.118880271911621,2.8142340183258057,289.6614074707031,204.7349090576172,71.79793548583984,80.41940307617188,28.20206451416016,29.46999931335449,58.53028869628906,1.225421667098999,0.4297398328781128,30.72787857055664,10.775876998901367,35.115089416503906,12.31441593170166
Portugal,2014,PRT,10406203.0,252388910611.0,47.94233322143555,10.31602668762207,24.989402770996094,7.660644054412842,3.0959880352020264,291.77362060546875,201.59901428222656,70.23914337158203,85.41901397705078,29.760852813720703,31.56999969482422,60.945945739746094,1.596225380897522,0.5561411380767822,30.817771911621094,10.737225532531738,39.61577606201172,13.802538871765137
Portugal,2015,PRT,10370264.0,256911888409.0,52.23304748535156,12.562909126281738,25.623018264770508,9.10278034210205,2.921236038208008,289.5222473144531,218.28048706054688,76.31504821777344,67.74500274658203,23.68495178222656,24.36000061035156,47.63394927978516,2.0155820846557617,0.704686164855957,29.386423110961918,10.274057388305664,21.925331115722656,7.665516376495361
Portugal,2016,PRT,10346377.0,262100101273.0,50.310916900634766,10.82015895843506,25.592287063598636,9.68352508544922,2.2970519065856934,309.86669921875,218.77133178710935,71.73226928710938,86.21182250976562,28.267732620239254,32.29999923706055,54.699405670166016,2.065326690673828,0.6771937012672424,31.34170913696289,10.276537895202637,39.50502395629883,12.953182220458984
Portugal,2017,PRT,10330838.0,271290329012.0,55.165157318115234,12.39384937286377,25.92979621887207,12.318395614624023,2.530625104904175,301.8778991699219,237.14984130859372,79.39429473876953,61.54899978637695,20.60570526123047,22.57999992370605,39.208194732666016,2.4800000190734863,0.8302676677703857,30.6200008392334,10.251128196716309,14.742499351501465,4.935573101043701
Portugal,2018,PRT,10325355.0,279020275961.0,51.340274810791016,10.375555038452148,25.50123786926269,11.242385864257812,2.250869035720825,304.0898132324219,221.3232269287109,73.79953002929688,78.57465362548828,26.200469970703125,29.40999984741211,50.40274429321289,2.5,0.833617091178894,31.385570526123047,10.465418815612791,30.82835578918457,10.279617309570312
Portugal,2019,PRT,10343218.0,286505655767.0,47.58304977416992,5.02648401260376,26.179637908935547,12.125142097473145,2.225101947784424,293.056640625,215.7871551513672,74.63350677490234,73.34191131591797,25.36649513244629,27.40999984741211,53.120155334472656,3.321782112121582,1.148892521858215,33.82920455932617,11.7003812789917,21.82673072814941,7.549130439758301
Portugal,2020,PRT,10370519.0,262724232089.0,41.73814392089844,2.4171030521392822,23.174955368041992,12.011712074279783,2.309659004211426,265.2476806640625,181.0587615966797,69.36505889892578,79.96424865722656,30.63494300842285,30.11000061035156,58.59116744995117,4.236023902893066,1.6228545904159546,30.3670711517334,11.633867263793944,29.83353042602539,11.429463386535645
Portugal,2021,PRT,10390957.0,277181288542.0,40.29984664916992,1.0379279851913452,23.780502319335938,11.575620651245115,2.105918884277344,266.4899597167969,177.73089599609375,67.80331420898438,84.39625549316406,32.196685791015625,31.540000915527344,64.07964324951172,5.510256290435791,2.102131128311157,32.55077362060547,12.417932510375977,29.32892227172852,11.188815116882324
Portugal,2022,PRT,10417074.0,295712910456.0,40.72249603271485,0.2448720037937164,24.87781143188477,11.356935501098633,2.2285470962524414,262.5796813964844,184.47581481933597,71.24679565429688,74.44925689697266,28.75320625305176,27.61000061035156,59.594215393066406,8.646191596984863,3.339264154434204,32.54054260253906,12.56755256652832,16.088451385498047,6.213554859161377
Qatar,2000,QAT,644993.0,30159719266.0,40.4064826965332,0.0,9.25793170928955,24.286043167114254,0.5597209930419922,134.844482421875,134.844482421875,100.0,0.0,0.0,0.0,0.0,0.0,0.0,0.0,0.0,0.0,0.0
Qatar,2001,QAT,677934.0,34920337897.0,45.91439437866211,0.0,15.558725357055664,24.609607696533203,0.5669569969177246,129.62796020507812,129.6279754638672,100.0,0.0,0.0,0.0,0.0,0.0,0.0,0.0,0.0,0.0,0.0
Qatar,2002,QAT,711215.0,41661485450.0,45.17464065551758,0.0,14.637680053710938,24.992143630981445,0.6055030226707458,161.89944458007812,161.89944458007812,100.0,0.0,0.0,0.0,0.0,0.0,0.0,0.0,0.0,0.0,0.0
Qatar,2003,QAT,744690.0,47126236240.0,46.63093185424805,0.0,13.424896240234377,26.791168212890625,0.6251159906387329,163.6198272705078,163.61984252929688,100.0,0.0,0.0,0.0,0.0,0.0,0.0,0.0,0.0,0.0,0.0
Qatar,2004,QAT,773341.0,63193934807.0,47.43956756591797,0.0,8.800928115844727,32.836769104003906,0.6176180243492126,197.5699615478516,197.5699615478516,100.0,0.0,0.0,0.0,0.0,0.0,0.0,0.0,0.0,0.0,0.0
Qatar,2005,QAT,825419.0,76893678098.0,47.681827545166016,0.0,10.852767944335938,31.814512252807617,0.6536989808082581,223.67254638671875,223.67254638671875,100.0,0.0,0.0,0.0,0.0,0.0,0.0,0.0,0.0,0.0,0.0
Qatar,2006,QAT,972841.0,103895902583.0,59.75280380249024,0.0,18.671743392944336,36.08673477172852,0.6762310266494751,245.36477661132807,245.36477661132807,100.0,0.0,0.0,0.0,0.0,0.0,0.0,0.0,0.0,0.0,0.0
Qatar,2007,QAT,1208601.0,127834802409.0,59.52984237670898,0.0,12.48618507385254,41.466739654541016,1.0158129930496216,279.860107421875,279.860107421875,100.0,0.0,0.0,0.0,0.0,0.0,0.0,0.0,0.0,0.0,0.0
Qatar,2008,QAT,1426942.0,156781224399.0,61.870849609375,0.0,14.414175987243652,41.564414978027344,1.5943210124969482,288.5572509765625,288.5572509765625,100.0,0.0,0.0,0.0,0.0,0.0,0.0,0.0,0.0,0.0,0.0
Qatar,2009,QAT,1586052.0,186164264424.0,65.30536651611328,0.0,14.76591968536377,44.73011016845703,1.703974962234497,288.3623046875,288.3623046875,100.0,0.0,0.0,0.0,0.0,0.0,0.0,0.0,0.0,0.0,0.0
Qatar,2010,QAT,1709238.0,238648100494.0,73.65118408203125,0.0,15.220255851745604,53.39547348022461,1.5664989948272705,335.39581298828125,335.39581298828125,100.0,0.0,0.0,0.0,0.0,0.0,0.0,0.0,0.0,0.0,0.0
Qatar,2011,QAT,1810960.0,296148824653.0,81.80944061279297,0.0,10.145615577697754,66.68113708496094,2.063488006591797,393.1544189453125,393.1209411621094,99.99169158935548,0.0326498225331306,0.0083045968785882,0.0,0.0,0.0028341966681182,0.0007208879105746,0.0,0.0,0.0,0.0
Qatar,2012,QAT,1907122.0,310156648715.0,93.738037109375,0.0,7.448912143707275,81.6668930053711,2.252777099609375,448.4490966796875,448.4156188964844,99.9927215576172,0.03263521194458,0.007277363911271,0.0099999997764825,0.0287356320768594,0.0028195874765515,0.0006287430878728,0.0,0.0,0.0,0.0
Qatar,2013,QAT,2032650.0,327388964338.0,91.43348693847656,0.0,3.0449059009552,84.70409393310547,2.1478309631347656,483.7272644042969,483.4729309082031,99.9486083984375,0.2485933601856231,0.0513918325304985,0.0799999982118606,0.2302158176898956,0.0095933498814702,0.0019832381512969,0.0,0.0,0.0,0.0
Qatar,2014,QAT,2218378.0,344851898869.0,91.64163970947266,0.0,4.693583965301514,82.50228881835938,2.4556479454040527,517.1715087890625,516.8289184570312,99.9352798461914,0.3347234725952148,0.0647229328751564,0.1099999994039535,0.2835051715373993,0.016554707661271,0.0032010579016059,0.0,0.0,0.0,0.0
Qatar,2015,QAT,2427340.0,361242719905.0,93.31037139892578,0.0,4.873119831085205,83.7040786743164,2.778759002685547,595.4144897460938,595.0160522460938,99.93460083007812,0.3893927633762359,0.0653996020555496,0.1299999952316284,0.3122747838497162,0.0164708867669105,0.002766331192106,0.0,0.0,0.0,0.0
Qatar,2016,QAT,2599382.0,372311173588.0,91.37834167480467,0.0,6.210729122161865,80.79444122314453,2.706058979034424,586.5151977539062,586.100830078125,99.93099975585938,0.4046900868415832,0.0690002143383026,0.1299999952316284,0.3063147962093353,0.0210150759667158,0.0035830992273986,0.0,0.0,0.0,0.0
Qatar,2017,QAT,2706716.0,366733973367.0,105.65658569335938,0.0,14.27444839477539,87.08291625976562,2.423336982727051,564.07080078125,563.6369018554688,99.92485809326172,0.4238630831241607,0.0751449316740036,0.1400000005960464,0.3063457310199737,0.0209100004285573,0.0037070473190397,0.0,0.0,0.0,0.0
Qatar,2018,QAT,2761144.0,371263146890.0,102.62140655517578,0.0,11.384455680847168,87.14769744873047,2.261780977249145,573.3528442382812,572.9012451171875,99.9230499267578,0.4411966204643249,0.0769516751170158,0.1500000059604644,0.3121098577976227,0.0208059698343276,0.0036288904957473,0.0,0.0,0.0,0.0
Qatar,2019,QAT,2797927.0,373817411294.0,101.42957305908205,0.0,10.578350067138672,87.43353271484375,1.8175029754638672,585.2088623046875,584.8115234375,99.93367767333984,0.3881248235702514,0.0663234964013099,0.1299999952316284,0.2599999904632568,0.0207029711455106,0.0035377622116357,0.0,0.0,0.0,0.0
Qatar,2020,QAT,2803375.0,360517012801.0,101.32923126220705,0.0,11.094990730285645,86.82160186767578,1.6155580282211304,513.3613891601562,512.9104614257812,99.91416931152344,0.4406143426895141,0.0858310014009475,0.1400000005960464,0.2834008038043976,0.0206518527120351,0.0040229493752121,0.0,0.0,0.0,0.0
Qatar,2021,QAT,2814988.0,366245595916.0,104.38568878173828,0.0,10.394401550292969,90.38037109375,1.8175029754638672,543.0693359375,542.6196899414062,99.91909790039062,0.4393597841262817,0.0809046030044555,0.1500000059604644,0.2896312177181244,0.0205446984618902,0.0037831426598131,0.0,0.0,0.0,0.0
Qatar,2022,QAT,2892466.0,381778107010.0,109.59440612792967,0.003218000056222,17.22503662109375,88.57106018066406,1.938668966293335,565.0037231445312,563.867431640625,99.80767059326172,1.0865660905838013,0.1923282444477081,0.7200000286102295,1.315068602561951,0.6666036248207092,0.1179925501346588,0.0,0.0,0.0,0.0
Romania,2000,ROU,22046264.0,157839292272.0,93.20626068115234,29.55233764648437,28.1656436920166,30.803682327270508,2.6559600830078125,420.3319091796875,361.1520385742188,86.53299713134766,41.04999923706055,9.835689544677734,14.779999732971191,28.66563034057617,0.0,0.0,0.0,0.0,41.04999923706055,9.835689544677734
Romania,2001,ROU,21919916.0,173763436827.0,98.92806243896484,31.918888092041016,32.90797424316406,29.555858612060547,2.7683639526367188,425.1050720214844,365.9116821289063,86.67203521728516,41.223758697509766,9.764506340026855,14.920000076293944,27.86181259155273,0.0,0.0,0.0,0.0,41.223758697509766,9.764506340026855
Romania,2002,ROU,21770020.0,190219311781.0,99.06888580322266,32.96562576293945,30.782690048217773,30.758167266845703,2.6420938968658447,441.3067932128906,379.0202331542969,86.51546478271484,43.97101974487305,10.036859512329102,16.049999237060547,29.49283218383789,0.0,0.0,0.0,0.0,43.96164321899414,10.034719467163086
Romania,2003,ROU,21593448.0,204513401651.0,103.70735931396484,35.8962287902832,29.399538040161133,33.63645935058594,2.6500439643859863,441.2444763183594,389.1290283203125,88.7137680053711,36.1374397277832,8.238625526428223,13.260000228881836,24.179431915283203,0.0,0.0,0.0,0.0,36.1280632019043,8.236488342285156
Romania,2004,ROU,21403215.0,228570981481.0,103.2326202392578,35.87459182739258,30.30751609802246,31.85580062866211,2.9920899868011475,459.2468566894531,396.3079223632813,86.88937377929688,44.763179779052734,9.81419849395752,16.510000228881836,29.23676300048828,0.0,0.0,0.0,0.0,44.75067901611328,9.811457633972168
Romania,2005,ROU,21213395.0,244044803180.0,101.33659362792967,35.57203674316406,29.80725860595703,30.46031379699707,3.1748080253601074,460.4491271972656,387.3053894042969,84.82808685302734,54.33864212036133,11.901314735412598,20.21999931335449,34.080562591552734,0.0,0.0,0.0,0.0,54.31989288330078,11.897208213806152
Romania,2006,ROU,21035732.0,274969703969.0,104.29000091552734,38.26210403442383,28.35268783569336,31.310009002685547,3.6555700302124015,467.6098327636719,399.9861450195313,86.17784118652344,49.09539031982422,10.577703475952148,18.36000061035156,29.34782600402832,0.0,0.0,0.0026737968437373,0.0005760750500485,49.08021545410156,10.574434280395508
Romania,2007,ROU,20870714.0,304650701380.0,108.49659729003906,42.11623001098633,28.304418563842773,31.248872756958008,4.0539751052856445,451.00396728515625,384.3478088378906,85.81043243408203,43.05289459228516,9.61209487915039,16.010000228881836,26.00714683532715,0.0,0.0,0.0079787233844399,0.0017813493032008,42.46276473999024,9.480340957641602
Romania,2008,ROU,20718745.0,339689310169.0,106.997314453125,40.689788818359375,27.638084411621094,31.755769729614254,4.142663955688477,449.7973327636719,370.541015625,83.04478454589844,46.03314208984375,10.316839218139648,17.219999313354492,26.549489974975582,0.0,0.0,0.01319261174649,0.002956697018817,45.36939239501953,10.168081283569336
Romania,2009,ROU,20576922.0,326954238767.0,87.80574798583984,32.364986419677734,24.6911678314209,25.55925750732422,3.093074083328247,392.1224670410156,316.7149658203125,81.44683074951172,41.300899505615234,10.620991706848145,15.550000190734863,27.0012149810791,0.0026511838659644,0.0006817818502895,0.0236220452934503,0.0060746753588318,40.77165222167969,10.484890937805176
Romania,2010,ROU,20432575.0,335489566640.0,84.48790740966797,29.40265464782715,23.2515811920166,26.80463981628418,2.77789306640625,396.423828125,307.74609375,78.45331573486328,54.25221252441406,13.830446243286133,20.299999237060547,33.59814453125,0.0052609429694712,0.0013411653926596,0.796875,0.2031463235616684,51.77864456176758,13.19986343383789
Romania,2011,ROU,20282009.0,350086824382.0,92.39070129394533,34.091087341308594,24.273487091064453,28.944034576416016,3.088840961456299,408.3410034179688,329.98883056640625,81.48747253417969,44.53454208374024,10.997363090515137,16.31999969482422,26.40776634216309,0.0025906737428158,0.0006397411925718,3.593264102935791,0.8873209357261658,38.15543746948242,9.422106742858888
Romania,2012,ROU,20158451.0,356825919340.0,89.84770965576172,31.5233211517334,25.510570526123047,27.77435302734375,3.15024995803833,393.3322143554688,320.120361328125,82.02355194091797,40.606178283691406,10.40440845489502,14.93000030517578,25.503929138183597,0.0206185579299926,0.0052830358035862,6.804123878479004,1.7434017658233645,31.097936630249023,7.968138217926025
Romania,2013,ROU,20062913.0,357789262640.0,78.79546356201172,25.26895904541016,23.727895736694336,25.24835968017578,2.694533109664917,369.5765075683594,282.82623291015625,77.36458587646484,53.03503036499024,14.507258415222168,20.149999618530277,34.62794494628906,1.0741688013076782,0.2938292622566223,11.560102462768556,3.16216254234314,37.83503723144531,10.349435806274414
Romania,2014,ROU,19968179.0,372532510801.0,79.3353500366211,25.00571632385254,24.887413024902344,24.428617477416992,2.94394588470459,379.1163940429688,279.1217346191406,74.55171966552734,65.5694808959961,17.51321029663086,27.1200008392334,41.77449417114258,3.295928716659546,0.8803225755691528,12.01933765411377,3.210292100906372,47.13358688354492,12.58909511566162
Romania,2015,ROU,19871018.0,384306463712.0,78.04598999023438,25.12775993347168,24.145750045776367,23.492536544799805,3.3374669551849365,381.13568115234375,278.398193359375,73.97388458251953,68.48003387451172,18.19600296020508,26.190000534057617,39.887298583984375,5.017721176147461,1.3332713842391968,17.881011962890625,4.751208782196045,42.10886001586914,11.188851356506348
Romania,2016,ROU,19777049.0,395288226514.0,76.5869140625,22.146907806396484,25.898948669433597,23.30352783203125,3.1810030937194824,381.0851135253906,276.7548217773437,73.5921859741211,70.95389556884766,18.867429733276367,26.96999931335449,41.99626159667969,4.572864532470703,1.2159755229949951,16.557788848876953,4.402900218963623,45.29648208618164,12.044837951660156
Romania,2017,ROU,19689405.0,456012361225.0,79.43234252929688,21.7738037109375,27.90792465209961,24.354782104492188,3.3102540969848637,387.9358825683594,290.4562072753906,75.74812316894531,64.22132873535156,16.748291015625,24.290000915527344,38.22789001464844,4.639999866485596,1.2100664377212524,18.51749992370605,4.829182147979736,36.23500061035156,9.449731826782228
Romania,2018,ROU,19597874.0,473122658487.0,79.87442016601562,20.76561737060547,28.455963134765625,24.965959548950195,3.5048270225524902,392.0510864257813,290.2155456542969,74.92051696777344,68.84803771972656,17.773447036743164,26.190000534057617,40.87716674804688,4.405472755432129,1.1372936964035034,15.726367950439451,4.059836387634277,43.94004821777344,11.343331336975098
Romania,2019,ROU,19501542.0,456564507688.0,76.69035339355469,18.36185646057129,29.780956268310547,22.67497062683105,3.8280189037323,383.8175659179688,285.764892578125,75.34137725830078,65.60775756835938,17.297361373901367,24.6299991607666,41.9162712097168,4.400990009307861,1.1603126525878906,16.764850616455078,4.420021057128906,38.56663513183594,10.168020248413086
Romania,2020,ROU,19392467.0,483499378450.0,73.94638061523438,14.297876358032228,29.062824249267575,25.00938034057617,3.905035972595215,369.488525390625,270.6317138671875,74.12828826904297,66.14277648925781,18.11705780029297,24.61000061035156,44.57526016235352,4.279012203216553,1.1720571517944336,17.148147583007812,4.697021007537842,37.97742462158203,10.402334213256836
Romania,2021,ROU,19248159.0,505119539256.0,77.50126647949219,15.530202865600586,30.97059440612793,25.27096366882324,3.961858034133911,390.00299072265625,287.7035522460937,74.63670349121094,69.97529602050781,18.153148651123047,26.34000015258789,44.97950744628906,4.194581508636475,1.0881677865982056,16.197046279907227,4.201874256134033,42.88653945922852,11.125722885131836
Romania,2022,ROU,19166776.0,504741667296.0,73.18602752685547,13.751504898071287,32.427940368652344,21.611726760864254,3.723363876342773,360.1657409667969,265.5928955078125,74.56742095947266,63.3396110534668,17.783123016357422,23.6200008392334,43.14943313598633,4.885550498962402,1.3716590404510498,17.191646575927734,4.826698303222656,34.34061050415039,9.641412734985352
Russia,2000,RUS,146717784.0,1547057523527.0,1480.576416015625,425.7104187011719,318.2650451660156,682.07763671875,15.112577438354492,7214.09033203125,6357.77587890625,88.58675384521484,456.0191345214844,6.353991508483887,164.16000366210938,18.702150344848636,0.0,0.0,0.0052777775563299,7.353848195634782e-05,455.76666259765625,6.350473880767822
Russia,2001,RUS,146117290.0,1662886727147.0,1518.0814208984375,444.5203247070313,324.2901611328125,694.105224609375,15.862541198730469,7328.267578125,6431.017578125,88.21649169921875,480.7491149902344,6.594601631164551,174.00999450683594,19.52382469177246,0.0,0.0,0.0085635362192988,0.0001174689823528,480.3840026855469,6.589593410491943
Russia,2002,RUS,145939502.0,1781424730851.0,1508.329833984375,422.6168212890625,315.52325439453125,703.4489135742188,17.116161346435547,7298.46044921875,6427.90234375,88.52886962890625,444.8708801269531,6.127024173736572,162.35000610351562,18.215375900268555,0.0,0.0,0.0169863011687994,0.000233945378568,444.3123168945313,6.11933183670044
Russia,2003,RUS,145794230.0,1955875991276.0,1539.00634765625,424.6483154296875,309.4570007324219,736.3448486328125,18.666297912597656,7448.46728515625,6577.55078125,88.73548126220703,425.3354797363281,5.7380547523498535,156.0500030517578,17.030635833740234,0.0,0.0,0.0234332419931888,0.0003161298227496,424.1689147949219,5.722317218780518
Russia,2004,RUS,145180091.0,2143914665541.0,1545.353271484375,414.7113342285156,309.80792236328125,744.3698120117188,20.91534805297852,7514.087890625,6606.4189453125,88.36726379394531,477.5140380859375,6.387213706970215,176.13999938964844,18.90096664428711,0.0,0.0,0.0189701914787292,0.0002537447144277,476.0894470214844,6.368158340454102
Russia,2005,RUS,144597886.0,2331247104465.0,1563.98046875,416.4456481933594,320.2855224609375,747.1686401367188,22.25602912902832,7503.90283203125,6597.732421875,88.38333129882812,465.4366149902344,6.234996795654297,173.07000732421875,18.139419555664062,0.0,0.0,0.0182795692235231,0.000244873430347,464.0080261230469,6.215859413146973
Russia,2006,RUS,144102948.0,2576148450528.0,1623.428466796875,436.0402526855469,335.3175354003906,767.74951171875,24.54456329345703,7836.9365234375,6915.3154296875,88.67475128173828,464.9230651855469,5.961686134338379,173.80999755859375,17.51905059814453,0.0,0.0,0.0139037426561117,0.0001782870094757,463.328857421875,5.941243171691895
Russia,2007,RUS,143859767.0,2858759376272.0,1624.3154296875,421.1985473632813,326.2529296875,780.3126831054688,27.64483642578125,7878.3349609375,6942.08251953125,88.54512786865234,472.39599609375,6.025333881378174,177.52999877929688,17.427112579345703,0.0,0.0,0.0175531916320323,0.0002238880842924,470.8643798828125,6.00579833984375
Russia,2008,RUS,143811837.0,3078094367564.0,1652.7314453125,449.83349609375,343.6790466308594,780.8487548828125,23.625364303588867,7914.6259765625,7010.48046875,88.99826049804688,436.3172607421875,5.539061069488525,165.27999877929688,15.89230728149414,0.0,0.0,0.013720316812396,0.0001741798332659,434.7757263183594,5.519491195678711
Russia,2009,RUS,143869128.0,2903690263125.0,1545.2364501953125,417.3268127441406,322.57843017578125,733.6575927734375,19.74637222290039,7522.18994140625,6595.9609375,88.13309478759766,458.7795715332031,6.130064010620117,174.6999969482422,17.591381072998047,0.0,0.0,0.0099737532436847,0.0001332660613115,457.2152099609375,6.109161853790283
Russia,2010,RUS,143934468.0,3105249267337.0,1633.1474609375,417.8545837402344,333.2016906738281,795.4484252929688,22.72261428833008,7814.23583984375,6896.7978515625,88.69537353515625,435.2400512695313,5.597348213195801,167.02000427246094,16.090248107910156,0.0,0.0,0.0109010422602295,0.000140191434184,433.5513000488281,5.575630187988281
Russia,2011,RUS,144043751.0,3306765993750.0,1684.989013671875,428.3170471191406,344.9343566894531,818.427490234375,25.12852668762207,8080.548828125,7171.4140625,89.15644073486328,424.1811828613281,5.273504734039307,163.6199951171875,15.511062622070312,0.0031088083051145,3.864932295982726e-05,0.0139689119532704,0.0001736642880132,422.4228210449219,5.251644611358643
Russia,2012,RUS,144291025.0,3439833075673.0,1700.10400390625,443.2925720214844,352.4248046875,807.71923828125,26.33166885375977,8128.36328125,7211.689453125,89.1198959350586,422.8697509765625,5.22569751739502,163.9600067138672,15.333826065063477,0.0108543988317251,0.0001341354072792,0.0135335056111216,0.0001672429934842,421.2739562988281,5.205976963043213
Russia,2013,RUS,144604105.0,3500216789791.0,1637.5469970703125,405.8047790527344,354.8793334960937,782.8994140625,27.28145980834961,8032.525390625,7086.330078125,88.66365051269531,464.8458557128906,5.816118240356445,181.63999938964844,17.15073585510254,0.0276214834302663,0.0003455980040598,0.0114398971199989,0.0001431351702194,463.3020324707031,5.796801567077637
Russia,2014,RUS,144925639.0,3525987597216.0,1637.311279296875,394.9742126464844,383.6986083984375,775.5144653320312,26.453325271606445,8057.76171875,7115.9609375,88.7332763671875,443.5915222167969,5.531414985656738,174.2100067138672,16.370044708251953,0.4071246683597564,0.0050766873173415,0.2445445209741592,0.0030493757221847,441.2073669433594,5.50168514251709
Russia,2015,RUS,145307612.0,3456429719677.0,1635.2435302734375,414.8536987304688,406.4102783203125,739.41748046875,23.171306610107425,7930.55517578125,6970.4619140625,88.30801391601562,428.0280456542969,5.422640323638916,168.9600067138672,15.826892852783203,0.8496202230453491,0.0107637448236346,0.3747771978378296,0.004748011007905,425.2998962402344,5.388077735900879
Russia,2016,RUS,145778668.0,3463123938280.0,1629.328369140625,402.7600708007813,400.52532958984375,752.16357421875,20.43210220336914,8086.0634765625,7083.56201171875,88.05194091796875,467.1861572265625,5.807339191436768,185.67999267578125,17.019716262817383,1.1766332387924194,0.0146260932087898,0.3721620440483093,0.0046261455863714,463.8486633300781,5.765852451324463
Russia,2017,RUS,146186798.0,3526353842599.0,1661.01220703125,386.27972412109375,414.6260681152344,779.7982788085938,20.51222038269043,8135.74267578125,7120.23193359375,87.95742797851562,467.0044860839844,5.768985271453857,186.3600006103516,17.078914642333984,1.3600000143051147,0.016800308600068,0.3474999964237213,0.0042927260510623,462.907470703125,5.718374252319336
Russia,2018,RUS,146430146.0,3625347362801.0,1709.90966796875,399.6647338867188,392.623779296875,828.7940063476562,20.09071159362793,8432.208984375,7403.69775390625,88.22664642333984,479.07427978515625,5.708919525146484,192.0,17.30992889404297,1.5533829927444458,0.018510989844799,0.5899502038955688,0.0070301797240972,474.2227783203125,5.651106357574463
Russia,2019,RUS,146533063.0,3705035583500.0,1704.4586181640625,395.97564697265625,400.0123291015625,807.0338134765625,20.30619239807129,8370.0302734375,7322.61181640625,87.93292236328125,487.5941162109375,5.85522985458374,196.22000122070312,17.548471450805664,2.4382424354553223,0.0292794145643711,0.7792326807975769,0.009357345290482,481.1290588378906,5.777595043182373
Russia,2020,RUS,146371295.0,3606716578675.0,1631.901611328125,368.046875,381.9683532714844,784.25537109375,20.580720901489254,8075.71337890625,6961.56591796875,86.68297576904297,536.3772583007812,6.678781032562256,216.25,19.92316246032715,4.59787654876709,0.0572511442005634,2.8099260330200195,0.0349882133305072,524.5389404296875,6.531374454498291
Russia,2021,RUS,145836172.0,3809571453737.0,1674.5242919921875,375.4415893554688,375.4001770019531,822.6949462890625,22.15833282470703,8331.265625,7193.552734375,86.80380249023438,545.8245239257812,6.586403846740723,220.2400054931641,19.03428649902344,5.694680213928223,0.0687170773744583,6.366601467132568,0.0768250748515129,528.4073486328125,6.376233100891113
Russia,2022,RUS,145579889.0,3731440829579.0,1675.4608154296875,369.6938171386719,391.39208984375,811.0883178710938,22.5975341796875,8626.759765625,7528.3447265625,87.67830657958984,508.3507385253906,5.920468807220459,205.1100006103516,17.576740264892578,5.893464088439941,0.0686377957463264,10.32199001312256,0.1202142909169197,485.6672058105469,5.65628719329834
Saudi Arabia,2000,SAU,16177733.0,488272422255.0,309.6391296386719,0.0014400000218302,198.3713531494141,95.6132354736328,8.574840545654297,1334.879638671875,1334.879638671875,100.0,0.0,0.0,0.0,0.0,0.0,0.0,0.0,0.0,0.0,0.0
Saudi Arabia,2001,SAU,17041405.0,506978101388.0,324.3736267089844,0.0051179998554289,205.0044708251953,103.0609893798828,9.74499225616455,1422.3323974609375,1422.3323974609375,100.0,0.0,0.0,0.0,0.0,0.0,0.0,0.0,0.0,0.0,0.0
Saudi Arabia,2002,SAU,17910909.0,518347038548.0,346.93048095703125,0.0283090006560087,219.46023559570312,110.02873229980467,10.995735168457031,1481.3826904296875,1481.3826904296875,100.0,0.0,0.0,0.0,0.0,0.0,0.0,0.0,0.0,0.0,0.0
Saudi Arabia,2003,SAU,18786771.0,607244594721.0,351.2276916503906,0.0286660008132457,216.8391876220703,115.28775787353516,11.367688179016112,1569.1910400390625,1569.1910400390625,100.0,0.0,0.0,0.0,0.0,0.0,0.0,0.0,0.0,0.0,0.0
Saudi Arabia,2004,SAU,19669486.0,690846607941.0,407.7023010253906,0.0359320007264614,263.19610595703125,126.07457733154295,11.542386054992676,1702.44775390625,1702.4476318359375,100.0,0.0,0.0,0.0,0.0,0.0,0.0,0.0,0.0,0.0,0.0
Saudi Arabia,2005,SAU,20559886.0,768984265306.0,412.23443603515625,0.0703469961881637,256.6888427734375,136.747802734375,11.349757194519045,1811.10595703125,1811.10595703125,100.0,0.0,0.0,0.0,0.0,0.0,0.0,0.0,0.0,0.0,0.0
Saudi Arabia,2006,SAU,21459141.0,833723402383.0,444.9772644042969,0.0380359999835491,283.76580810546875,141.01271057128906,12.200194358825684,1900.169921875,1900.1700439453125,100.0,0.0,0.0,0.0,0.0,0.0,0.0,0.0,0.0,0.0,0.0
Saudi Arabia,2007,SAU,22368313.0,896025266041.0,423.3140869140625,0.0547900013625621,258.46588134765625,142.85203552246094,13.961009979248049,1944.05712890625,1944.05712890625,100.0,0.0,0.0,0.0,0.0,0.0,0.0,0.0,0.0,0.0,0.0
Saudi Arabia,2008,SAU,23287884.0,1005243539213.0,469.4303894042969,0.1082990020513534,288.817138671875,154.40953063964844,18.08819580078125,2128.4638671875,2128.462158203125,99.99992370605467,0.0016068600816652,7.5493888289202e-05,0.0,0.0,0.0016068600816652,7.5493888289202e-05,0.0,0.0,0.0,0.0
Saudi Arabia,2009,SAU,24217656.0,1040467027041.0,503.96966552734375,0.0673699975013732,326.0666809082031,150.59039306640625,19.87462615966797,2205.13818359375,2205.13671875,99.99992370605467,0.0015984250931069,7.248639303725213e-05,0.0,0.0,0.0015984250931069,7.248639303725213e-05,0.0,0.0,0.0,0.0
Saudi Arabia,2010,SAU,25157134.0,1156842077931.0,555.6397705078125,0.1699659973382949,359.64483642578125,168.26806640625,20.66870880126953,2451.106689453125,2451.095458984375,99.99956512451172,0.0106484377756714,0.0004344339831732,0.0,0.0,0.0106484377756714,0.0004344339831732,0.0,0.0,0.0,0.0
Saudi Arabia,2011,SAU,26105636.0,1347950226660.0,540.23583984375,0.1700039952993393,335.7103271484375,177.0994415283203,21.988937377929688,2557.291015625,2557.276123046875,99.99945068359376,0.0139689119532704,0.0005462388508021,0.0099999997764825,0.0038587690796703,0.0139689119532704,0.0005462388508021,0.0,0.0,0.0,0.0
Saudi Arabia,2012,SAU,27062447.0,1421109142119.0,605.7122802734375,0.1926369965076446,386.2185668945313,190.6708984375,24.984167098999023,2714.210693359375,2714.14013671875,99.99756622314452,0.0660747438669204,0.0024344038683921,0.0299999993294477,0.0106522738933563,0.0660747438669204,0.0024344038683921,0.0,0.0,0.0,0.0
Saudi Arabia,2013,SAU,28026825.0,1461615692896.0,583.1779174804688,0.2386229932308197,359.38116455078125,192.0106964111328,27.78912734985352,2731.220458984375,2731.1044921875,99.99602508544922,0.1086317151784896,0.0039774160832166,0.0399999991059303,0.013572203926742,0.1086317151784896,0.0039774160832166,0.0,0.0,0.0,0.0
Saudi Arabia,2014,SAU,28998127.0,1520484201383.0,585.109130859375,0.2569420039653778,355.2797546386719,196.52230834960935,29.395509719848636,2931.71728515625,2931.5927734375,99.99601745605467,0.1167455464601516,0.0039821662940084,0.050000000745058,0.0152346128597855,0.1167455464601516,0.0039821662940084,0.0,0.0,0.0,0.0
Saudi Arabia,2015,SAU,29974944.0,1591797027903.0,624.5469970703125,0.2598829865455627,390.5260620117188,200.49891662597656,29.21402740478516,3056.62548828125,3056.501953125,99.99620056152344,0.1161544248461723,0.0038000962231308,0.050000000745058,0.0142596391960978,0.1161544248461723,0.0038000962231308,0.0,0.0,0.0,0.0
Saudi Arabia,2016,SAU,30717804.0,1629412617614.0,641.1741943359375,0.3297579884529114,395.7243957519531,212.8002166748047,28.435869216918945,3179.843994140625,3179.72119140625,99.99637603759766,0.1152788922190666,0.003625308861956,0.050000000745058,0.0139797572046518,0.1152788922190666,0.003625308861956,0.0,0.0,0.0,0.0
Saudi Arabia,2017,SAU,30782400.0,1628276592787.0,644.4865112304688,0.5202879905700684,393.1252136230469,222.859130859375,23.62956428527832,3181.8193359375,3181.63330078125,99.99451446533205,0.1746349930763244,0.0054885460995137,0.0700000002980232,0.0177219677716493,0.1625899970531463,0.0051099876873195,0.0120449997484683,0.0003785583539865,0.0,0.0
Saudi Arabia,2018,SAU,30365119.0,1673253984473.0,652.2041625976562,0.4616639912128448,391.6119689941406,231.0445098876953,24.74881172180176,3101.677734375,3101.242919921875,99.98682403564452,0.408721774816513,0.013177553191781,0.1599999964237213,0.0426928512752056,0.3967367112636566,0.0127911437302827,0.0119850737974047,0.0003864094032905,0.0,0.0
Saudi Arabia,2019,SAU,30472809.0,1687180073621.0,708.334716796875,0.4836480021476745,446.9933471679688,233.2245941162109,23.68429946899414,2967.37939453125,2966.8193359375,99.9822769165039,0.5258183479309082,0.0177201610058546,0.2199999988079071,0.0581164993345737,0.5117242932319641,0.0172451883554458,0.0140940593555569,0.0004749720101244,0.0,0.0
Saudi Arabia,2020,SAU,30991206.0,1613932868835.0,653.564697265625,0.4250220060348511,388.27923583984375,234.9526824951172,25.651220321655277,2888.252685546875,2885.845458984375,99.92163848876952,2.2632100582122803,0.0783630460500717,0.9200000166893004,0.2415332198143005,2.24915075302124,0.0778762549161911,0.0140592595562338,0.0004867981479037,0.0,0.0
Saudi Arabia,2021,SAU,31328374.0,1677226744197.0,695.3944702148438,0.5166239738464355,420.649169921875,241.8643035888672,28.372779846191406,2982.345703125,2979.72900390625,99.91740417480467,2.4630544185638428,0.0825920775532722,1.0,0.2544853091239929,2.449068069458008,0.0821230858564376,0.0139863127842545,0.0004689943743869,0.0,0.0
Saudi Arabia,2022,SAU,32175351.0,1823886192336.0,666.9935302734375,0.5092960000038147,435.5067138671875,197.9454803466797,29.536008834838867,3150.0537109375,3144.813232421875,99.84320831298828,4.93857479095459,0.1567925065755844,2.009999990463257,0.4904353022575378,2.9877147674560547,0.0948555618524551,1.9508600234985352,0.0619369409978389,0.0,0.0
Singapore,2000,SGP,4035251.0,152153574500.0,37.36872100830078,0.0,34.6610221862793,2.707695960998535,0.0,443.0144348144531,442.2323303222656,99.8271713256836,0.765625,0.1728281080722808,0.4900000095367431,1.5472055673599243,0.0,0.0,0.0,0.0,0.0,0.0
Singapore,2001,SGP,4116169.0,152550774197.0,38.52521896362305,0.0,34.436500549316406,4.088720798492432,0.0,500.7205200195313,499.2105712890625,99.70478057861328,1.478124976158142,0.2952183485031128,0.6899999976158142,2.0871143341064453,0.0,0.0,0.0,0.0,0.0,0.0
Singapore,2002,SGP,4146898.0,157982989858.0,40.20840072631836,0.0,33.57289505004883,6.635503768920898,0.0,482.2401428222656,480.730224609375,99.69346618652344,1.478124976158142,0.3065324425697326,0.7699999809265137,2.221580982208252,0.0,0.0,0.0,0.0,0.0,0.0
Singapore,2003,SGP,4138241.0,160287778605.0,39.53404235839844,0.029314000159502,29.24110412597656,10.26362419128418,0.0,454.2738342285156,452.6936645507813,99.65946197509766,1.546875,0.3405409455299377,0.9900000095367432,2.802944660186768,0.0,0.0,0.0,0.0,0.0,0.0
Singapore,2004,SGP,4172767.0,175483138246.0,41.0,0.0403040014207363,28.861167907714844,12.098527908325195,0.0,513.5206298828125,511.9915771484375,99.70848846435548,1.4968750476837158,0.2915109395980835,0.959999978542328,2.60727858543396,0.0,0.0,0.0,0.0,0.0,0.0
Singapore,2005,SGP,4268363.0,190691514722.0,39.59999847412109,0.0403040014207363,28.084047317504883,11.475647926330566,0.0,542.3024291992188,540.7776489257812,99.7247314453125,1.4926836490631104,0.2752655744552612,0.959999978542328,2.5117738246917725,0.0,0.0,0.0,0.0,0.0,0.0
Singapore,2006,SGP,4407064.0,211578605777.0,40.59999847412109,0.0329760015010833,28.19369506835937,12.37332820892334,0.0,598.8245239257812,597.3121948242188,99.75274658203124,1.4805150032043457,0.2472500056028366,0.949999988079071,2.405672073364258,0.0,0.0,0.0,0.0,0.0,0.0
Singapore,2007,SGP,4596516.0,237920174358.0,41.09999847412109,0.0549530014395713,27.79393577575684,13.251111030578612,0.0,648.4867553710938,646.9110717773438,99.76212310791016,1.542528748512268,0.2378780543804168,0.9900000095367432,2.407002210617065,0.0,0.0,0.0,0.0,0.0,0.0
Singapore,2008,SGP,4806742.0,252508208683.0,40.20000076293945,0.0329760015010833,26.602895736694336,13.564127922058104,0.0,690.5997314453125,688.9361572265625,99.76417541503906,1.6285414695739746,0.2358275055885315,1.0399999618530271,2.495800256729126,0.0007836411241441,0.0001134783087763,0.0,0.0,0.0,0.0
Singapore,2009,SGP,4968574.0,256114472232.0,40.79999923706055,0.0256479997187852,27.063663482666016,13.710687637329102,0.0,742.0028076171875,740.3157348632812,99.7774429321289,1.6513205766677856,0.2225598096847534,1.0499999523162842,2.5119616985321045,0.0041889762505888,0.0005645771161653,0.0,0.0,0.0,0.0
Singapore,2010,SGP,5077020.0,297586792174.0,44.400001525878906,0.0513000003993511,29.48991584777832,14.858784675598145,0.0,792.0330200195312,790.150146484375,99.7673110961914,1.842905879020691,0.2326921820640564,1.1799999475479126,2.6014108657836914,0.0080364579334855,0.0010147131979465,0.0,0.0,0.0,0.0
Singapore,2011,SGP,5182242.0,319718127421.0,47.0,0.0293119996786117,31.96294403076172,15.00774383544922,0.0,824.1597900390625,822.2144165039062,99.76898193359376,1.903883695602417,0.2310206741094589,1.2000000476837158,2.60869574546814,0.012681346386671,0.0015387773746624,0.0,0.0,0.0,0.0
Singapore,2012,SGP,5293345.0,333899221028.0,46.09999847412109,0.0952569991350174,29.730430603027344,16.274311065673828,0.0,831.2716064453125,829.2197875976562,99.75846099853516,2.007720470428467,0.2415368258953094,1.2699999809265137,2.7055816650390625,0.0211159791797399,0.0025403369218111,0.0,0.0,0.0,0.0
Singapore,2013,SGP,5385589.0,349985256634.0,47.0,1.0002720355987549,27.676063537597656,18.32366371154785,0.0,843.1290283203125,840.8421020507812,99.73461151123048,2.237466096878052,0.2653920352458954,1.690000057220459,3.523035287857056,0.032112531363964,0.0038089563604444,0.0,0.0,0.0,0.0
Singapore,2014,SGP,5457899.0,363759075569.0,47.59999847412109,1.473031997680664,26.911596298217773,19.21537208557129,0.0,860.4638671875,858.0234985351562,99.7226791381836,2.386073589324951,0.2773183286190033,1.3799999952316284,2.7991886138916016,0.0690407082438469,0.0080241682007908,0.0,0.0,0.0,0.0
Singapore,2015,SGP,5525343.0,374587437267.0,49.400001525878906,1.538970947265625,28.305099487304688,19.55592918395996,0.0,911.6187133789062,908.89453125,99.70800018310548,2.661768674850464,0.2920026481151581,1.4600000381469729,2.903739213943481,0.1233746781945228,0.013534509576857,0.0,0.0,0.0,0.0
Singapore,2016,SGP,5577936.0,388078809982.0,49.09999847412109,1.6158239841461182,27.438432693481445,20.045743942260746,0.0,960.8921508789062,958.0966186523438,99.71617126464844,2.727103471755981,0.2838297188282013,1.5,2.9075403213500977,0.2223345190286636,0.0231399908661842,0.0,0.0,0.0,0.0
Singapore,2017,SGP,5604087.0,405715948493.0,50.09999847412109,3.403661012649536,26.54183387756348,20.15450668334961,0.0,986.0951538085938,983.2948608398438,99.7232894897461,2.72842788696289,0.2767103016376495,1.5099999904632568,2.888293743133545,0.3069649934768677,0.0311316177248954,0.0,0.0,0.0,0.0
Singapore,2018,SGP,5634366.0,420221993120.0,50.29999923706055,1.8099199533462524,27.90682029724121,20.58325958251953,0.0,993.5774536132812,990.7857666015624,99.726318359375,2.7190182209014893,0.2736794054508209,1.4900000095367432,2.812912940979004,0.336224228143692,0.0338422358036041,0.0,0.0,0.0,0.0
Singapore,2019,SGP,5669562.0,425816263950.0,49.0,1.7367359399795532,26.374799728393555,20.888463973999023,0.0,974.5073852539062,971.5674438476562,99.7067413330078,2.857595682144165,0.2932596802711487,1.5099999904632568,2.789065361022949,0.4817301332950592,0.0494373738765716,0.0,0.0,0.0,0.0
Singapore,2020,SGP,5620151.0,409204971045.0,46.70000076293945,1.6414719820022583,23.942895889282227,21.115631103515625,0.0,913.3707275390624,910.4096069335938,99.68588256835938,2.868752956390381,0.3141159415245056,1.4900000095367432,2.807612657546997,0.7286620140075684,0.0797853171825409,0.0,0.0,0.0,0.0
Singapore,2021,SGP,5546291.0,445551993008.0,50.09999847412109,1.758800029754639,26.78857421875,21.55262565612793,0.0,912.04638671875,908.8606567382812,99.6623077392578,3.07954740524292,0.3376918137073517,1.6200000047683716,2.9037461280822754,0.9773268103599548,0.1071700602769851,0.0,0.0,0.0,0.0
Singapore,2022,SGP,5649888.0,461801118473.0,48.93388366699219,1.5715889930725098,26.281814575195312,21.08047866821289,0.0,895.6299438476562,890.7960815429688,99.47865295410156,4.668490886688232,0.5213484764099121,2.3299999237060547,4.093464374542236,1.6394113302230835,0.1830794066190719,0.0,0.0,0.0,0.0
Slovakia,2000,SVK,5380001.0,74595099937.0,41.18703842163086,17.689590454101562,7.346310138702393,13.809322357177734,1.190451979637146,218.2472076416016,157.79873657226562,72.90819549560547,12.819443702697754,5.923003673553467,4.610000133514404,14.97725772857666,0.0,0.0,0.0,0.0,12.819443702697754,5.923003673553467
Slovakia,2001,SVK,5379439.0,76744257548.0,43.27272415161133,18.319355010986328,7.964003086090088,14.54423713684082,1.2093149423599243,224.55816650390625,161.0380401611328,72.30683898925781,14.430913925170898,6.479548454284668,5.079999923706055,15.964801788330078,0.0,0.0,0.0,0.0,13.61049747467041,6.111177444458008
Slovakia,2002,SVK,5377685.0,80059373942.0,42.03369903564453,17.8900146484375,7.940486907958984,13.723915100097656,1.1652400493621826,226.4268035888672,160.249755859375,71.42057800292969,14.938705444335938,6.657926082611084,5.420000076293945,16.84276008605957,0.0,0.0,0.0,0.0,14.432876586914062,6.432486534118652
Slovakia,2003,SVK,5376197.0,84281952821.0,42.35922622680664,18.818130493164062,8.016465187072754,13.375393867492676,0.921647012233734,219.8829803466797,159.7335968017578,73.1960678100586,9.817665100097656,4.498831272125244,3.5799999237060547,11.555842399597168,0.0,0.0,0.005449591204524,0.0024972120299935,9.482288360595703,4.34514856338501
Slovakia,2004,SVK,5376038.0,88594621302.0,42.85655975341797,18.86469841003418,8.23756217956543,13.159518241882324,1.2168420553207395,215.0430145263672,156.05616760253906,73.12942504882812,11.20014762878418,5.248497486114502,4.130000114440918,13.55876636505127,0.0,0.0,0.0162601638585329,0.0076196696609258,11.111111640930176,5.20677375793457
Slovakia,2005,SVK,5376697.0,94444699022.0,42.857269287109375,17.63111114501953,9.201983451843262,13.389488220214844,1.2563979625701904,226.26744079589844,164.04571533203125,73.10549926757812,12.69692611694336,5.658271312713623,4.679999828338623,14.932991981506348,0.0,0.0,0.0161290317773818,0.0071877581067383,12.46774196624756,5.5561370849609375
Slovakia,2006,SVK,5376847.0,102275719553.0,42.63935089111328,18.64448547363281,8.810552597045898,12.474778175354004,1.3891479969024658,220.1784820556641,156.72520446777344,71.76866149902344,13.489912986755373,6.177391529083252,4.809999942779541,15.392000198364258,0.0,0.0,0.0160427801311016,0.0073464177548885,11.762032508850098,5.386148929595947
Slovakia,2007,SVK,5376993.0,113160253049.0,41.03185272216797,17.42841911315918,9.16451644897461,11.647544860839844,1.4849330186843872,206.62884521484372,150.209716796875,73.26492309570312,14.031072616577148,6.843667507171631,4.929999828338623,17.701974868774414,0.0,0.0,0.0212765969336032,0.0103776780888438,11.837766647338867,5.773880481719971
Slovakia,2008,SVK,5379127.0,119380219073.0,41.42530059814453,16.928131103515625,9.49670696258545,12.034960746765137,1.6038589477539062,212.20860290527344,153.30853271484375,72.82684326171875,13.13124942779541,6.237796306610107,4.570000171661377,15.923345565795898,0.0,0.0,0.0184696577489376,0.0087737245485186,10.657867431640623,5.062854766845703
Slovakia,2009,SVK,5385074.0,112760232233.0,37.68112564086914,15.908604621887209,8.885692596435547,10.645668983459473,1.2131500244140625,192.31781005859372,139.6745147705078,73.21639251708984,14.136947631835938,7.410487651824951,4.920000076293945,18.97416114807129,0.0,0.0,0.015748031437397,0.008255005814135,11.463414192199709,6.009040355682373
Slovakia,2010,SVK,5391857.0,118344324253.0,38.46435546875,15.945232391357422,9.228599548339844,11.259015083312988,0.859919011592865,205.49989318847656,148.7996826171875,73.05313110351562,16.934125900268555,8.313800811767578,5.949999809265137,21.66788101196289,0.0441197901964187,0.0216605886816978,0.015625,0.0076710861176252,13.684896469116213,6.718593120574951
Slovakia,2011,SVK,5398105.0,120554965758.0,38.045108795166016,16.19090461730957,8.749652862548828,10.649291038513184,1.2617909908294678,197.6913604736328,141.4141845703125,72.12687683105469,14.724040985107422,7.509848117828369,5.0,17.680339813232422,1.0284974575042725,0.5245746970176697,0.0129533670842647,0.0066067338921129,9.78804874420166,4.992295265197754
Slovakia,2012,SVK,5404877.0,122144694992.0,35.96140670776367,14.460946083068848,9.002835273742676,10.2987060546875,1.095924973487854,189.89334106445312,132.59754943847656,70.43702697753906,15.716670036315918,8.348837852478027,5.46999979019165,19.32862091064453,1.0927834510803225,0.5804964900016785,0.0154639175161719,0.0082145733758807,10.574742317199709,5.617399215698242
Slovakia,2013,SVK,5410422.0,122917618179.0,35.621707916259766,14.152968406677246,8.868077278137207,10.48200511932373,1.1352699995040894,194.5870361328125,134.54913330078125,69.82154083251953,17.950590133666992,9.315093994140623,6.360000133514404,22.3157901763916,1.5038362741470337,0.7803852558135986,0.015345268882811,0.0079631153494119,12.398977279663086,6.434197425842285
Slovakia,2014,SVK,5415238.0,126232947119.0,33.70817184448242,13.965868949890137,8.747604370117188,8.720895767211914,1.266759991645813,181.11990356445312,121.68817138671876,67.83872985839844,18.25278854370117,10.175565719604492,6.239999771118164,23.000368118286133,1.5190839767456057,0.8468589782714844,0.0152671756222844,0.0085111455991864,10.70992374420166,5.970568656921387
Slovakia,2015,SVK,5420278.0,132755573802.0,34.527854919433594,13.796648025512695,9.528456687927246,8.957459449768066,1.3085700273513794,182.98992919921875,125.02033996582033,68.92863464355469,18.01184844970703,9.930641174316406,6.050000190734863,22.727272033691406,1.2810125350952148,0.7062726616859436,0.0151898730546236,0.0083747748285532,9.787341117858888,5.396146774291992
Slovakia,2016,SVK,5427262.0,135336424966.0,34.9775505065918,13.70082950592041,9.897147178649902,9.104726791381836,1.3409520387649536,184.74371337890625,126.5145034790039,69.13744354248047,19.3547420501709,10.576948165893556,6.630000114440918,24.738807678222656,1.339195966720581,0.7318416833877563,0.0150753771886229,0.0082383677363395,10.952261924743652,5.985174655914307
Slovakia,2017,SVK,5435702.0,139312659832.0,36.18394470214844,14.158292770385742,10.011289596557615,9.64195728302002,1.3670539855957031,194.59469604492188,136.09901428222656,70.55787658691406,19.088388442993164,9.896001815795898,6.539999961853027,23.85120391845703,1.2649999856948853,0.655814528465271,0.0149999996647238,0.0077764568850398,10.809999465942385,5.6042327880859375
Slovakia,2018,SVK,5443229.0,144927513498.0,36.18406677246094,14.09535789489746,10.123634338378906,9.580934524536133,1.3466819524765017,191.295654296875,135.67352294921875,71.495849609375,17.167787551879883,9.046905517578123,5.809999942779541,21.79294776916504,1.455223798751831,0.7668589949607849,0.0149253727868199,0.0078652203083038,8.930347442626953,4.706023216247559
Slovakia,2019,SVK,5450627.0,148579167627.0,33.85319137573242,11.67430019378662,10.222365379333496,9.577988624572754,1.4042689800262451,184.8489227294922,125.96815490722656,68.79341125488281,19.31590843200684,10.548754692077637,6.650000095367432,23.57320213317871,1.4579206705093384,0.796195924282074,0.0148514844477176,0.0081106554716825,10.782177925109863,5.888335704803467
Slovakia,2020,SVK,5455028.0,143565091421.0,31.17616081237793,9.853781700134276,9.518218994140623,9.492376327514648,1.4431450366973877,181.1253967285156,121.47111511230467,67.70587158203125,19.805570602416992,11.039277076721191,6.849999904632568,24.026657104492188,1.6370370388031006,0.9124557375907898,0.0098765436559915,0.0055050123482942,11.15308666229248,6.2165350914001465
Slovakia,2021,SVK,5442766.0,147892579134.0,35.25132369995117,12.076298713684082,10.145415306091309,10.609130859375,1.4529340267181396,195.22315979003903,135.0719451904297,69.77294921875,19.77204322814941,10.21347427368164,6.769999980926514,22.794612884521484,1.6527093648910522,0.8537258505821228,0.0123152714222669,0.0063615939579904,10.487685203552246,5.4175333976745605
Slovakia,2022,SVK,5473195.0,150360426456.0,31.58946418762207,9.92577075958252,10.348864555358888,8.886392593383789,1.489719033241272,179.8928680419922,122.05522918701172,68.4053955078125,17.2585391998291,9.672483444213867,5.820000171661377,21.929162979125977,1.5970515012741089,0.8950614929199219,0.0098280105739831,0.0055080717429518,9.03685474395752,5.064671039581299
Slovenia,2000,SVN,1986817.0,43078787444.0,15.05975341796875,5.819047927856445,6.795053958892822,1.7049460411071775,0.4906739890575409,78.46461486816406,53.3946533203125,68.9066390991211,10.868749618530272,14.026291847229004,3.900000095367432,28.6554012298584,0.0,0.0,0.0,0.0,10.649999618530272,13.74399185180664
Slovenia,2001,SVN,1989684.0,44148368411.0,16.30918312072754,6.48786211013794,7.289322853088379,1.750188946723938,0.5049620270729065,82.23001861572266,56.02838134765625,68.94810485839844,10.711188316345217,13.181107521057127,3.869999885559082,26.726518630981445,0.0,0.0,0.0,0.0,10.486187934875488,12.904223442077637
Slovenia,2002,SVN,1991571.0,45659924240.0,16.570911407470703,6.897398948669434,7.239468097686768,1.713865041732788,0.4434719979763031,81.7999267578125,56.320831298828125,69.65098571777344,9.395462036132812,11.619203567504885,3.4100000858306885,23.356164932250977,0.0,0.0,0.0,0.0,9.076711654663086,11.225010871887209
Slovenia,2003,SVN,1992499.0,46758348275.0,16.2780818939209,6.484225749969482,7.160795211791992,1.8844289779663088,0.4514110088348388,80.23735046386719,56.78142166137695,71.50601196289062,8.438470840454102,10.626738548278809,3.0799999237060547,22.27042579650879,0.0,0.0,0.0,0.0,8.057220458984375,10.14662265777588
Slovenia,2004,SVN,1993548.0,48578174459.0,16.710708618164062,6.6859660148620605,7.356881141662598,1.8981889486312864,0.4732109904289245,85.1431655883789,57.86120223999024,68.77518463134766,11.475686073303224,13.640270233154297,4.210000038146973,27.57039833068848,0.0,0.0,0.0,0.0,11.09756088256836,13.190821647644045
Slovenia,2005,SVN,1996915.0,50309132737.0,16.94197654724121,6.649170875549316,7.542684078216553,1.927767992019653,0.4867329895496368,85.30863952636719,58.879638671875,69.80863189697266,9.647513389587402,11.438243865966797,3.569999933242798,23.62673759460449,0.0,0.0,0.0,0.0,9.303763389587402,11.030689239501951
Slovenia,2006,SVN,2003116.0,52944721543.0,17.184160232543945,6.696686744689941,7.709981918334961,1.9020429849624636,0.5115569829940796,85.83052825927734,60.09678649902344,70.79090118408203,9.96236801147461,11.735153198242188,3.700000047683716,24.48709487915039,0.0,0.0,0.0,0.0,9.601604461669922,11.310192108154297
Slovenia,2007,SVN,2014159.0,56590130937.0,17.34908103942871,6.94134521484375,7.608309745788574,1.885707974433899,0.5429030060768127,85.37916564941406,60.19789123535156,71.22582244873047,9.172781944274902,10.853185653686523,3.380000114440918,22.47340583801269,0.0,0.0,0.0,0.0,8.68617057800293,10.277430534362791
Slovenia,2008,SVN,2025090.0,57981920900.0,18.284603118896484,6.67976188659668,8.78498363494873,1.877619981765747,0.5930259823799133,93.65596771240234,64.2314224243164,69.3769760131836,11.80031967163086,12.745638847351074,4.309999942779541,26.26447296142578,0.0026385225355625,0.002849893644452,0.0,0.0,10.60158348083496,11.450872421264648
Slovenia,2009,SVN,2035610.0,53266134006.0,16.209409713745117,6.141164779663086,7.56991720199585,1.784906983375549,0.4215149879455566,86.41146087646484,56.885528564453125,66.69761657714844,13.340173721313477,15.641199111938477,4.900000095367432,29.89628028869629,0.0104986876249313,0.0123095894232392,0.0,0.0,12.375328063964844,14.509928703308104
Slovenia,2010,SVN,2044611.0,53649775101.0,16.465505599975586,6.283569812774658,7.622457027435303,1.8819270133972168,0.3583489954471588,86.56666564941406,57.697715759277344,67.53020477294922,13.010381698608398,15.227530479431152,4.75,29.212791442871094,0.0338541679084301,0.0396233834326267,0.0,0.0,11.765625,13.770649909973145
Slovenia,2011,SVN,2048805.0,53761447942.0,16.364208221435547,6.326528072357178,7.654100894927978,1.7506059408187866,0.3058269917964935,84.03897857666016,56.359169006347656,67.85247039794922,10.601130485534668,12.763014793395996,3.880000114440918,24.37186050415039,0.1709844470024109,0.2058532387018203,0.0,0.0,9.22797966003418,11.109837532043455
Slovenia,2012,SVN,2053322.0,52342432631.0,15.765101432800291,5.992191791534424,7.458765029907227,1.6840059757232666,0.3158200085163116,81.65901947021484,54.52996063232422,67.59228515625,11.897446632385254,14.747407913208008,4.329999923706055,27.845659255981445,0.4201030731201172,0.5207362174987793,0.0,0.0,10.048968315124512,12.456137657165527
Slovenia,2013,SVN,2056452.0,51803647300.0,15.136784553527832,5.740609169006348,7.085389137268066,1.646237015724182,0.391086995601654,80.77859497070312,52.1878547668457,65.5287857055664,13.898268699645996,17.45112419128418,5.110000133514404,32.341773986816406,0.549872100353241,0.6904374957084656,0.010230179876089,0.0128453504294157,11.838874816894531,14.865281105041504
Slovenia,2014,SVN,2058395.0,53237651266.0,13.568340301513672,4.505374908447266,6.924025058746338,1.490754008293152,0.4182800054550171,82.86103057861328,47.77526092529297,58.65804672241211,17.463157653808594,21.441112518310547,6.599999904632568,38.48396682739258,0.6539440155029297,0.8029067516326904,0.0101781170815229,0.0124966036528348,15.501272201538086,19.03232765197754
Slovenia,2015,SVN,2059946.0,54414237086.0,13.658673286437988,4.61533784866333,6.844490051269531,1.5866949558258057,0.3672080039978027,74.71550750732422,47.92472839355469,64.990234375,11.517964363098145,15.61939525604248,4.349999904632568,29.391891479492188,0.6936708688735962,0.9406800866127014,0.0151898730546236,0.0205988325178623,9.640506744384766,13.073393821716309
Slovenia,2016,SVN,2061379.0,56151179265.0,14.468011856079102,4.963893890380859,7.215713977813721,1.6887229681015017,0.3437199890613556,79.85813903808594,51.2789421081543,65.13119506835938,13.09352684020996,16.630552291870117,5.059999942779541,31.176834106445312,0.6708542704582214,0.8520757555961609,0.0151166794821619,0.0192002300173044,11.314069747924805,14.370400428771973
Slovenia,2017,SVN,2062410.0,58855036945.0,14.637192726135254,4.906707763671875,7.283958911895752,1.7685829401016235,0.4102340042591095,80.7209243774414,52.38447189331055,65.733154296875,11.594965934753418,14.54961109161377,4.440000057220459,27.66355323791504,0.7096675038337708,0.8905059099197388,0.0142900003120303,0.0179313980042934,9.670862197875977,12.135204315185549
Slovenia,2018,SVN,2069484.0,61476689663.0,14.56335163116455,4.7920918464660645,7.331470966339111,1.731827974319458,0.450078010559082,82.39095306396484,52.876686096191406,65.04605102539062,14.045214653015137,17.277667999267578,5.21999979019165,32.38212966918945,0.6342313885688782,0.7801973223686218,0.0149776116013526,0.0184246525168418,11.702288627624512,14.395525932312012
Slovenia,2019,SVN,2083438.0,63598215879.0,14.053007125854492,4.530239105224609,7.033608913421631,1.76111900806427,0.477618008852005,80.00228881835938,50.73822021484375,64.30716705322266,13.752521514892578,17.43036460876465,5.039999961853027,31.718061447143555,0.7500965595245361,0.9506952166557312,0.0152227710932493,0.0192938037216663,11.087611198425291,14.052775382995604
Slovenia,2020,SVN,2102421.0,60849951865.0,12.872990608215332,4.391146183013916,5.996012210845947,1.7625880241394043,0.4748809933662414,77.29536437988281,45.3774299621582,59.61441040039063,15.054950714111328,19.778379440307617,5.579999923706055,33.03730010986328,0.9091259241104126,1.194360375404358,0.0154345678165555,0.0202770996838808,12.18286418914795,16.00518798828125
Slovenia,2021,SVN,2113495.0,65846342756.0,13.076157569885254,3.99039888381958,6.514588832855225,1.8574039936065676,0.4688549935817718,76.58191680908203,46.636268615722656,61.77369689941406,14.805013656616213,19.610496520996094,5.440000057220459,34.894161224365234,1.116041898727417,1.4782922267913818,0.0137758627533912,0.0182473007589578,11.607170104980469,15.374682426452637
Slovenia,2022,SVN,2115231.0,69385349463.0,12.727840423583984,3.242197036743164,7.116799831390381,1.669693946838379,0.490339994430542,70.60175323486328,44.88874053955078,64.34564971923828,11.100400924682615,15.911842346191406,4.070000171661377,30.464073181152344,1.5862089395523071,2.273747205734253,0.0140810813754796,0.0201844908297061,7.735889434814453,11.088991165161133
South Africa,2000,ZAF,47159715.0,356072104365.0,378.33251953125,337.9087219238281,33.30209732055664,3.19867205619812,3.671550035476685,1185.3831787109375,1143.65966796875,96.5623016357422,4.576353549957275,0.3863939940929413,1.5800000429153442,0.7500237226486206,0.0258333329111337,0.002181178657338,0.0,0.0,3.058332681655884,0.2582233548164367
South Africa,2001,ZAF,47566805.0,374889022813.0,371.60198974609375,337.6705627441406,25.886159896850582,4.154975891113281,3.636311054229736,1191.536376953125,1154.8802490234375,97.00010681152344,6.106165409088135,0.5128658413887024,2.140000104904175,1.018611192703247,0.0298342555761337,0.002505823271349,0.0,0.0,4.754143714904785,0.3993075489997864
South Africa,2002,ZAF,48019414.0,396137571619.0,356.50115966796875,325.50640869140625,22.4490966796875,4.121957778930664,4.2053751945495605,1161.125,1119.4598388671875,96.50640869140624,7.673080921173096,0.6614810824394226,2.559999942779541,1.160576581954956,0.0339726023375988,0.0029287105426192,0.0,0.0,5.709589004516602,0.4922123253345489
South Africa,2003,ZAF,48500351.0,413710071358.0,404.4060363769531,357.4415283203125,39.743408203125,2.469536066055298,4.458417892456055,1257.9580078125,1218.41455078125,96.92684173583984,4.126967430114746,0.3283068835735321,1.2699999809265137,0.5421789288520813,0.0378746576607227,0.0030129898805171,0.0163487736135721,0.0013005711371079,2.254528760910034,0.1793513745069503
South Africa,2004,ZAF,48991420.0,439265862379.0,449.3216247558594,384.1007690429688,54.23819351196289,6.364367961883545,4.335457801818848,1372.7725830078125,1331.1419677734375,97.0332260131836,4.479546546936035,0.3265353143215179,1.3600000143051147,0.5559870600700378,0.0420054197311401,0.0030619734898209,0.0325203277170658,0.0023705603089183,2.574360609054565,0.1876573115587234
South Africa,2005,ZAF,49490041.0,470188845104.0,416.2048645019531,376.7214965820313,27.831743240356445,6.313072204589844,5.067967891693115,1299.321533203125,1263.037841796875,97.27783203125,4.987503528594971,0.3841322362422943,1.7899999618530271,0.7308210730552673,0.0456989258527755,0.0035196829121559,0.0322580635547637,0.0024844817817211,3.58048415184021,0.2757650911808014
South Africa,2006,ZAF,49998271.0,505574497707.0,446.7443237304688,381.9903259277344,53.08036804199219,6.1262078285217285,5.332632064819336,1326.0606689453125,1288.9866943359375,97.28472900390624,9.168834686279297,0.6920068860054016,3.3399999141693115,1.315945029258728,0.0497326180338859,0.003753509838134,0.0320855602622032,0.0024216193705797,7.747645854949951,0.5847443342208862
South Africa,2007,ZAF,50528575.0,542976204451.0,465.0337219238281,392.1585083007813,59.3343505859375,7.892193794250488,5.490829944610596,1362.1934814453125,1321.1336669921875,97.06591033935548,9.836562156677246,0.7227087020874023,3.3299999237060547,1.2638051509857178,0.0534574463963508,0.0039276084862649,0.0319148935377597,0.0023448409046977,7.6213297843933105,0.559951901435852
South Africa,2008,ZAF,51114595.0,571660802378.0,494.6725463867188,418.27490234375,62.76432037353516,8.119423866271973,5.342752933502197,1459.6966552734375,1418.9344482421875,97.2746810913086,5.442527770996094,0.3731110692024231,1.7599999904632568,0.6814045906066895,0.0572559349238872,0.0039251656271517,0.0554089695215225,0.0037985474336892,3.323535203933716,0.227844089269638
South Africa,2009,ZAF,51728518.0,574768021657.0,474.5122680664063,390.6636352539063,71.07006072998047,7.038489818572998,5.570679187774658,1453.214111328125,1412.9556884765625,97.29598236083984,5.656882286071777,0.3895322978496551,1.950000047683716,0.7813752293586731,0.0611548535525798,0.0042111165821552,0.0787401497364044,0.0054220384918153,3.810025691986084,0.2623579800128937
South Africa,2010,ZAF,52344047.0,607601612432.0,467.3525085449219,406.923828125,46.323951721191406,8.866880416870117,5.045101165771484,1463.9886474609375,1423.1934814453125,97.28218841552734,4.533782005310059,0.309906005859375,1.590000033378601,0.6125043630599976,0.0718749985098838,0.0049130050465464,0.0885416716337204,0.0060522533021867,2.976301431655884,0.2034446597099304
South Africa,2011,ZAF,52995212.0,645388107070.0,474.2727661132813,400.4537963867188,60.24668502807617,8.800860404968262,4.638359069824219,1446.2139892578125,1401.5009765625,96.99488067626952,9.996761322021484,0.6918544173240662,3.5299999713897705,1.3448642492294312,0.2080310881137848,0.0143973855301737,0.0958549231290817,0.0066339136101305,7.937368392944336,0.5493282675743103
South Africa,2012,ZAF,53782570.0,660853021773.0,461.4383850097656,398.0093383789063,49.4676628112793,9.255264282226562,4.632736206054688,1424.103759765625,1384.67822265625,97.29403686523438,5.089807033538818,0.357633888721466,1.5099999904632568,0.5855664014816284,0.22164948284626,0.0155741395428776,0.0953608229756355,0.0067005017772316,2.6250252723693848,0.1844466775655746
South Africa,2013,ZAF,54678789.0,677278303675.0,456.18798828125,392.34478759765625,49.51529693603516,9.383503913879396,4.893274784088135,1430.568603515625,1387.7362060546875,97.0791473388672,5.6765618324279785,0.3971041440963745,1.6699999570846558,0.6524711847305298,0.6214833855628967,0.0434758961200714,0.0946291536092758,0.0066197868436574,2.8233141899108887,0.1975050717592239
South Africa,2014,ZAF,55594840.0,686853872664.0,481.6378479003906,413.1960754394531,54.53905487060547,8.940227508544922,4.910520076751709,1448.0450439453125,1399.7930908203125,96.76350402832033,11.720293998718262,0.8101888298988342,4.309999942779541,1.6917219161987305,2.735269546508789,0.189080998301506,2.712468147277832,0.1875047981739044,4.567582607269287,0.3157432973384857
South Africa,2015,ZAF,56723536.0,695933197143.0,457.4732360839844,387.49420166015625,54.68842697143555,9.82676887512207,5.419228076934815,1415.4158935546875,1364.4742431640625,96.51828002929688,18.241191864013672,1.2903200387954712,6.519999980926514,2.607478380203247,6.959493637084961,0.4922909736633301,7.774683475494385,0.5499547719955444,1.848101258277893,0.1307284086942672
South Africa,2016,ZAF,57259550.0,700558003750.0,457.04974365234375,384.4891662597656,59.01238250732422,7.815311908721924,5.691390037536621,1480.0606689453125,1418.19873046875,95.96306610107422,21.90639877319336,1.4823064804077148,8.170000076293945,3.2316761016845703,8.226130485534668,0.5566248893737793,10.575377464294434,0.7155877351760864,1.56783926486969,0.1060885637998581
South Africa,2017,ZAF,57635158.0,708670169977.0,440.0102844238281,369.90277099609375,57.25732803344727,7.338992118835449,5.481458187103272,1475.1417236328125,1405.1236572265625,95.43010711669922,31.80516815185547,2.160073518753052,12.130000114440918,4.754252433776856,10.59749984741211,0.7197377681732178,17.55499839782715,1.192261815071106,1.940000057220459,0.1317566633224487
South Africa,2018,ZAF,58613001.0,719458334697.0,453.7659912109375,384.2217102050781,54.27483367919922,9.74623966217041,5.466087818145752,1409.859375,1346.2918701171875,95.66316986083984,32.227317810058594,2.2899694442749023,12.479999542236328,4.869293689727783,11.375621795654297,0.808315098285675,15.945272445678713,1.1330196857452393,2.743781089782715,0.1949642598628997
South Africa,2019,ZAF,59587880.0,721641639539.0,470.7274169921875,405.2237548828125,50.16748809814453,9.841504096984863,5.452967166900635,1471.708251953125,1403.2806396484375,95.5270538330078,32.905067443847656,2.2399826049804688,13.199999809265137,5.215948104858398,12.136137962341309,0.8261565566062927,16.41584014892578,1.1174933910369873,1.8341583013534544,0.1248586550354957
South Africa,2020,ZAF,60562374.0,675871755463.0,435.2976684570313,374.0032958984375,46.60568618774414,9.562958717346191,5.070967197418213,1399.5968017578125,1336.4056396484375,95.66731262207033,36.072784423828125,2.582289695739746,15.270000457763672,6.342942714691162,14.074073791503906,1.0075000524520874,15.829628944396973,1.1331723928451538,3.617284059524536,0.2589451968669891
South Africa,2021,ZAF,61502602.0,709077881289.0,439.4643859863281,366.5282287597656,59.910064697265625,7.104496002197266,5.869174957275391,1405.6502685546875,1326.3787841796875,94.58261108398438,45.539676666259766,3.247384548187256,18.920000076293945,7.707976818084717,16.711822509765625,1.1917017698287964,21.310346603393555,1.5196174383163452,4.970443248748779,0.354436844587326
South Africa,2022,ZAF,62378417.0,723559323969.0,428.78216552734375,357.01971435546875,59.15894317626953,6.931352138519287,5.634407997131348,1346.169189453125,1269.0343017578125,94.5037612915039,48.989933013916016,3.64823317527771,23.6200008392334,9.875821113586426,15.23341464996338,1.1344177722930908,23.83292388916016,1.7748149633407593,7.6167073249816895,0.5672088861465454
South Korea,2000,KOR,46766660.0,1086261690312.0,439.9806823730469,163.8831329345703,206.2290496826172,40.2040901184082,24.755889892578125,2260.79833984375,1939.438720703125,86.0610580444336,11.445547103881836,0.507887065410614,4.119999885559082,1.4184885025024414,0.0146777778863906,0.0006513147964142,0.0463472194969654,0.0020566212479025,11.137646675109863,0.4942242503166199
South Korea,2001,KOR,47043467.0,1127616204375.0,455.6306457519531,174.6256103515625,206.0826873779297,44.16302490234375,25.66529083251953,2315.476806640625,1992.182861328125,86.29002380371094,6.763157367706299,0.2929415106773376,2.440000057220459,0.787401556968689,0.0170828737318515,0.0007399329333566,0.0347790084779262,0.0015064288163557,6.436295509338379,0.2787837088108063
South Korea,2002,KOR,47299118.0,1203066586464.0,476.06488037109375,187.6365203857422,207.1155242919922,49.06901550292969,27.10706901550293,2420.716064453125,2077.04931640625,86.0833511352539,9.47636890411377,0.3927483260631561,3.430000066757202,1.0331014394760132,0.0192986298352479,0.0007998321671038,0.0407698601484298,0.0016897078603506,8.856925010681152,0.3670754730701446
South Korea,2003,KOR,47514158.0,1229830453921.0,485.2127990722656,195.31907653808597,205.3724670410156,51.4006233215332,27.92040061950684,2497.259033203125,2121.525634765625,85.2414321899414,13.988572120666504,0.5620511770248413,5.110000133514404,1.4693620204925537,0.0211226139217615,0.0008486920269206,0.0677520409226417,0.0027222300413995,13.3121976852417,0.5348749160766602
South Korea,2004,KOR,47697076.0,1281243847324.0,491.3894348144531,203.1379852294922,196.25575256347656,60.23405456542969,26.12359046936035,2564.5830078125,2189.604736328125,85.64521026611328,12.753680229187012,0.4988533854484558,4.659999847412109,1.2662354707717896,0.0267533883452415,0.0010464444058015,0.1285691112279892,0.0050289118662476,11.683141708374023,0.4569798111915588
South Korea,2005,KOR,47851646.0,1322354601142.0,498.6882934570313,209.29347229003903,195.0693817138672,65.26957702636719,23.32588005065918,2642.63720703125,2227.56884765625,84.59516906738281,11.074247360229492,0.4205606877803802,4.070000171661377,1.045009970664978,0.0387069880962371,0.0014699543826282,0.3491612672805786,0.0132599081844091,9.87446117401123,0.374997079372406
South Korea,2006,KOR,48006518.0,1381281470156.0,503.4781799316406,216.42825317382807,190.0542449951172,67.99504089355469,23.13968086242676,2686.0419921875,2267.9873046875,84.72252655029297,11.247359275817873,0.420154333114624,3.9800000190734863,0.9876176118850708,0.0829465165734291,0.0030985353514552,0.6387994289398193,0.0238628778606653,9.271491050720217,0.3463441729545593
South Korea,2007,KOR,48178122.0,1446721509093.0,521.708740234375,228.4271545410156,187.2581329345703,73.3701171875,26.27511978149414,2765.685302734375,2363.98046875,85.73582458496094,13.151809692382812,0.4769841730594635,4.460000038146973,1.0484004020690918,0.189571812748909,0.0068753091618418,0.999045193195343,0.036232940852642,9.658641815185549,0.3502954840660095
South Korea,2008,KOR,48356485.0,1477425172333.0,532.6507568359375,253.04124450683597,171.08831787109375,75.92432403564453,26.079809188842773,2816.135986328125,2394.280029296875,85.30628967285156,14.100586891174316,0.5023927092552185,4.440000057220459,1.0031404495239258,0.7501714825630188,0.0267280116677284,1.1504853963851929,0.0409908778965473,8.100558280944824,0.2886164486408233
South Korea,2009,KOR,48546690.0,1477640571750.0,537.81982421875,262.39453125,172.70826721191406,72.17118072509766,24.553390502929688,2832.923828125,2420.80859375,85.72126007080078,15.3885498046875,0.54491126537323,4.610000133514404,1.0188971757888794,1.4860656261444092,0.052621841430664,1.7988266944885254,0.063696764409542,7.383651256561279,0.2614563703536987
South Korea,2010,KOR,48769329.0,1562822824921.0,594.339111328125,295.0503234863281,176.15643310546875,91.5412368774414,24.29734992980957,3056.2275390625,2640.33349609375,86.66808319091797,19.187456130981445,0.6298218965530396,5.690000057220459,1.1494252681732178,2.014127016067505,0.0661130547523498,2.127483367919922,0.0698339417576789,9.588460922241213,0.3147380650043487
South Korea,2011,KOR,49127640.0,1609219825000.0,623.4428100585938,320.1690979003906,171.4686737060547,98.51294708251952,24.720600128173828,3208.351318359375,2773.870361328125,86.72503662109375,23.75813865661621,0.7427980303764343,7.400000095367432,1.4281303882598877,2.390557050704956,0.074740745127201,2.235464334487915,0.0698917731642723,11.911054611206056,0.3723990321159363
South Korea,2012,KOR,49599580.0,1647889319531.0,627.9430541992188,316.9898681640625,170.81724548339844,106.56631469726562,24.84860038757324,3242.84375,2819.798828125,87.2026138305664,26.377094268798828,0.8157147169113159,8.170000076293945,1.537998080253601,2.904888153076172,0.0898340120911598,2.352508068084717,0.0727515891194343,10.229479789733888,0.3163478672504425
South Korea,2013,KOR,50071168.0,1700045113031.0,634.5806884765625,320.64361572265625,168.58221435546875,111.5308609008789,25.05014038085937,3242.373779296875,2845.7236328125,88.02234649658203,32.28591537475586,0.9986501336097716,10.229999542236328,1.9044605493545528,4.265067100524902,0.1319247037172317,2.9366018772125244,0.0908333510160446,10.969993591308594,0.3393177986145019
South Korea,2014,KOR,50539055.0,1754480590300.0,629.366455078125,331.3038635253906,161.5335235595703,101.4453125,25.411989212036133,3269.3701171875,2820.215576171875,86.52979278564453,41.0457878112793,1.2593660354614258,12.890000343322754,2.3853585720062256,6.855853080749512,0.2103511393070221,2.915014743804932,0.0894384160637855,7.001065731048584,0.2148065418004989
South Korea,2015,KOR,50983909.0,1803763858886.0,634.1773071289062,335.4112854003906,170.59397888183594,92.58892059326172,25.778709411621094,3320.508544921875,2844.945556640625,85.94723510742188,48.0416374206543,1.451361894607544,15.199999809265137,2.774735450744629,10.70872402191162,0.323515921831131,3.398712396621704,0.1026768013834953,5.4322004318237305,0.1641094982624054
South Korea,2016,KOR,51297836.0,1856920794289.0,637.9140625,320.6973571777344,184.03414916992188,96.65548706054688,26.67176055908203,3438.94189453125,2964.030029296875,86.47476196289062,56.57152938842773,1.650458812713623,18.1299991607666,3.231844186782837,13.859663963317873,0.4043518900871277,4.229180335998535,0.1233851760625839,7.151445388793945,0.2086414545774459
South Korea,2017,KOR,51486268.0,1915599559593.0,654.5372924804688,337.66876220703125,179.4133758544922,100.8605728149414,26.3505802154541,3479.51708984375,3029.38671875,87.33140563964844,68.38638305664062,1.9714481830596924,22.32999992370605,3.873978853225708,19.347972869873047,0.5577649474143982,5.422780990600586,0.1563283652067184,7.022051334381104,0.2024322599172592
South Korea,2018,KOR,51640894.0,1971285914824.0,670.168701171875,340.3475952148437,177.6329345703125,117.17266845703124,24.70206069946289,3562.572021484375,3135.622314453125,88.26760864257812,84.6794204711914,2.383721351623535,27.799999237060547,4.688738822937012,25.292333602905277,0.7119778990745544,6.131776332855225,0.1726091802120208,8.35676097869873,0.2352423816919326
South Korea,2019,KOR,51767844.0,2015521635585.0,646.1022338867188,321.6060791015625,175.79734802246094,113.58643341064452,24.92989921569824,3515.9345703125,3044.450927734375,86.8858642578125,98.35242462158205,2.8068885803222656,33.0099983215332,5.625425815582275,35.13096618652344,1.0026057958602903,6.631800651550293,0.1892655491828918,6.902670383453369,0.1969959288835525
South Korea,2020,KOR,51858481.0,2001231642062.0,597.63427734375,282.8834228515625,165.06787109375,116.63453674316406,22.865591049194336,3389.709228515625,2863.89404296875,84.81975555419922,117.0376205444336,3.4662952423095703,40.400001525878906,7.000399112701416,47.7480583190918,1.414150953292847,7.777650356292725,0.2303501367568969,9.573407173156738,0.2835349440574646
South Korea,2021,KOR,51848401.0,2084182684453.0,616.0750122070312,283.9083557128906,171.48422241210938,126.78973388671876,23.70406723022461,3573.318115234375,3032.615478515625,85.18961334228516,138.02615356445312,3.8773114681243896,48.09999847412109,7.914308071136475,60.88084411621094,1.7102121114730835,7.832554817199707,0.220025360584259,7.523404121398926,0.2113409638404846
South Korea,2022,KOR,51782515.0,2137558645699.0,606.8772583007812,272.88397216796875,173.66395568847656,126.73178100585938,23.408958435058597,3619.569580078125,3016.08837890625,83.66788482666016,156.18032836914062,4.332525253295898,55.4900016784668,8.91276741027832,75.49449157714844,2.094257354736328,8.278765678405762,0.2296573519706726,8.700685501098633,0.2413616329431533
Spain,2000,ESP,41019772.0,1094998702299.0,309.259521484375,87.404296875,163.44943237304688,37.15288162231445,14.72762393951416,1525.34814453125,1242.6026611328125,81.9992904663086,99.98506927490234,6.598010063171387,34.4900016784668,15.611987113952637,0.0499999970197677,0.0032994975335896,13.130556106567385,0.8664848208427429,82.13888549804688,5.420341491699219
Spain,2001,ESP,41245602.0,1147959133197.0,311.0312805175781,80.27587127685547,169.3810577392578,39.96953201293945,15.014369010925291,1587.078125,1261.8175048828125,80.11666107177734,137.168701171875,8.709261894226074,49.29999923706055,21.152442932128903,0.0662983432412147,0.0042094849050045,18.6712703704834,1.185496211051941,113.33425903320312,7.195939540863037
Spain,2002,ESP,41755703.0,1191323484900.0,331.0281982421875,89.97652435302734,173.90248107910156,45.02739334106445,15.53016757965088,1614.6258544921875,1335.6141357421875,83.22551727294922,96.55248260498048,6.0164313316345215,33.16999816894531,13.826017379760742,0.0821917802095413,0.0051215793937444,25.594520568847656,1.5948598384857178,62.79451751708984,3.912886619567871
Spain,2003,ESP,42506540.0,1239651963472.0,335.5389099121094,83.43344116210938,178.23672485351562,51.27864074707031,16.037506103515625,1694.781005859375,1358.2225341796875,80.76741790771484,154.82737731933594,9.206891059875488,55.75,21.667314529418945,0.1117166206240654,0.006643287371844,32.90190505981445,1.9565290212631223,111.86376190185548,6.652037143707275
Spain,2004,ESP,43234562.0,1289831715789.0,352.1392822265625,86.47185516357422,183.5877685546875,58.72711563110352,16.292142868041992,1744.4593505859375,1421.2620849609375,82.03133392333984,138.94825744628906,8.0197114944458,50.130001068115234,18.122989654541016,0.1517615318298339,0.0087592583149671,42.54742813110352,2.4557204246521,85.84281921386719,4.954611301422119
Spain,2005,ESP,43958883.0,1348839731490.0,367.4470825195313,86.8733901977539,187.7420654296875,68.89315032958984,16.79177474975586,1770.329833984375,1491.8319091796875,84.7691879272461,113.36858367919922,6.4418535232543945,42.27000045776367,14.603055000305176,0.1102150529623031,0.006262662820518,56.92473220825195,3.234589099884033,48.04301071166992,2.729910135269165
Spain,2006,ESP,44695446.0,1415738502534.0,358.8694763183594,77.17061614990234,183.43458557128903,73.99751281738281,16.744749069213867,1783.066650390625,1469.74560546875,82.98896789550781,140.5029754638672,7.933479309082031,52.150001525878906,17.642681121826172,0.3181818127632141,0.0179660879075527,62.29144287109375,3.5172770023345947,69.22459411621094,3.908756494522095
Spain,2007,ESP,45516501.0,1481143208580.0,366.468505859375,83.69573211669922,182.9305877685547,75.61552429199219,16.823909759521484,1828.4080810546875,1508.342041015625,83.06056213378906,161.06190490722656,8.869269371032715,58.29999923706055,19.313589096069336,1.3510639667510986,0.0743996649980545,73.31915283203125,4.03749942779541,72.42819213867188,3.988436698913574
Spain,2008,ESP,46235055.0,1510615290401.0,335.2844543457031,58.72631072998047,173.2000732421875,82.51792907714844,14.389497756958008,1774.5941162109375,1429.632568359375,81.19107055664062,175.5907745361328,9.972074508666992,62.150001525878906,20.06197738647461,6.80211067199707,0.386302500963211,86.92875671386719,4.936820030212402,62.08970642089844,3.5261716842651367
Spain,2009,ESP,46635182.0,1468765814163.0,296.1593322753906,44.66846084594727,161.08984375,73.67984008789062,11.40195083618164,1652.0989990234375,1287.259521484375,78.62841033935547,211.40240478515625,12.912885665893556,74.08000183105469,25.481563568115234,15.923712730407717,0.972652554512024,99.44068145751952,6.074037551879883,69.1666030883789,4.2248358726501465
Spain,2010,ESP,46840469.0,1480376411582.0,282.5850830078125,35.99689865112305,156.33143615722656,73.62255859375,11.197402954101562,1692.3475341796875,1236.278076171875,73.91641235351562,275.80572509765625,16.490276336669922,97.7699966430664,32.83076095581055,18.396949768066406,1.0999438762664795,113.7535400390625,6.801263809204102,109.46796417236328,6.545031547546387
Spain,2011,ESP,46998040.0,1477187548437.0,283.2750244140625,53.685245513916016,146.01177978515625,68.02440643310547,9.52268886566162,1661.355712890625,1242.4866943359375,75.57411193847656,252.0150146484375,15.328784942626951,87.52999877929688,30.02332305908203,22.485843658447266,1.3676989078521729,109.93004608154295,6.686482906341553,79.26425170898438,4.821239471435547
Spain,2012,ESP,47018323.0,1433478645419.0,277.4321594238281,62.625732421875,134.67233276367188,65.07749938964844,8.754203796386719,1647.5111083984375,1212.4351806640625,74.36555480957031,259.5089416503906,15.91716194152832,86.97000122070312,29.5866641998291,30.8399715423584,1.891591191291809,127.5051498413086,7.820617198944092,52.95103073120117,3.247788429260254
Spain,2013,ESP,46860394.0,1413362053623.0,252.10916137695312,48.724266052246094,129.97630310058594,59.05503082275391,7.642355918884277,1578.5306396484375,1111.6864013671875,71.39185333251953,300.38214111328125,19.29036521911621,111.41000366210938,39.58289337158203,33.53168487548828,2.153385162353516,142.62692260742188,9.159417152404783,94.06623840332033,6.040878772735596
Spain,2014,ESP,46720187.0,1433089409797.0,253.6578369140625,53.62092208862305,129.90524291992188,54.2513542175293,8.896821022033691,1554.2188720703125,1089.4420166015625,71.04557037353516,298.1849060058594,19.44547271728516,110.26000213623048,40.176361083984375,34.79141616821289,2.268845796585083,132.34860229492188,8.630823135375977,99.66666412353516,6.499542713165283
Spain,2015,ESP,46683683.0,1488098863146.0,270.2480163574219,61.24588394165039,136.36508178710938,56.60296630859375,9.216018676757812,1573.1444091796875,1145.938720703125,73.69312286376953,263.9998474121094,16.977323532104492,97.08000183105467,35.02543640136719,35.08463287353516,2.256225347518921,124.8734130859375,8.030369758605957,71.2405014038086,4.5813398361206055
Spain,2016,ESP,46732768.0,1533303930046.0,259.5546875,45.47758865356445,140.3050079345703,57.65281677246094,9.41364860534668,1582.9134521484375,1132.5068359375,72.45917510986328,283.1678161621094,18.11742401123047,104.62999725341795,38.651641845703125,34.275630950927734,2.1929969787597656,122.89949798583984,7.863260746002197,91.42102813720705,5.849229335784912
Spain,2017,ESP,46868594.0,1578931492849.0,273.4838562011719,53.49916076660156,141.12278747558594,62.51156234741211,9.448700904846191,1602.0426025390625,1197.184326171875,75.51683807373047,242.8567352294922,15.319087028503418,87.93000030517578,32.2821044921875,35.80167770385742,2.258323431015014,122.81749725341795,7.747168064117432,45.80500030517578,2.889319896697998
Spain,2018,ESP,47092817.0,1615001473949.0,268.5205993652344,47.904415130615234,142.105712890625,61.82471466064453,9.66744613647461,1628.6715087890625,1182.6397705078125,73.46038055419922,288.5403137207031,17.922855377197266,103.87000274658205,38.27192687988281,31.701492309570312,1.969157338142395,126.60696411132812,7.864267826080322,85.407958984375,5.305166721343994
Spain,2019,ESP,47435121.0,1647042667976.0,250.67364501953125,23.5279541015625,140.04368591308594,71.15988159179688,9.064167976379396,1583.87109375,1154.3358154296875,73.72380065917969,267.1710205078125,17.063373565673828,100.98999786376952,37.33180618286133,37.39674758911133,2.3884127140045166,131.40858459472656,8.392653465270996,55.65860366821289,3.554740190505981
Spain,2020,ESP,47679482.0,1460507935923.0,211.7647399902344,14.229510307312012,118.7804718017578,64.2305679321289,8.191763877868652,1422.9599609375,951.1181030273438,67.80819702148438,307.5921325683594,21.929208755493164,113.79000091552734,43.85478210449219,51.02997589111328,3.638087272644043,139.36709594726562,9.935917854309082,75.32524871826172,5.370173454284668
Spain,2021,ESP,47735670.0,1541121952313.0,228.8057098388672,16.010509490966797,129.71409606933594,68.10273742675781,8.471587181091309,1531.8994140625,1034.75,68.50476837158203,336.4085693359375,22.27165031433105,125.75,46.44506072998047,66.74384307861328,4.418720722198486,152.859619140625,10.11994457244873,72.97044372558594,4.8309478759765625
Spain,2022,ESP,47828386.0,1625139888517.0,234.2234649658203,17.703386306762695,135.02871704101562,67.26174926757812,7.714821815490723,1592.16552734375,1099.5897216796875,69.96370697021484,328.1119079589844,20.876808166503903,122.91000366210938,42.80341339111328,87.77149963378906,5.584645748138428,154.26043701171875,9.815143585205078,43.21867370605469,2.7498788833618164
Sri Lanka,2000,LKA,19293056.0,114541758869.0,9.99037265777588,0.0036649999674409,9.727750778198242,,0.2589559853076935,53.5466194152832,44.06048202514648,83.1773910522461,8.911221504211426,16.82260513305664,3.2100000381469727,47.34513092041016,0.0011999999405816,0.0022653602063655,0.0094444444403052,0.0178292244672775,8.9005765914917,16.80251121520996
Sri Lanka,2001,LKA,19600361.0,111509565283.0,10.157687187194824,0.0036639999598264,9.878144264221191,,0.2758789956569671,52.032958984375,42.8604621887207,83.24771118164062,8.624991416931152,16.752288818359375,3.119999885559082,46.776611328125,0.0024947402998805,0.0048455246724188,0.0096685085445642,0.0187791064381599,8.612828254699707,16.72866439819336
Sri Lanka,2002,LKA,19805750.0,114770992462.0,10.786742210388184,0.0036639999598264,10.537664413452148,,0.2454140037298202,53.50914001464844,45.61217880249024,86.0208511352539,7.412379741668701,13.979145050048828,2.700000047683716,38.90489959716797,0.0041126357391476,0.0077560963109135,0.0098787574097514,0.0186305325478315,7.398388385772705,13.9527587890625
Sri Lanka,2003,LKA,19951521.0,121043287225.0,10.761432647705078,0.2308319956064224,10.259200096130373,,0.2714009881019592,55.06167984008789,45.420066833496094,83.37201690673828,9.058722496032717,16.627981185913086,3.319999933242798,43.512451171875,0.0065503865480422,0.0120237367227673,0.0092799626290798,0.0170340836048126,9.042892456054688,16.598922729492188
Sri Lanka,2004,LKA,20087608.0,127113013921.0,11.908245086669922,0.2308319956064224,11.362064361572266,,0.3153490126132965,53.50688171386719,44.9322395324707,84.78386688232422,8.063973426818848,15.216132164001465,2.970000028610229,36.71199035644531,0.0095909805968403,0.0180974844843149,0.0073326467536389,0.013836171478033,8.046674728393555,15.183490753173828
Sri Lanka,2005,LKA,20216531.0,134388316813.0,11.66974925994873,0.2308319956064224,11.11291217803955,,0.3260050117969513,61.786399841308594,51.85294342041016,84.7564468383789,9.325815200805664,15.243550300598145,3.470000028610229,39.342403411865234,0.0124068176373839,0.0202796161174774,0.0064670606516301,0.0105707617476582,9.299816131591797,15.201053619384766
Sri Lanka,2006,LKA,20352416.0,144414690368.0,11.502949714660645,0.2271679937839508,10.940704345703123,,0.3350780010223388,66.33404541015625,53.09418869018555,81.01559448242188,12.44157600402832,18.98440742492676,4.650000095367432,49.25847625732422,0.0144031550735235,0.021977549418807,0.0061650974676012,0.0094072259962558,12.415445327758787,18.94453430175781
Sri Lanka,2007,LKA,20492546.0,153829219297.0,11.843646049499512,0.1612640023231506,11.339814186096191,,0.3425680100917816,67.4401626586914,56.225830078125,84.2033920288086,10.54800033569336,15.796607971191406,3.9700000286102295,40.18218612670898,0.015894841402769,0.0238039977848529,0.0061323046684265,0.0091836946085095,10.52253532409668,15.758472442626951
Sri Lanka,2008,LKA,20629377.0,162474916511.0,11.6482515335083,0.2198400050401687,11.079936027526855,,0.3484759926795959,63.5758056640625,51.899147033691406,82.55814361572266,10.96460247039795,17.441852569580078,4.159999847412109,41.93548202514648,0.01682092808187,0.0267577543854713,0.0085534201934933,0.0136062838137149,10.921353340148926,17.37305450439453
Sri Lanka,2009,LKA,20756438.0,167647716585.0,12.572464942932127,0.2234410047531128,11.996222496032717,,0.3528009951114654,64.4598388671875,53.49089813232422,83.83798217773438,10.31180191040039,16.162015914916992,3.920000076293945,39.63599395751953,0.0178157575428485,0.0279232040047645,0.0091901505365967,0.0144040156155824,10.212889671325684,16.006986618041992
Sri Lanka,2010,LKA,20879092.0,180642805306.0,12.696773529052734,0.2271679937839508,12.160816192626951,,0.308789998292923,69.61589813232422,53.67766952514648,78.20649719238281,14.95814609527588,21.79349899291992,5.730000019073486,53.45149230957031,0.018738217651844,0.0273009315133094,0.138441264629364,0.2017041146755218,14.699373245239258,21.416475296020508
Sri Lanka,2011,LKA,21009054.0,195461606183.0,14.476176261901855,1.1324529647827148,13.006721496582031,,0.3370000123977661,75.57897186279297,62.55585479736328,83.64202117919922,12.234132766723633,16.357982635498047,4.760000228881836,41.21212387084961,0.0225755125284194,0.0301852077245712,0.2373586595058441,0.3173668980598449,11.875367164611816,15.878284454345703
Sri Lanka,2012,LKA,21169461.0,212333854625.0,15.389399528503418,1.919935941696167,13.102463722229004,,0.367000013589859,77.95245361328125,68.39737701416016,88.38976287841797,8.984185218811035,11.61023998260498,3.470000028610229,29.40678024291992,0.0257933493703603,0.0333326794207096,0.378370463848114,0.4889671802520752,8.510730743408203,10.998395919799805
Sri Lanka,2013,LKA,21358829.0,220937614421.0,14.143107414245604,2.01937198638916,11.760734558105469,,0.3630000054836273,79.2141342163086,59.56628036499024,76.35984802246094,18.441051483154297,23.640151977539062,7.210000038146973,60.18364334106445,0.0367854759097099,0.0471564345061779,0.5999533534049988,0.7690986394882202,17.721847534179688,22.718181610107425
Sri Lanka,2014,LKA,21547454.0,235029015924.0,17.07601547241211,3.8773250579833984,12.826690673828123,,0.3720000088214874,85.89106750488281,72.5840835571289,85.30477142333984,12.50387191772461,14.695231437683104,4.900000095367432,39.35742950439453,0.0714606046676635,0.0839843899011612,0.6932665109634399,0.8147645592689514,11.60979175567627,13.64445972442627
Sri Lanka,2015,LKA,21729975.0,244914328998.0,19.17897605895996,5.217535972595215,13.593440055847168,,0.3680000007152557,91.30020141601562,73.95812225341797,81.93135070800781,16.31028175354004,18.068649291992188,6.440000057220459,48.75094604492188,0.1233417615294456,0.1366389095783233,0.8688860535621643,0.9625583291053772,15.138960838317873,16.77105140686035
Sri Lanka,2016,LKA,21910763.0,257292293131.0,22.33918571472168,5.524433135986328,16.43775177001953,,0.3770000040531158,100.87174987792967,88.16869354248047,88.08012390136719,11.931859970092772,11.91987419128418,4.71999979019165,32.983924865722656,0.2084673345088958,0.2082579135894775,0.8665075302124023,0.8656370639801025,10.632010459899902,10.621330261230469
Sri Lanka,2017,LKA,22087525.0,273915973018.0,22.167978286743164,5.72225284576416,16.078725814819336,,0.367000013589859,106.73147583007812,94.2150421142578,88.89774322509766,11.76632595062256,11.102258682250977,4.619999885559082,31.02753448486328,0.5615249872207642,0.5298336744308472,0.9170249700546264,0.8652699589729309,10.07840061187744,9.509596824645996
Sri Lanka,2018,LKA,22253116.0,280243422762.0,20.136762619018555,5.529950141906738,14.240812301635742,,0.3659999966621399,112.36917114257812,93.41472625732422,83.97069549560547,17.832088470458984,16.029300689697266,7.050000190734863,43.870567321777344,0.7992786169052124,0.7184732556343079,0.8117164373397827,0.7296536564826965,15.948904991149902,14.336504936218262
Sri Lanka,2019,LKA,22410552.0,279626891521.0,21.10557556152344,5.902703762054443,14.83187198638916,,0.3709999918937683,113.03538513183594,97.73937225341795,87.1756820678711,14.378326416015623,12.82431411743164,5.630000114440918,33.77324676513672,1.238613843917847,1.1047441959381104,0.8618811368942261,0.7687288522720337,11.910643577575684,10.623339653015137
Sri Lanka,2020,LKA,22561808.0,269918239631.0,20.41240882873535,7.093503952026367,12.955904006958008,,0.3630000054836273,104.9807586669922,88.52179718017578,85.11036682128906,15.486442565917969,14.889630317687988,5.869999885559082,35.57575607299805,2.0227160453796387,1.9447652101516724,0.8646913766860962,0.8313681483268738,12.28715991973877,11.813641548156738
Sri Lanka,2021,LKA,22700377.0,278898406287.0,20.823087692260746,6.1848320960998535,14.267616271972656,,0.3706400096416473,108.84929656982422,84.89020538330078,78.99536895751953,22.572052001953125,21.0046329498291,8.649999618530273,49.40034103393555,2.6544337272644043,2.4701080322265625,1.609359622001648,1.497604489326477,17.799509048461914,16.56349754333496
Sri Lanka,2022,LKA,22834965.0,254748598293.0,18.37696075439453,5.8817949295043945,11.99670696258545,,0.4984590113162994,97.40702056884766,73.52254486083984,76.55103302001953,22.521289825439453,23.4489688873291,8.430000305175781,50.32836151123047,3.4927453994750977,3.6366159915924072,1.8145302534103396,1.8892730474472048,16.886873245239258,17.58246421813965
Sweden,2000,SWE,8872099.0,303452362920.0,54.892391204833984,10.103796005249023,40.4057502746582,2.0815060138702397,1.2877089977264404,651.7828979492188,242.3399200439453,38.228885650634766,232.3673553466797,36.65571975708008,83.13999938964844,57.24712753295898,0.0027777778450399,0.0004381917242426,1.2694443464279177,0.2002535909414291,218.28887939453125,34.43485641479492
Sweden,2001,SWE,8896018.0,308398096624.0,55.78230667114258,10.94405460357666,40.11573028564453,2.3996639251708984,1.3315869569778442,695.75634765625,246.55902099609372,36.394187927246094,231.7129821777344,34.20278549194336,83.31999969482422,51.55940246582031,0.0055248620919883,0.0008155161631293,1.3314917087554932,0.1965393871068954,218.4005584716797,32.237762451171875
Sweden,2002,SWE,8925045.0,317463771012.0,56.63379669189453,11.422110557556152,40.438575744628906,2.4441781044006348,1.2803269624710083,649.472412109375,249.53091430664065,39.41846466064453,196.8941192626953,31.103418350219727,71.1500015258789,48.50034332275391,0.0054794522002339,0.000865590525791,1.6657533645629885,0.2631395161151886,181.802734375,28.71942710876465
Sweden,2003,SWE,8958434.0,326402407102.0,57.22099304199219,11.544637680053713,41.1403694152832,2.268601894378662,1.206007957458496,609.2373046875,249.20977783203125,41.84830856323242,162.60556030273438,27.30537986755371,58.72999954223633,43.37838745117188,0.005449591204524,0.0009151172125712,1.8501362800598145,0.3106823265552521,145.88555908203125,24.49768829345703
Sweden,2004,SWE,8993805.0,341901244849.0,56.42752456665039,11.811063766479492,40.08760452270508,2.1976969242095947,1.284427046775818,664.5967407226562,248.31658935546875,38.24484634399414,190.47409057617188,29.33614730834961,68.18000030517578,44.9854850769043,0.0054200547747313,0.0008347777184098,2.303523063659668,0.3547804951667785,164.19512939453125,25.28875541687012
Sweden,2005,SWE,9029771.0,354496929423.0,53.787479400634766,10.94850730895996,38.5422248840332,1.869022011756897,1.3151049613952637,673.010009765625,237.6897125244141,36.2705078125,222.22999572753903,33.911415100097656,81.22000122070312,51.288204193115234,0.0053763440810143,0.0008204088080674,2.525110244750977,0.3853217959403991,194.6327667236328,29.70018768310547
Sweden,2006,SWE,9080628.0,372234670461.0,53.65084457397461,10.68126392364502,37.98708724975586,2.05560302734375,1.4422600269317627,630.1431274414062,240.17308044433597,39.04973983764648,195.7873992919922,31.83307456970215,71.05999755859375,49.59519577026367,0.0053475936874747,0.0008694652933627,2.6423473358154297,0.4296192526817322,164.74757385253906,26.78630828857422
Sweden,2007,SWE,9148280.0,387881844813.0,52.87879943847656,10.764769554138184,37.01377868652344,2.165036916732788,1.3394769430160522,641.107177734375,233.7111358642578,37.36492919921875,213.66177368164065,34.159507751464844,77.43000030517578,52.029293060302734,0.0079787233844399,0.0012756107607856,3.8077237606048575,0.608765721321106,175.98345947265625,28.13562774658203
Sweden,2008,SWE,9219903.0,388980516356.0,50.765438079833984,10.333575248718262,35.57883834838867,1.893435001373291,1.3960119485855105,638.5652465820312,229.1679229736328,36.84742736816406,224.1968994140625,36.04814910888672,81.41000366210938,54.30954360961914,0.01055409014225,0.0016969699645414,5.27855396270752,0.8487275838851929,182.79559326171875,29.391319274902344
Sweden,2009,SWE,9298738.0,373026350439.0,47.14330673217773,7.364699840545654,34.61548614501953,2.4868550300598145,1.26316499710083,579.81298828125,209.4886474609375,37.09537887573242,218.30453491210935,38.65645980834961,79.80999755859375,58.426055908203125,0.0183727033436298,0.0032533619087189,6.536511898040772,1.1574583053588867,172.01951599121094,30.46050071716309
Sweden,2010,SWE,9378234.0,399838964466.0,53.02858352661133,10.31109619140625,36.43318557739258,3.4342710971832275,1.32368004322052,621.7354125976562,228.8148498535156,37.79684829711914,226.2328186035156,37.37033462524414,82.08999633789062,55.29808044433594,0.0234374981373548,0.0038715300615876,9.07949924468994,1.499799728393555,174.9366455078125,28.896961212158203
Sweden,2011,SWE,9449263.0,397617949429.0,49.11376953125,9.46662712097168,34.027320861816406,2.720820903778076,1.3610260486602783,612.0157470703125,208.5306701660156,35.01607894897461,230.32571411132807,38.67585754394531,84.08999633789062,55.95554733276367,0.0336787551641464,0.0056552728638052,15.829582214355469,2.6580734252929688,173.7395477294922,29.17401695251465
Sweden,2012,SWE,9519477.0,395278763366.0,46.60691452026367,8.636576652526855,32.625518798828125,2.359247922897339,1.4790220260620115,645.2445068359375,196.3307037353516,31.322673797607425,265.4262084960937,42.34619903564453,98.30999755859376,59.06632614135742,0.048969067633152,0.007812543772161,18.466949462890625,2.9462242126464844,203.45181274414065,32.458778381347656
Sweden,2013,SWE,9600620.0,399973749048.0,45.10588455200195,8.735944747924805,31.245012283325195,2.3619699478149414,1.4021170139312744,603.5433959960938,192.66748046875,32.82370376586914,224.34364318847656,38.22019958496094,82.69000244140625,54.03516006469727,0.0895140692591667,0.0152500225231051,25.17192840576172,4.288403511047363,156.93389892578125,26.73596954345703
Sweden,2014,SWE,9696438.0,410604225974.0,43.38474655151367,8.28394889831543,30.29216194152832,2.057816982269287,1.3992589712142944,600.776611328125,187.13299560546875,32.03605270385742,231.91917419433597,39.70317840576172,85.75,55.84136581420898,0.1195928677916526,0.0204735845327377,28.585487365722656,4.893664836883545,162.24673461914062,27.775672912597656
Sweden,2015,SWE,9799483.0,429037422635.0,43.31014251708984,8.01562786102295,30.38038825988769,1.9698580503463743,1.536918044090271,622.0618286132812,186.0855407714844,30.830293655395508,274.8408508300781,45.53510665893555,102.5,63.2716064453125,0.2455696165561676,0.0406855046749115,41.323387145996094,6.84637975692749,190.66452026367188,31.58893203735352
Sweden,2016,SWE,9923281.0,437921057919.0,43.30837631225586,8.020532608032227,30.23677635192871,2.2673180103302,1.5536129474639893,609.4005737304688,191.46310424804688,32.32610321044922,242.2783203125,40.90560531616211,89.12999725341797,57.174930572509766,0.3592965006828308,0.0606626309454441,38.89299392700195,6.566586017608643,156.11502075195312,26.358030319213867
Sweden,2017,SWE,10057864.0,449166531542.0,42.35542297363281,8.307308197021484,29.31580352783203,1.8155839443206787,1.4843119382858276,631.3428344726562,193.96273803710935,31.60917091369629,255.4255523681641,41.625465393066406,95.05999755859376,57.88223648071289,0.574999988079071,0.0937049686908721,44.02181243896485,7.174021720886231,162.6566619873047,26.507369995117188
Sweden,2018,SWE,10175400.0,457925387676.0,41.85600280761719,8.087211608886719,28.89389419555664,1.8885990381240845,1.6071770191192627,609.1948852539062,175.37791442871094,29.60662269592285,246.46237182617188,41.60682678222656,91.1500015258789,55.79701232910156,0.9726368188858032,0.1641968041658401,41.33513641357422,6.978038311004639,154.595947265625,26.098291397094727
Sweden,2019,SWE,10279120.0,467020665386.0,40.77248001098633,8.108272552490234,28.46437263488769,1.776919960975647,1.3569910526275637,625.8190307617188,178.08932495117188,29.31192779541016,265.7890014648437,43.74651718139648,98.94000244140624,58.74599456787109,1.6410889625549316,0.2701087296009063,49.12520599365234,8.085575103759766,161.6267547607422,26.60233497619629
Sweden,2020,SWE,10353682.0,456885314424.0,36.62221908569336,6.641078948974609,26.281810760498047,1.4461170434951782,1.2720619440078735,600.2793579101562,162.9716033935547,28.042049407958984,296.720458984375,51.05582809448242,112.13999938964844,68.46990203857422,2.555555582046509,0.4397270381450653,67.9659652709961,11.694706916809082,178.48397827148438,30.711219787597656
Sweden,2021,SWE,10416134.0,481492421258.0,38.56798553466797,6.984025955200195,27.890607833862305,1.90018093585968,1.258571982383728,633.6795654296875,176.7483367919922,28.76150131225586,307.3268737792969,50.009986877441406,115.75,67.38269805908203,3.711822748184204,0.6040090322494507,66.76931762695312,10.86508560180664,181.75894165039065,29.576854705810547
Sweden,2022,SWE,10487335.0,494214521158.0,36.34215545654297,6.540152072906494,25.626541137695312,1.1633470058441162,1.2343289852142334,621.680908203125,159.0713348388672,26.39167213439941,316.0340576171875,52.433502197265625,118.2300033569336,68.32129669189453,4.823095798492432,0.8002042770385742,81.2284164428711,13.47668170928955,171.51841735839844,28.45677947998047
Switzerland,2000,CHE,7184003.0,315545366882.0,43.62051010131836,0.6445850133895874,35.2105598449707,5.787945747375488,1.7044329643249512,364.3362731933594,178.1890411376953,50.03802490234375,104.96793365478516,29.476491928100582,37.68000030517578,56.9872932434082,0.0305555537343025,0.0085804350674152,0.0083333328366279,0.0023401186335831,102.32592010498048,28.73457717895508
Switzerland,2001,CHE,7226391.0,325520166982.0,45.08489990234375,0.6537860035896301,36.39365005493164,6.025261878967285,1.7369860410690308,389.1265258789063,189.82635498046875,49.91358947753906,116.93606567382812,30.747568130493164,42.20000076293945,59.39479064941406,0.0359116047620773,0.009442719630897,0.0110497241839766,0.002905452158302,114.15160369873048,30.015411376953125
Switzerland,2002,CHE,7278744.0,331802188855.0,43.46707534790039,0.5943160057067871,35.01822280883789,5.920516014099121,1.670501947402954,362.244384765625,180.87538146972656,51.06218719482422,99.25656127929688,28.020713806152344,36.09999847412109,55.19033432006836,0.0410958901047706,0.0116016119718551,0.0136986291036009,0.0038672038353979,96.36114501953124,27.203319549560547
Switzerland,2003,CHE,7333451.0,337991874208.0,44.65065002441406,0.6018930077552795,35.89828872680664,6.254642963409424,1.6341300010681152,358.3592529296875,178.5320587158203,50.92045211791992,97.70223999023438,27.866378784179688,35.720001220703125,54.66789627075195,0.0490463189780712,0.0139888636767864,0.0136239770799875,0.0038857953622937,94.73332214355467,27.01959228515625
Switzerland,2004,CHE,7384196.0,353894703206.0,45.23113632202149,0.5877329707145691,36.15817642211914,6.46566915512085,1.7314070463180542,357.158447265625,182.6747283935547,52.21979904174805,94.59532928466795,27.04122734069824,34.7599983215332,54.42304611206055,0.0487804859876632,0.0139444964006543,0.0162601638585329,0.0046481657773256,91.46807098388672,26.147262573242188
Switzerland,2005,CHE,7431824.0,371135459405.0,45.77611541748047,0.6332970261573792,36.369659423828125,6.633994102478027,1.8253519535064695,340.7818603515625,184.27757263183597,55.19681167602539,87.2688980102539,26.139724731445312,32.290000915527344,55.86505508422852,0.0564516112208366,0.016908997669816,0.0215053763240575,0.0064415228553116,83.95133972167969,25.14601325988769
Switzerland,2006,CHE,7478514.0,393075108386.0,45.364933013916016,0.6795030236244202,36.10361099243164,6.459403038024902,1.8308709859848025,350.0934143066406,182.7415008544922,53.25685119628906,86.52654266357422,25.216665267944336,32.130001068115234,51.714149475097656,0.0641711205244064,0.0187015626579523,0.0401069484651088,0.0116884764283895,82.78571319580078,24.12646484375
Switzerland,2007,CHE,7545386.0,416832821635.0,43.359413146972656,0.7405189871788025,34.17150115966797,6.296459197998047,1.8626090288162231,354.8929748535156,175.95596313476562,50.65082931518555,97.6827163696289,28.119028091430664,36.47999954223633,54.914947509765625,0.0771276578307151,0.022202031686902,0.0425531938672065,0.0122493980452418,93.7590560913086,26.989561080932617
Switzerland,2008,CHE,7641730.0,433739216893.0,44.700870513916016,0.6808940172195435,35.20942687988281,6.702053070068359,1.834138035774231,362.5415344238281,182.8837738037109,51.564208984375,99.2093505859375,27.97214698791504,37.33000183105469,55.68317794799805,0.0976253300905227,0.0275255311280488,0.0501319244503974,0.0141347320750355,95.0907211303711,26.810895919799805
Switzerland,2009,CHE,7737644.0,431737407420.0,43.52584838867188,0.6362850069999695,34.40399932861328,6.422947883605957,1.8248889446258545,355.0060729980469,177.31935119628906,51.04342651367188,97.907958984375,28.183937072753903,37.02999877929688,55.54222106933594,0.1417322754859924,0.0407992750406265,0.0603674538433551,0.0173774696886539,93.77194213867188,26.993337631225582
Switzerland,2010,CHE,7825750.0,451139715920.0,45.03368377685547,0.6488680243492126,35.01285171508789,7.178767204284668,1.9317480325698853,359.477294921875,184.17752075195312,52.38043975830078,98.34487915039062,27.96947479248047,37.470001220703125,56.7297477722168,0.2447916567325592,0.0696192234754562,0.0963541641831398,0.0274033099412918,93.91739654541016,26.710289001464844
Switzerland,2011,CHE,7914379.0,467103594697.0,40.97322845458984,0.6082180142402649,31.81428337097168,6.382709980010986,1.902138948440552,334.92340087890625,169.1412353515625,51.59447860717773,88.98418426513672,27.143543243408203,34.02000045776367,54.10305404663086,0.4352331459522247,0.1327625811100006,0.1813471466302871,0.0553177446126937,83.9206314086914,25.59896850585937
Switzerland,2012,CHE,7998927.0,472611933649.0,42.2421875,0.5574340224266052,32.669212341308594,6.978355884552002,1.7860050201416016,354.06451416015625,174.7151641845703,50.47181701660156,105.40145874023438,30.44843292236328,40.52999877929688,59.48921203613281,0.7706184983253479,0.2226167023181915,0.2268041223287582,0.0655193030834198,99.49507904052734,28.7421932220459
Switzerland,2013,CHE,8091199.0,481081829913.0,43.18292617797852,0.5834540128707886,33.23313522338867,7.332092761993408,1.81115996837616,359.1459655761719,178.98106384277344,50.99615859985352,105.0321273803711,29.92626571655273,40.66999816894531,59.2080307006836,1.2787723541259766,0.3643540441989898,0.2301790416240692,0.065583735704422,98.37523651123048,28.029550552368164
Switzerland,2014,CHE,8190238.0,492386642888.0,39.24414825439453,0.6024919748306274,30.183082580566406,6.373212814331055,1.8576699495315552,344.4395446777344,161.08580017089844,47.88774490356445,104.66551971435548,31.115068435668945,40.66999816894531,58.03367233276367,2.142493724822998,0.6369226574897766,0.2569974660873413,0.0764004588127136,96.79402160644533,28.775022506713867
Switzerland,2015,CHE,8283940.0,500484653705.0,38.75606155395508,0.5596740245819092,29.499216079711918,6.797861099243164,1.6951450109481812,336.32159423828125,164.18023681640625,49.96027755737305,105.56057739257812,32.12223052978516,41.119998931884766,62.23701858520508,2.832911252975464,0.8620588779449463,0.2784810066223144,0.0847421586513519,96.8654327392578,29.476287841796875
Switzerland,2016,CHE,8374903.0,510838097521.0,39.22477722167969,0.5252389907836914,29.604965209960938,7.145436763763428,1.7483479976654053,316.24517822265625,158.52984619140625,51.30461502075195,96.94979858398438,31.375621795654297,37.810001373291016,61.88216400146485,3.349246025085449,1.0839080810546875,0.2738693356513977,0.0886316448450088,87.00484466552734,28.15715980529785
Switzerland,2017,CHE,8453630.0,517799793781.0,38.23400115966797,0.5029259920120239,28.684364318847656,7.103940963745117,1.7386980056762695,316.9949035644531,161.66270446777344,52.1533432006836,96.9998779296875,31.29273223876953,37.7599983215332,62.77638626098633,4.207499980926514,1.357364296913147,0.332500010728836,0.1072664558887481,85.23841094970703,27.4984130859375
Switzerland,2018,CHE,8516341.0,532611137213.0,36.945068359375,0.4752120077610016,27.851438522338867,6.703111171722412,1.7177350521087646,321.4579162597656,154.76040649414062,49.24226379394531,98.79193878173828,31.434001922607425,38.880001068115234,58.65138244628906,4.838308334350586,1.5394716262817385,0.3034825921058655,0.0965632647275924,86.09251403808594,27.39324951171875
Switzerland,2019,CHE,8577525.0,538693495449.0,36.822242736816406,0.4314149916172027,27.583742141723636,6.897116184234619,1.7120449542999268,335.9553527832031,158.6578369140625,48.36579513549805,106.80517578125,32.55885314941406,42.25,59.86963272094727,5.391088962554932,1.6434379816055298,0.3613861203193664,0.1101661771535873,93.15338134765624,28.397193908691406
Switzerland,2020,CHE,8640582.0,525896489462.0,34.34325408935547,0.4141350090503692,25.415508270263672,6.670325756072998,1.658460021018982,309.6021728515625,137.71279907226562,45.60362243652344,107.49952697753906,35.59849166870117,42.61000061035156,62.20438003540039,6.41728401184082,2.1250851154327397,0.3580246865749359,0.1185599565505981,92.50243377685548,30.6322021484375
Switzerland,2021,CHE,8707019.0,548098275898.0,35.90244674682617,0.4234730005264282,26.30951499938965,7.272045135498047,1.7113540172576904,290.08795166015625,131.86285400390625,46.59634399414063,105.48644256591795,37.27571868896485,42.0099983215332,66.58740997314453,7.0,2.473588466644287,0.3571428656578064,0.1262034922838211,90.07262420654295,31.82894325256348
Switzerland,2022,CHE,8792180.0,559384947989.0,32.9505615234375,0.4344710111618042,24.635787963867188,6.02338981628418,1.6669869422912598,297.4852294921875,143.91172790527344,49.40755462646485,90.5743179321289,31.095836639404297,35.9900016784668,58.31173324584961,9.47911548614502,3.254355430603028,0.3685503900051117,0.1265301555395126,72.64159393310547,24.93920135498047
Taiwan,2000,TWN,22332873.0,591153923509.0,226.9340057373047,110.89479064941406,92.14205932617188,13.411150932312012,8.824000358581543,1021.1063842773438,895.0224609375,87.9267349243164,15.943811416625977,1.5663151741027832,5.610000133514404,3.035057544708252,0.0003333333006594,3.274656046414748e-05,0.0038412776775658,0.0003773659409489,12.666611671447754,1.2443640232086182
Taiwan,2001,TWN,22446254.0,582366336280.0,231.4309844970703,118.13333892822266,88.18268585205078,15.140978813171388,9.086000442504885,1053.745849609375,934.5010375976562,88.9364242553711,18.221954345703125,1.734182596206665,6.420000076293945,3.405293703079224,0.0007292818045243,6.94057162036188e-05,0.0337811410427093,0.0032149497419595,14.061595916748049,1.338241457939148
Taiwan,2002,TWN,22566898.0,612808812199.0,238.56700134277344,125.72663116455078,85.26045227050781,16.930906295776367,9.77400016784668,1095.924560546875,971.876708984375,88.92667388916016,12.65580940246582,1.158005952835083,4.400000095367432,2.212834596633911,0.0009534246637485,8.723831706447527e-05,0.0435057505965232,0.0039807744324207,7.613427639007568,0.6966282725334167
Taiwan,2003,TWN,22664130.0,636240085985.0,249.1289978027344,135.62037658691406,85.30096435546875,17.866657257080078,9.312999725341797,1145.43359375,1022.6710815429688,89.51039123535156,13.873895645141602,1.2143278121948242,4.820000171661377,2.305558204650879,0.0012561307521536,0.0001099442088161,0.0647455602884292,0.0056669255718588,8.268436431884766,0.7237038612365723
Taiwan,2004,TWN,22745432.0,675272430215.0,259.36700439453125,141.04132080078125,86.75939178466797,20.87528419494629,9.54599952697754,1193.2882080078125,1068.863037109375,89.7880630493164,14.546671867370604,1.2219690084457395,5.090000152587891,2.330479383468628,0.0015826559392735,0.0001329483784502,0.0684358030557632,0.0057488358579576,8.698832511901855,0.7307309508323669
Taiwan,2005,TWN,22824932.0,709313986797.0,266.88800048828125,145.9348907470703,87.81584167480469,21.880260467529297,9.97700023651123,1208.751708984375,1081.0845947265625,89.67805480957031,16.98125457763672,1.4086278676986694,6.010000228881836,2.641758441925049,0.0025806450285017,0.0002140694850822,0.2454312592744827,0.0203589964658021,10.944552421569824,0.9078717231750488
Taiwan,2006,TWN,22914644.0,745965982529.0,276.552001953125,153.5567626953125,88.93512725830078,23.031105041503903,9.812000274658203,1241.097412109375,1113.88916015625,89.97740173339844,17.470726013183594,1.4112448692321775,6.21999979019165,2.640740394592285,0.0038957218639552,0.0003146874078083,0.7381677031517029,0.0596274845302104,10.931418418884276,0.8830147385597229
Taiwan,2007,TWN,23006921.0,791900583149.0,280.0799865722656,160.5615997314453,84.16584777832031,24.980545043945312,9.484000205993652,1292.834228515625,1162.146240234375,90.10910034179688,19.747018814086918,1.5311206579208374,6.739999771118164,2.772407531738281,0.0057978727854788,0.0004495485045481,1.168974757194519,0.0906385630369186,11.748804092407228,0.9109646677970886
Taiwan,2008,TWN,23086238.0,794389614968.0,266.9750061035156,154.85260009765625,75.88895416259766,26.853429794311523,8.503999710083008,1244.9500732421875,1115.109619140625,89.81085968017578,18.787776947021484,1.513166427612305,6.71999979019165,2.8198564052581787,0.0118024870753288,0.0009505716152489,1.552150845527649,0.1250101327896118,11.359116554260254,0.91486257314682
Taiwan,2009,TWN,23164353.0,779014502319.0,253.0279998779297,147.44512939453125,70.980224609375,26.139646530151367,7.864999771118164,1208.295654296875,1078.314697265625,89.4778060913086,17.694488525390625,1.4682763814926147,6.300000190734863,2.738535165786743,0.0239174142479896,0.0019846505019813,2.064659833908081,0.1713240444660186,9.83802604675293,0.8163525462150574
Taiwan,2010,TWN,23224049.0,859487483344.0,270.7179870605469,157.04913330078125,72.39775848388672,32.65311050415039,8.104999542236328,1294.5360107421875,1162.855224609375,90.07071685791016,19.783668518066406,1.5323740243911743,7.070000171661377,2.861768960952759,0.0565807372331619,0.0043825469911098,2.6727545261383057,0.2070222496986389,10.922139167785645,0.8459908366203308
Taiwan,2011,TWN,23273078.0,888546864638.0,276.77099609375,162.70074462890625,68.6568603515625,35.839393615722656,8.51200008392334,1290.1553955078125,1156.9656982421875,89.91597747802734,20.64294815063477,1.604309320449829,7.380000114440918,2.9268293380737305,0.1596438735723495,0.0124070532619953,3.867037773132324,0.3005348145961761,10.361985206604004,0.8053030371665955
Taiwan,2012,TWN,23345963.0,908290377366.0,273.2820129394531,160.36404418945312,65.8600845336914,37.72587585449219,7.995999813079834,1279.3853759765625,1146.56640625,89.86375427246094,25.14808654785156,1.9710166454315183,9.06999969482422,3.622638463973999,0.4120356440544128,0.0322938747704029,3.6429598331451416,0.2855221033096313,14.612262725830078,1.1452566385269165
Taiwan,2013,TWN,23416870.0,930852328389.0,274.57598876953125,163.10113525390625,64.12783813476562,37.480018615722656,8.029999732971191,1304.70849609375,1168.8939208984375,89.8499755859375,25.551176071166992,1.9640555381774905,9.229999542236328,3.6579082012176514,0.8212180137634277,0.0631249919533729,4.194392681121826,0.3224125504493713,13.869282722473145,1.066097378730774
Taiwan,2014,TWN,23472811.0,974779255338.0,276.9590148925781,164.21852111816406,64.37657165527344,39.63590621948242,7.0879998207092285,1333.887451171875,1200.0670166015625,90.2049560546875,22.45112991333008,1.6875749826431274,8.270000457763672,3.1811363697052,1.3454506397247314,0.1011329442262649,3.818026304244995,0.2869880497455597,10.986926078796388,0.8258498311042786
Taiwan,2015,TWN,23529260.0,989069527295.0,276.2640075683594,160.69601440429688,64.28805541992188,42.93292236328125,6.313000202178955,1332.9505615234375,1214.0692138671875,91.29711151123048,23.39908790588379,1.759594202041626,8.789999961853027,3.4051287174224854,2.1525769233703613,0.1618721932172775,3.861356019973755,0.2903711199760437,11.31682586669922,0.8510169982910156
Taiwan,2016,TWN,23586140.0,1010482869589.0,280.1969909667969,161.75985717773438,66.72370910644531,44.59642791748047,5.394999980926514,1339.7584228515625,1227.900390625,91.88491821289062,28.894405364990234,2.162194967269897,11.039999961853027,4.17991828918457,2.7864437103271484,0.2085121572017669,3.661059856414795,0.2739605009555816,16.487539291381836,1.2337777614593506
Taiwan,2017,TWN,23632950.0,1043939947916.0,285.7359924316406,164.34609985351562,66.05133056640625,49.06957626342773,5.35699987411499,1340.767822265625,1253.9444580078125,93.71707916259766,27.952316284179688,2.089095115661621,10.699999809265137,3.959150314331055,4.1686320304870605,0.3115544617176056,4.306146621704102,0.321832001209259,13.617037773132324,1.0177077054977417
Taiwan,2018,TWN,23659308.0,1073034529603.0,284.1510009765625,165.8413543701172,62.11838150024414,49.78326416015625,5.377999782562256,1354.5511474609375,1254.4417724609375,92.81211853027344,28.299320220947266,2.093775987625122,10.859999656677246,3.941494464874268,6.725518226623535,0.4975995123386383,4.252455711364746,0.3146255612373352,11.148369789123535,0.8248320817947388
Taiwan,2019,TWN,23674137.0,1105912366266.0,274.7040100097656,161.55239868164062,57.936222076416016,48.715370178222656,5.507999897003174,1328.145751953125,1209.82421875,91.34756469726562,34.585960388183594,2.6114068031311035,13.4399995803833,4.901889324188232,9.943145751953123,0.7507554888725281,4.683741569519043,0.3536450862884521,13.72474193572998,1.0362842082977295
Taiwan,2020,TWN,23663461.0,1143369531447.0,272.4642028808594,156.38404846191406,55.161991119384766,54.41196441650391,5.673196792602539,1289.16650390625,1173.60546875,91.2859344482422,34.401031494140625,2.6757972240448,13.399999618530272,4.785885334014893,14.999194145202637,1.166674256324768,5.700917720794678,0.4434314370155334,7.454697132110596,0.5798447132110596
Taiwan,2021,TWN,23558330.0,1218008773904.0,283.8209228515625,167.93968200683594,49.90254974365234,59.209774017333984,5.819918155670166,1370.3448486328125,1258.260986328125,92.06039428710938,40.07357025146485,2.931974172592163,15.720000267028809,5.401504993438721,19.631011962890625,1.4362987279891968,5.593063831329346,0.4092153012752533,8.558281898498535,0.6261648535728455
Taiwan,2022,TWN,23420107.0,1247874288934.0,273.98883056640625,154.67236328125,52.85832214355469,59.99931335449219,5.456822872161865,1316.8175048828125,1198.666259765625,91.31856536865234,55.58863067626953,4.234935283660889,22.09000015258789,7.665081977844238,26.23338508605957,1.998550534248352,8.789867401123047,0.6696426868438721,14.34030055999756,1.092494010925293
Thailand,2000,THA,63007815.0,579217712636.0,167.35215759277344,33.09959030151367,79.34713745117188,39.3198471069336,15.299002647399902,741.691162109375,722.5888671875,97.56796264648438,18.011676788330078,2.432036638259888,6.420000076293945,6.721106052398682,0.0,0.0,0.0,0.0,16.365121841430664,2.209709644317627
Thailand,2001,THA,63651137.0,596448007832.0,172.26683044433594,36.80986022949219,75.16544342041016,42.53369903564453,17.46988868713379,782.20849609375,762.0874633789062,97.56785583496094,18.997100830078125,2.4321439266204834,6.789999961853027,6.723438262939453,0.0,0.0,0.0,0.0,17.056201934814453,2.1836562156677246
Thailand,2002,THA,64266433.0,630177413705.0,184.66546630859372,39.24367141723633,78.93773651123047,46.46877670288086,19.73890686035156,847.94091796875,824.0367431640625,97.33812713623048,22.53465461730957,2.6618728637695312,8.119999885559082,7.488011360168457,0.0,0.0,0.0,0.0,20.18339729309082,2.38413405418396
Thailand,2003,THA,64868164.0,672602585235.0,191.08773803710935,39.90327072143555,83.85965728759766,49.470314025878906,17.4903564453125,911.6903076171876,886.8546752929688,97.419677734375,23.48984909057617,2.580325126647949,8.4399995803833,7.279626846313477,0.0,0.0,0.0,0.0,19.639657974243164,2.1573874950408936
Thailand,2004,THA,65452049.0,712165919937.0,207.3306884765625,44.76274108886719,91.75305938720705,52.10193634033203,18.26032829284668,989.731201171875,966.8046875,97.79573059082033,21.79133415222168,2.204270839691162,7.739999771118164,6.235398292541504,0.0,0.0,0.0,0.0,15.979117393493652,1.6163445711135864
Thailand,2005,THA,66017415.0,739238460898.0,214.3251495361328,48.33264923095703,90.83865356445312,54.46209716796875,20.23575210571289,1021.1172485351562,998.5023193359376,97.89244842529295,21.49701690673828,2.107552051544189,7.53000020980835,5.77321195602417,0.0,0.0,0.0,0.0,15.245110511779783,1.494619607925415
Thailand,2006,THA,66567685.0,773067090714.0,215.8246612548828,51.31309127807617,87.30780792236328,55.57892608642578,21.226394653320312,1042.9984130859375,1013.1201171875,97.27555847167967,28.37491798400879,2.7244410514831543,9.979999542236328,7.296388149261475,0.0975401028990745,0.0093653928488492,0.0003502673644106,3.363120777066797e-05,21.256816864013672,2.0409905910491943
Thailand,2007,THA,67102388.0,811667437725.0,224.0825653076172,57.803001403808594,84.63279724121094,59.25314712524414,22.009883880615234,1078.6527099609375,1046.6448974609375,97.16827392578124,30.501821517944336,2.831724166870117,10.420000076293944,7.310741901397705,0.1030851081013679,0.0095702009275555,0.0010478723561391,9.728223085403442e-05,21.1738224029541,1.965732455253601
Thailand,2008,THA,67619835.0,822020817321.0,224.24874877929688,62.25080108642578,78.48361206054688,63.70021438598633,19.441362380981445,1078.544677734375,1046.369384765625,97.13765716552734,30.83323097229004,2.862342834472656,9.130000114440918,6.277502536773682,0.1025857552886009,0.0095233488827943,0.0012717677745968,0.0001180620820377,18.339550018310547,1.7025163173675537
Thailand,2009,THA,68121077.0,812859746470.0,228.8362274169922,62.40338134765625,79.82188415527344,67.51344299316406,18.679548263549805,1108.913330078125,1074.583984375,97.0204849243164,33.000633239746094,2.97951340675354,9.260000228881836,6.346813201904297,0.1165354251861572,0.0105215813964605,0.0026246719062328,0.0002369725698372,18.28277015686035,1.6506882905960083
Thailand,2010,THA,68579443.0,870109340511.0,241.01898193359372,64.00843048095703,80.78515625,77.3453598022461,18.485519409179688,1179.4449462890625,1145.8853759765625,97.24964904785156,32.407203674316406,2.7503528594970703,8.770000457763672,5.565780162811279,0.1518750041723251,0.0128894140943884,0.0102187497541308,0.0008672506664879,13.923835754394531,1.1816959381103516
Thailand,2011,THA,69007212.0,873642799890.0,244.87815856933597,65.34967041015625,84.60868072509766,76.01677703857422,18.206209182739254,1212.4820556640625,1169.1917724609375,96.55829620361328,41.674415588378906,3.4417028427124023,12.0,7.827788352966309,0.2446632087230682,0.0202056355774402,0.0129533670842647,0.001069760415703,20.556793212890625,1.6976933479309082
Thailand,2012,THA,69436091.0,936920832597.0,262.34765625,68.15479278564453,90.83322143554688,83.61499786376953,18.745500564575195,1292.8707275390625,1242.262939453125,96.21868133544922,48.81990814208984,3.781315088272095,13.649999618530272,8.078834533691406,1.2847293615341189,0.0995078980922699,0.0442757718265056,0.0034293518401682,21.72994041442871,1.6830787658691406
Thailand,2013,THA,69845112.0,962095812070.0,263.7535095214844,67.14872741699219,91.3812026977539,85.50389862060547,18.913911819458008,1312.863525390625,1261.4725341796875,96.1995849609375,49.83512878417969,3.800414800643921,12.649999618530272,7.501185894012451,3.2160487174987797,0.2452550828456878,0.898475706577301,0.0685175359249115,13.841647148132324,1.05556058883667
Thailand,2014,THA,70216362.0,971562808709.0,272.4876403808594,73.79377746582031,91.13677215576172,87.0927505493164,19.722265243530277,1357.1695556640625,1298.01953125,95.7604522705078,57.466426849365234,4.23954439163208,14.210000038146973,8.177947044372559,4.919783592224121,0.3629534840583801,1.0076335668563845,0.074337437748909,13.138861656188965,0.9693100452423096
Thailand,2015,THA,70540787.0,1002011619070.0,277.0987243652344,72.14248657226562,95.21759033203124,88.91205596923828,20.023557662963867,1377.4461669921875,1318.100341796875,95.79840087890624,57.81027603149414,4.201601028442383,13.8100004196167,7.765843868255615,6.02025318145752,0.4375467896461487,0.8303797245025635,0.0603512823581695,9.52084255218506,0.6919665932655334
Thailand,2016,THA,70859835.0,1036430730493.0,284.04547119140625,73.60014343261719,98.9239730834961,87.75933837890625,23.053165435791016,1405.5716552734375,1338.9508056640625,95.38287353515624,64.81352996826172,4.617123126983643,16.06999969482422,8.936714172363281,8.927135467529297,0.6359425783157349,0.9623115062713624,0.0685522109270095,8.902205467224121,0.6341666579246521
Thailand,2017,THA,71160183.0,1079732734924.0,283.3476257324219,73.82398223876953,101.14608001708984,85.28904724121094,22.388463973999023,1432.6826171875,1354.32861328125,94.68236541748048,76.0629653930664,5.31763219833374,19.6299991607666,11.107338905334473,11.357500076293944,0.7940133213996887,2.7724997997283936,0.1938280165195465,11.71796417236328,0.8192136883735657
Thailand,2018,THA,71376081.0,1125329902301.0,288.3049011230469,78.56426239013672,102.32991027832033,84.3316421508789,22.4658317565918,1478.376220703125,1381.2928466796875,93.62100219726562,94.11629486083984,6.378995895385742,25.520000457763672,14.356436729431152,11.286069869995115,0.7649450898170471,4.082089424133301,0.2766750752925873,18.898042678833008,1.2808679342269895
Thailand,2019,THA,71522264.0,1149130685920.0,281.87744140625,70.06038665771484,103.6518325805664,85.2695541381836,22.304275512695312,1479.7451171875,1373.845703125,93.0494155883789,102.62318420410156,6.950582027435303,27.71999931335449,14.862473487854004,12.73762321472168,0.8627085089683533,9.084157943725586,0.6152623891830444,15.618707656860352,1.0578418970108032
Thailand,2020,THA,71641484.0,1078332670656.0,271.9233093261719,74.79920196533203,96.31249237060548,78.2796859741211,21.92555427551269,1379.6341552734375,1280.837158203125,93.03008270263672,95.96172332763672,6.969916343688965,25.07999992370605,14.21124267578125,12.422222137451172,0.9022539854049684,7.95061731338501,0.5774712562561035,11.209501266479492,0.814171314239502
Thailand,2021,THA,71727338.0,1095187026392.0,267.1418151855469,76.64752960205078,90.91973114013672,77.92330932617188,21.151105880737305,1386.81787109375,1286.5616455078125,92.96560668945312,97.34976196289062,7.034392833709717,26.46999931335449,15.009072303771973,12.288177490234377,0.8879309296607971,8.699507713317871,0.6286173462867737,11.182246208190918,0.8080174326896667
Thailand,2022,THA,71735321.0,1124143758569.0,272.5733642578125,69.80936431884766,105.82791900634766,75.53216552734375,20.99518585205078,1387.88037109375,1284.3896484375,92.75205993652344,100.36631774902344,7.247942924499512,28.479999542236328,15.789765357971191,12.348894119262695,0.89177405834198,7.341523170471191,0.530167281627655,16.213319778442383,1.1708431243896484
Trinidad and Tobago,2000,TTO,1319781.0,24996996038.0,24.35003471374512,,4.272223949432373,19.602399826049805,0.3003830015659332,119.04322814941406,118.97781372070312,99.94625854492188,0.0639749988913536,0.0537416338920593,0.0199999995529651,0.3663003444671631,0.0014750000555068,0.0012390607735142,0.0,0.0,0.0,0.0
Trinidad and Tobago,2001,TTO,1325573.0,25814786793.0,26.73974609375,,3.726801872253418,22.54770278930664,0.2782140076160431,126.97976684570312,126.8841323852539,99.9263687133789,0.0934951603412628,0.0736312121152877,0.0299999993294477,0.5319148898124695,0.0028701657429337,0.002260371344164,0.0,0.0,0.0,0.0
Trinidad and Tobago,2002,TTO,1332017.0,27665233734.0,28.682531356811523,,3.612704038619995,24.66604804992676,0.293161004781723,141.28659057617188,141.1995849609375,99.93983459472656,0.0850006863474845,0.0601627454161644,0.0299999993294477,0.5319148898124695,0.0037506846711039,0.00265470193699,0.0,0.0,0.0,0.0
Trinidad and Tobago,2003,TTO,1338718.0,31435997895.0,32.369930267333984,,4.477407932281494,27.4543514251709,0.2977490127086639,154.78419494628906,154.7403564453125,99.97242736816406,0.0426825620234012,0.0275757350027561,0.0099999997764825,0.1552795022726059,0.0051825614646077,0.0033482746221125,0.0,0.0,0.0,0.0
Trinidad and Tobago,2004,TTO,1345386.0,33689560531.0,32.68836212158203,,2.5681750774383545,29.689716339111328,0.2949000000953674,169.7802276611328,169.69937133789062,99.95355224609376,0.0788641571998596,0.0464512780308723,0.0199999995529651,0.3110419809818268,0.0069891605526208,0.004116641357541,0.0,0.0,0.0,0.0
Trinidad and Tobago,2005,TTO,1352040.0,35495977662.0,38.204891204833984,,4.019020080566406,33.64326477050781,0.2599120140075683,187.23141479492188,187.15333557128903,99.95934295654295,0.0761236548423767,0.0406579487025737,0.0199999995529651,0.2836879193782806,0.007373655680567,0.0039382986724376,0.0,0.0,0.0,0.0
Trinidad and Tobago,2006,TTO,1358706.0,39852731106.0,42.7078971862793,,4.00108814239502,38.05430221557617,0.3398289978504181,216.94561767578125,216.8538360595703,99.958740234375,0.0895120352506637,0.0412605591118335,0.0299999993294477,0.4184100329875946,0.0082620317116379,0.0038083822000771,0.0,0.0,0.0,0.0
Trinidad and Tobago,2007,TTO,1365381.0,41413662308.0,45.56360626220703,,4.964719772338867,39.90828704833984,0.3430930078029632,221.3761138916016,221.30618286132807,99.96923065185548,0.068111702799797,0.0307676661759614,0.0199999995529651,0.2604166567325592,0.0087367026135325,0.0039465753361582,0.0,0.0,0.0,0.0
Trinidad and Tobago,2008,TTO,1372090.0,42494149374.0,44.4425048828125,,5.016016006469727,38.69916915893555,0.3584100008010864,218.08712768554688,218.01336669921875,99.9670639038086,0.0718245357275009,0.0329341664910316,0.0199999995529651,0.2587321996688843,0.009324537590146,0.0042756400071084,0.0,0.0,0.0,0.0
Trinidad and Tobago,2009,TTO,1379056.0,40299152132.0,44.4174919128418,,4.788485050201416,39.08458709716797,0.3226329982280731,216.49208068847656,216.42044067382807,99.9677963256836,0.0697135776281356,0.0322017334401607,0.0199999995529651,0.2551020383834839,0.010338582098484,0.0047755436971783,0.0,0.0,0.0,0.0
Trinidad and Tobago,2010,TTO,1386657.0,41285434067.0,47.09234619140625,,4.63862419128418,42.00775909423828,0.2915399968624115,233.5212860107422,233.509033203125,99.99508666992188,0.0114791663363575,0.0049156993627548,0.0,0.0,0.0114791663363575,0.0049156993627548,0.0,0.0,0.0,0.0
Trinidad and Tobago,2011,TTO,1394990.0,40819362692.0,47.04340362548828,,4.905732154846191,41.447750091552734,0.3026660084724426,230.5396270751953,230.5274658203125,99.99504852294922,0.0114196892827749,0.0049534761346876,0.0,0.0,0.0114196892827749,0.0049534761346876,0.0,0.0,0.0,0.0
Trinidad and Tobago,2012,TTO,1403814.0,42669299120.0,46.15908432006836,,4.722896099090576,40.578800201416016,0.237309992313385,225.9202117919922,225.9031219482422,99.9928970336914,0.0160515457391738,0.0071049947291612,0.0,0.0,0.0160515457391738,0.0071049947291612,0.0,0.0,0.0,0.0
Trinidad and Tobago,2013,TTO,1412658.0,44309506041.0,45.79930877685547,,3.854527950286865,41.06977462768555,0.2873019874095917,228.57896423339844,228.5619964599609,99.99303436279295,0.0159283876419067,0.006968471687287,0.0,0.0,0.0159283876419067,0.006968471687287,0.0,0.0,0.0,0.0
Trinidad and Tobago,2014,TTO,1421135.0,45781910542.0,46.865814208984375,,4.759535789489746,41.30060958862305,0.2985790073871612,228.8343963623047,228.8175201416016,99.99307250976562,0.0158473271876573,0.0069252694956958,0.0,0.0,0.0158473271876573,0.0069252694956958,0.0,0.0,0.0,0.0
Trinidad and Tobago,2015,TTO,1429190.0,45435797433.0,45.53367614746094,,5.133264064788818,39.66279983520508,0.2996500134468078,221.6360626220703,221.6192321777344,99.99285888671876,0.0158354435116052,0.0071448273956775,0.0099999997764825,0.1044932082295417,0.0157670881599187,0.0071139866486191,6.835442763986066e-05,3.0840979889035225e-05,0.0,0.0
Trinidad and Tobago,2016,TTO,1437031.0,42362516644.0,39.86735534667969,,4.055694103240967,35.20064163208008,0.2571989893913269,195.7725830078125,195.7558441162109,99.99197387695312,0.015716079622507,0.0080277640372514,0.0099999997764825,0.1061571091413497,0.0156482402235269,0.0079931123182177,6.783919525332749e-05,3.465222107479349e-05,0.0,0.0
Trinidad and Tobago,2017,TTO,1445265.0,40368511597.0,40.29689407348633,,5.108057975769043,34.58015823364258,0.2390059977769851,207.0669708251953,207.0503387451172,99.99244689941406,0.0156375002115964,0.0075519410893321,0.0099999997764825,0.1072961390018463,0.0155699998140335,0.0075193424709141,6.749999738531187e-05,3.259830555180088e-05,0.0,0.0
Trinidad and Tobago,2018,TTO,1470522.0,40016907555.0,40.30735778808594,,3.931472063064575,35.77529525756836,0.2365089952945709,194.03857421875,194.0220184326172,99.99198150634766,0.0155597012490034,0.0080189108848571,0.0099999997764825,0.1083423644304275,0.0154925370588898,0.007984297350049,6.716417556162924e-05,3.461400410742499e-05,0.0,0.0
Trinidad and Tobago,2019,TTO,1484898.0,40060922958.0,40.75453567504883,,3.748271942138672,36.41649627685547,0.2418600022792816,195.2032012939453,195.1867218017578,99.9920654296875,0.0154826724901795,0.0079316077753901,0.0099999997764825,0.1086956486105918,0.0154158407822251,0.0078973704949021,6.683167885057628e-05,3.423715315875597e-05,0.0,0.0
Trinidad and Tobago,2020,TTO,1481026.0,36985045051.0,35.04307174682617,,3.4404959678649902,31.0011043548584,0.2254509925842285,169.3433074951172,169.32687377929688,99.99088287353516,0.0154444444924592,0.0091202510520815,0.0099999997764825,0.1083423644304275,0.0153777776286005,0.00908088311553,6.666666740784422e-05,3.9367991121253e-05,0.0,0.0
Trinidad and Tobago,2021,TTO,1487715.0,36605213818.0,36.38881301879883,,3.143712043762207,32.708526611328125,0.2579129934310913,173.1243133544922,173.10794067382812,99.99110412597656,0.0154064036905765,0.0088990908116102,0.0099999997764825,0.1078748553991317,0.0153399016708135,0.0088606774806976,6.650246359640732e-05,3.841334182652645e-05,0.0,0.0
Trinidad and Tobago,2022,TTO,1495923.0,37513383973.0,37.49288940429688,,4.163424015045166,32.77870178222656,0.2522050142288208,173.05648803710938,173.04019165039062,99.99111938476562,0.0153685500845313,0.008880702778697,0.0099999997764825,0.1052631586790084,0.0153022110462188,0.0088423695415258,6.633906741626561e-05,3.833397204289213e-05,0.0,0.0
Turkey,2000,TUR,65425957.0,785054993224.0,232.9339599609375,98.74649047851562,83.47807312011719,31.520124435424805,15.766542434692385,863.5399169921875,771.3895874023438,89.90442657470703,86.6210708618164,10.09557056427002,31.15999984741211,25.05225944519043,0.0,0.0,0.0927777737379074,0.0108131263405084,85.77360534667969,9.99679946899414
Turkey,2001,TUR,66245125.0,732284634333.0,216.8724822998047,84.7378158569336,79.19831085205078,34.07954406738281,15.666022300720217,784.4693603515625,712.91015625,91.36790466308594,67.35306549072266,8.632096290588379,24.34000015258789,19.91164970397949,0.0,0.0,0.1723756939172744,0.022091994062066,66.32569122314453,8.500425338745117
Turkey,2002,TUR,67048792.0,796073298321.0,224.31976318359372,87.45995330810547,81.24822998046875,36.118263244628906,16.10875129699707,859.1864013671875,760.0208740234375,89.0820083618164,93.14900970458984,10.917990684509276,33.959999084472656,26.436243057250977,0.0,0.0,0.1315068453550338,0.0154139110818505,92.2843780517578,10.81664752960205
Turkey,2003,TUR,67831735.0,848549642280.0,239.8485565185547,92.22203826904295,82.7815170288086,44.579620361328125,16.636756896972656,909.4176635742188,806.2808837890625,89.2656478881836,96.95671844482422,10.734353065490724,35.560001373291016,25.48373413085937,0.0,0.0,0.1673024445772171,0.0185225289314985,96.26566314697266,10.657844543457031
Turkey,2004,TUR,68592621.0,931152861082.0,247.84304809570312,93.60049438476562,86.72944641113281,45.740997314453125,17.867658615112305,973.8414306640624,840.3776245117188,87.00004577636719,125.5731964111328,12.999957084655762,46.310001373291016,30.92487525939941,0.0,0.0,0.1563685685396194,0.0161880459636449,124.88807678222656,12.929030418395996
Turkey,2005,TUR,69329557.0,1017383777200.0,267.710693359375,102.31702423095705,85.26387786865234,55.99601364135742,19.85079002380371,996.1152954101562,882.3003540039062,89.19281768798828,106.90528106689452,10.807185173034668,39.7400016784668,24.58702087402344,0.0,0.0,0.1586021482944488,0.0160332843661308,106.34542846679688,10.750588417053224
Turkey,2006,TUR,70045351.0,1096826103018.0,285.4294128417969,111.84577941894533,84.05626678466797,63.27203750610352,21.64047241210937,1105.0513916015625,978.1309204101562,89.12614440917969,119.33707427978516,10.873854637145996,44.52000045776367,25.25957489013672,0.0,0.0,0.3489304780960083,0.0317941382527351,118.3000030517578,10.77935791015625
Turkey,2007,TUR,70750593.0,1158406990670.0,316.4974060058594,126.30744171142578,88.68560791015625,72.94979095458984,23.653919219970703,1173.7197265625,1070.473388671875,91.67401123046876,97.22223663330078,8.3259916305542,36.459999084472656,19.03717613220215,0.0,0.0,0.9337766170501708,0.0799674689769744,95.3478775024414,8.165473937988281
Turkey,2008,TUR,71562343.0,1179868355277.0,312.6282043457031,123.11038970947266,87.25534057617188,72.05574035644531,25.803672790527344,1176.6810302734375,1079.7427978515625,92.21566009521484,91.14600372314452,7.784343719482422,34.41999816894531,17.35141372680664,0.0,0.0,2.233509063720703,0.1907532960176468,87.7831039428711,7.497134208679199
Turkey,2009,TUR,72464846.0,1122756788420.0,318.56793212890625,130.55694580078125,84.00757598876953,72.0873031616211,28.077545166015625,1192.738525390625,1086.092529296875,91.52811431884766,100.52922058105467,8.471883773803711,38.150001525878906,19.58318519592285,0.0,0.0,3.924855709075928,0.3307587802410126,94.37899780273438,7.953587055206299
Turkey,2010,TUR,73346766.0,1240496805446.0,318.7103271484375,129.88722229003906,81.34172058105469,72.07640838623047,31.12768173217773,1253.1666259765625,1098.3883056640625,88.28963470458984,145.68563842773438,11.710368156433104,55.720001220703125,26.38507652282715,0.0062500000931322,0.0005023817066103,7.594869613647461,0.6104837656021118,134.88400268554688,10.842121124267578
Turkey,2011,TUR,74215203.0,1364782716000.0,344.2148132324219,135.5454559326172,84.96559143066406,86.09463500976562,32.66142654418945,1337.0264892578125,1176.48779296875,88.60767364501953,151.26156616210938,11.392329216003418,58.09000015258789,25.32368469238281,0.0074133118614554,0.0005583367310464,12.238081932067873,0.921716332435608,135.5921173095703,10.212177276611328
Turkey,2012,TUR,75197196.0,1430132002360.0,358.64459228515625,141.93072509765625,90.71517944335938,87.32124328613281,32.57577896118164,1421.0411376953125,1241.200927734375,87.96888732910156,169.75350952148438,12.03111171722412,65.20999908447266,27.22869300842285,0.0109736779704689,0.0007777485297992,15.105026245117188,1.0705537796020508,149.13661193847656,10.569910049438477
Turkey,2013,TUR,76403032.0,1551491738617.0,350.6335754394531,125.75820922851562,95.67152404785156,87.20973205566406,35.21477508544922,1412.1876220703125,1218.9072265625,86.96673583984375,182.67149353027344,13.033267974853516,69.22000122070312,28.82365226745605,0.0173519570380449,0.0012380294501781,19.328516006469727,1.379053235054016,151.97061157226562,10.842817306518556
Turkey,2014,TUR,78036154.0,1628131977724.0,367.2716369628906,130.66163635253906,100.3572769165039,93.8978271484375,35.822566986083984,1454.3551025390625,1309.912841796875,90.49919128417967,137.51759338378906,9.500808715820312,52.619998931884766,20.88509559631348,0.0442748107016086,0.0030588558875024,21.679515838623047,1.497793197631836,103.42162322998048,7.145187854766846
Turkey,2015,TUR,80014222.0,1727192876718.0,387.7038879394531,139.51121520996094,109.35423278808594,97.26502990722656,35.553558349609375,1589.021240234375,1362.2806396484375,86.32703399658203,215.76577758789065,13.672967910766602,83.6500015258789,31.955535888671875,0.4914430379867553,0.0311424955725669,29.49992179870605,1.869395136833191,169.98947143554688,10.772147178649902
Turkey,2016,TUR,81652087.0,1784590365590.0,405.55224609375,152.3528594970703,116.64564514160156,91.83280181884766,38.26789093017578,1669.2388916015625,1426.13671875,86.01406860351562,231.8905334472656,13.98593044281006,90.23999786376952,32.88629913330078,2.620854139328003,0.1580706238746643,38.98768997192383,2.3514504432678223,168.921875,10.18812370300293
Turkey,2017,TUR,83083667.0,1918472081554.0,430.6216735839844,158.75424194335938,119.62969207763672,104.5004653930664,40.57354736328125,1787.341552734375,1553.37109375,87.36840057373047,224.58421325683597,12.631601333618164,87.23999786376953,29.345083236694336,7.223250389099121,0.4062672853469848,44.759498596191406,2.517470359802246,145.54624938964844,8.186159133911133
Turkey,2018,TUR,84415966.0,1975637604336.0,423.81829833984375,163.51666259765625,116.7605209350586,95.7508773803711,40.81529235839844,1787.8729248046875,1526.9276123046875,85.87017059326172,251.2541046142578,14.129833221435549,96.81999969482422,32.257205963134766,19.40248680114746,1.091141939163208,49.62487411499024,2.7907650470733643,149.10073852539062,8.385011672973633
Turkey,2019,TUR,85357670.0,1991116616493.0,406.5677490234375,166.01031494140625,115.72779083251952,84.18890380859375,34.25627899169922,1849.128662109375,1497.6326904296875,81.61630249023438,337.3349304199219,18.383697509765625,131.47000122070312,43.79705810546875,22.89561462402344,1.2477394342422483,53.78889083862305,2.931326389312744,219.8583526611328,11.981593132019045
Turkey,2020,TUR,86091691.0,2029749392174.0,416.32806396484375,159.42434692382812,115.6517105102539,92.3052749633789,42.4970817565918,1821.829345703125,1482.0963134765625,81.89738464355469,327.60284423828125,18.10261344909668,127.33000183105467,42.16225051879883,27.0374813079834,1.49403178691864,61.30425262451172,3.387538433074951,192.8255920410156,10.655118942260742
Turkey,2021,TUR,86686254.0,2260196231771.0,457.3772888183594,166.2758331298828,122.5410385131836,115.66050720214844,46.30555725097656,1950.923095703125,1636.8021240234375,84.30375671386719,304.7508239746094,15.696240425109863,116.06999969482422,35.400146484375,34.34202194213867,1.768791437149048,77.430419921875,3.9880661964416495,137.75076293945312,7.094875335693359
Turkey,2022,TUR,87058469.0,2385996374127.0,443.6026916503906,166.4452362060547,128.85899353027344,100.05032348632812,42.022098541259766,1969.0498046875,1604.5498046875,81.96412658691406,353.0746765136719,18.035873413085938,134.35000610351562,41.91103363037109,41.49280548095703,2.119548797607422,85.86105346679688,4.385981559753418,164.13389587402344,8.384340286254883
Turkmenistan,2000,TKM,4582675.0,18299208667.0,39.36149597167969,0.0,12.336688041687012,24.94817543029785,0.181329995393753,130.27792358398438,130.2686004638672,99.99327850341795,0.008761110715568,0.0067249676212668,0.0,0.0,0.0,0.0,0.0,0.0,0.008761110715568,0.0067249676212668
Turkmenistan,2001,TKM,4675416.0,22282743473.0,34.034183502197266,0.0,11.611215591430664,20.37183952331543,0.1805530041456222,151.92221069335938,151.91293334960938,99.9942626953125,0.0087127080187201,0.0057350010611116,0.0,0.0,0.0,0.0,0.0,0.0,0.0087127080187201,0.0057350010611116
Turkmenistan,2002,TKM,4769473.0,26092440396.0,30.130800247192383,0.0,13.1244478225708,14.520431518554688,0.1797759979963302,130.34510803222656,130.3358917236328,99.99337005615234,0.0086410958319902,0.0066294269636273,0.0,0.0,0.0,0.0,0.0,0.0,0.0086410958319902,0.0066294269636273
Turkmenistan,2003,TKM,4863871.0,30907677346.0,40.56755828857422,0.0,14.835536003112791,22.55191993713379,0.1789990067481994,167.9640655517578,167.95492553710938,99.99488067626952,0.0085940053686499,0.0051165907643735,0.0,0.0,0.0,0.0,0.0,0.0,0.0085940053686499,0.0051165907643735
Turkmenistan,2004,TKM,4958091.0,35857575608.0,49.3551025390625,0.0,15.34483242034912,30.88385581970215,0.2178259938955307,187.1451110839844,187.13601684570312,99.99542999267578,0.0085474262014031,0.0045672850683331,0.0,0.0,0.0,0.0,0.0,0.0,0.0085474262014031,0.0045672850683331
Turkmenistan,2005,TKM,5052260.0,41000508021.0,47.92866516113281,0.0,15.359487533569336,29.82129669189453,0.256307989358902,175.24269104003906,175.23365783691406,99.9951629638672,0.0084784943610429,0.0048381597734987,0.0,0.0,0.0,0.0,0.0,0.0,0.0084784943610429,0.0048381597734987
Turkmenistan,2006,TKM,5147103.0,46019998793.0,49.49959564208984,0.0,14.99675178527832,31.517728805541992,0.3594189882278442,180.04165649414062,180.03268432617188,99.9953155517578,0.0084331547841429,0.0046840161085128,0.0,0.0,0.0,0.0,0.0,0.0,0.0084331547841429,0.0046840161085128
Turkmenistan,2007,TKM,5244047.0,51693703669.0,49.18292617797852,0.0,15.679484367370604,30.717716217041016,0.3621619939804077,165.961181640625,165.9522705078125,99.99494934082033,0.0083882985636591,0.0050543895922601,0.0,0.0,0.0,0.0,0.0,0.0,0.0083882985636591,0.0050543895922601
Turkmenistan,2008,TKM,5345033.0,60001295021.0,59.438419342041016,0.0,16.202207565307617,40.07316970825195,0.3915010094642639,154.9123992919922,154.90353393554688,99.99462890625,0.0083218999207019,0.0053720222786068,0.0,0.0,0.0,0.0,0.0,0.0,0.0083218999207019,0.0053720222786068
Turkmenistan,2009,TKM,5451597.0,64409212896.0,52.462364196777344,0.0,15.2532320022583,34.496559143066406,0.419854998588562,226.6389923095703,226.63018798828125,99.99634552001952,0.008278215304017,0.0036526082549244,0.0,0.0,0.0,0.0,0.0,0.0,0.008278215304017,0.0036526082549244
Turkmenistan,2010,TKM,5564356.0,71115148352.0,59.18406677246094,0.0,16.986303329467773,39.68478393554688,0.4389480054378509,246.7654266357422,246.75624084472656,99.99650573730467,0.0086289057508111,0.003496813122183,0.0,0.0,0.0004153646004851,0.0001683240407146,0.0,0.0,0.008213541470468,0.0033284889068454
Turkmenistan,2011,TKM,5683413.0,82520290491.0,65.15507507324219,0.0,17.752079010009766,43.32680130004883,0.7375800013542175,266.9771728515625,266.9672241210937,99.99649810791016,0.0093542747199535,0.0035037812776863,0.0,0.0,0.0011832901509478,0.0004432187124621,0.0,0.0,0.0081709846854209,0.0030605625361204
Turkmenistan,2012,TKM,5808548.0,87581261691.0,66.93863677978516,0.0,18.57648086547852,42.86513519287109,0.8938220143318176,315.57196044921875,315.56060791015625,99.99662017822266,0.0106583274900913,0.0033774708863347,0.0,0.0,0.0025294623337686,0.0008015502244234,0.0,0.0,0.008128865621984,0.0025759206619113
Turkmenistan,2013,TKM,5939348.0,87286119372.0,64.33964538574219,0.0,19.09310340881348,39.9998893737793,1.0132039785385132,267.65106201171875,267.6374206542969,99.9952163696289,0.0127947572618722,0.0047804024070501,0.0,0.0,0.0047282609157264,0.0017665822524577,0.0,0.0,0.0080664958804845,0.0030138201545923
Turkmenistan,2014,TKM,6075286.0,90639646545.0,62.79934310913086,0.0,19.97979164123535,37.97003173828125,1.1066759824752808,283.7026672363281,283.6856689453125,99.99437713623048,0.0159580148756504,0.0056249289773404,0.0,0.0,0.0079325698316097,0.00279609602876,0.0,0.0,0.0080254450440406,0.0028288329485803
Turkmenistan,2015,TKM,6215773.0,93346148579.0,63.0916748046875,0.0,18.880592346191406,39.4869270324707,1.2593209743499756,322.2480163574219,322.2254638671875,99.99342346191406,0.0211999993771314,0.0065788109786808,0.0,0.0,0.0132151897996664,0.0041009546257555,0.0,0.0,0.007984809577465,0.0024778563529253
Turkmenistan,2016,TKM,6360041.0,92434154525.0,62.09092330932617,0.0,17.970863342285156,39.4846076965332,1.3356430530548096,348.6648864746094,348.6377868652344,99.9926986694336,0.0254599712789058,0.0073021664284169,0.0,0.0,0.0175353474915027,0.0050293076783418,0.0,0.0,0.0079246228560805,0.0022728587500751
Turkmenistan,2017,TKM,6507065.0,96785037864.0,62.956573486328125,0.0,18.96486473083496,39.4869270324707,1.373803973197937,323.5747375488281,323.5478210449219,99.9921875,0.0252849999815225,0.0078143086284399,0.0,0.0,0.017400000244379,0.0053774556145071,0.0,0.0,0.0078849997371435,0.0024368525482714
Turkmenistan,2018,TKM,6655523.0,97638670425.0,61.30165863037109,0.0,17.982912063598633,39.4869270324707,1.0303529500961304,365.4077453613281,365.3809814453125,99.9931182861328,0.0251592025160789,0.0068852710537612,0.0,0.0,0.0173134319484233,0.0047381338663399,0.0,0.0,0.0078457714989781,0.0021471371874213
Turkmenistan,2019,TKM,6803943.0,94329707021.0,62.25421524047852,0.0,17.667808532714844,41.1430549621582,0.9158700108528136,350.6770324707031,350.650390625,99.99285888671876,0.0250346530228853,0.0071389814838767,0.0,0.0,0.0172277223318815,0.004912725649774,0.0,0.0,0.0078069306910037,0.0022262553684413
Turkmenistan,2020,TKM,6949915.0,91559235694.0,62.90496826171875,0.0,16.23151969909668,42.81383895874024,0.7250630259513855,444.2612915039063,444.2346496582031,99.9943618774414,0.0250412579625844,0.0056366259232163,0.0,0.0,0.0172322671860456,0.0038788726087659,0.0,0.0,0.0078089903108775,0.001757753547281
Turkmenistan,2021,TKM,7092042.0,95789282239.0,91.69364166259766,0.0,16.462352752685547,72.26873779296875,0.7632250189781189,444.796875,444.77044677734375,99.99440002441406,0.0249014776200056,0.005598412360996,0.0099999997764825,0.0352112688124179,0.0171428564935922,0.0038540998939424,0.0,0.0,0.0077586211264133,0.0017443125834688
Turkmenistan,2022,TKM,7230197.0,97502944727.0,102.06282806396484,3.999999989900971e-06,17.17683219909668,82.07318878173828,0.8013859987258911,471.770751953125,471.7444152832031,99.99473571777344,0.0248402934521436,0.0052653481252491,0.0099999997764825,0.030674846842885,0.0171007364988327,0.0036248094402253,0.0,0.0,0.0077395574189722,0.0016405388014391
Ukraine,2000,UKR,49556654.0,253196030608.0,285.6634826660156,122.87767791748048,31.577720642089844,124.31426239013672,2.2613730430603027,1585.45654296875,1332.6455078125,84.407958984375,31.333332061767575,1.984610915184021,11.279999732971191,6.564245700836182,0.0,0.0,0.0166666656732559,0.0010556440101936,31.316665649414062,1.9835551977157595
Ukraine,2001,UKR,49106854.0,281110336028.0,303.87603759765625,131.8306427001953,33.95914459228516,130.41734313964844,2.474659919738769,1562.9002685546875,1312.778564453125,84.34322357177734,33.28176498413086,2.138282537460327,12.050000190734863,6.95326042175293,0.0,0.0,0.0441988967359066,0.0028396847192198,33.23756790161133,2.1354427337646484
Ukraine,2002,UKR,48677280.0,301087057315.0,295.9009094238281,136.2279510498047,35.328582763671875,116.28351593017578,2.8174729347229004,1553.2376708984375,1306.631591796875,84.47657012939453,26.43561553955078,1.7091200351715088,9.649999618530272,5.545020580291748,0.0,0.0,0.0602739714086055,0.003896843176335,26.375341415405277,1.7052232027053833
Ukraine,2003,UKR,48315133.0,335257370240.0,307.245361328125,132.44374084472656,37.2073974609375,128.3040008544922,3.612127065658569,1591.927734375,1338.4979248046875,84.41752624511719,25.25613021850586,1.5928751230239868,9.270000457763672,5.133459091186523,0.0,0.0,0.0844686627388,0.0053273416124284,25.171661376953125,1.587547779083252
Ukraine,2004,UKR,47979502.0,381078098070.0,310.6257629394531,135.32342529296875,36.42426300048828,128.4086151123047,4.2640700340271,1585.8719482421875,1311.2735595703125,83.04214477539062,31.94038200378418,2.0227644443511963,11.779999732971191,6.4569172859191895,0.0,0.0,0.0894308984279632,0.0056636030785739,31.850950241088867,2.0171008110046387
Ukraine,2005,UKR,47585558.0,399366244154.0,313.51251220703125,135.90550231933594,36.20934677124024,130.34495544433594,4.78532075881958,1605.4925537109375,1326.1068115234375,82.98362731933594,33.336021423339844,2.086064338684082,12.399999618530272,6.652717113494873,0.0,0.0,0.1021505296230316,0.0063922619447112,33.23387145996094,2.07967209815979
Ukraine,2006,UKR,47278691.0,436786761547.0,333.05419921875,154.0404815673828,40.45816802978516,126.73014831542967,5.48427677154541,1624.43115234375,1341.311767578125,82.94534301757812,34.548126220703125,2.136420488357544,12.93000030517578,6.678374290466309,0.0,0.0,0.093582883477211,0.005787068977952,34.45454406738281,2.130633592605591
Ukraine,2007,UKR,47062802.0,480580682697.0,336.8287658691406,161.46934509277344,43.0704460144043,119.4529800415039,6.164169788360596,1617.8817138671875,1337.0758056640625,82.98777770996094,27.9738712310791,1.736243486404419,10.470000267028809,5.335031986236572,0.0,0.0,0.1196808591485023,0.0074281860142946,26.97606468200684,1.6743130683898926
Ukraine,2008,UKR,46819168.0,499592169886.0,325.9833984375,154.64004516601562,43.84063720703125,114.80223846435548,6.293776988983154,1562.052734375,1286.4759521484375,82.739990234375,31.318403244018555,2.0142500400543213,11.81999969482422,6.13770866394043,0.0,0.0,0.1187335103750228,0.007636371999979,30.374670028686523,1.9535536766052248
Ukraine,2009,UKR,46623731.0,431074416655.0,277.5933532714844,136.61070251464844,42.64157485961914,89.97804260253906,2.5900890827178955,1330.5576171875,1074.43408203125,81.15320587158203,31.87531852722168,2.407578468322754,12.119999885559082,6.981164455413818,0.0,0.0,0.1128608956933021,0.0085245091468095,31.32808303833008,2.3662450313568115
Ukraine,2010,UKR,46455997.0,439429783004.0,294.36578369140625,145.42108154296875,39.78760147094727,100.44212341308594,2.8819620609283447,1426.9146728515625,1152.2208251953125,81.1791763305664,34.967708587646484,2.4636332988739014,13.390000343322754,7.091409683227539,0.0,0.0,0.1302083283662796,0.0091737657785415,34.25,2.413067579269409
Ukraine,2011,UKR,46307854.0,471221167316.0,308.3764038085937,153.8534393310547,39.72906112670898,104.23149871826172,3.901123046875,1474.744384765625,1204.893310546875,82.0897216796875,29.08048248291016,1.9812614917755127,11.1899995803833,5.739933013916016,0.0779792740941047,0.0053127501159906,0.2318652868270874,0.015797046944499,28.35188865661621,1.93162214756012
Ukraine,2012,UKR,46210051.0,472276721174.0,304.4299011230469,158.98138427734375,38.430702209472656,97.2754898071289,3.281461000442505,1442.9893798828125,1174.960693359375,81.80463409423828,29.02733039855957,2.0209784507751465,11.229999542236328,5.646620750427246,0.8590205907821655,0.0598078444600105,0.7427834868431091,0.0517150349915027,27.006776809692383,1.880300760269165
Ukraine,2013,UKR,46126760.0,472286166147.0,297.54022216796875,160.1851348876953,37.33698272705078,90.53776550292967,3.3967878818511963,1369.5684814453125,1110.220458984375,81.49988555908203,39.20442581176758,2.8779475688934326,15.109999656677246,7.773833274841309,1.4578005075454712,0.1070152968168258,1.6332480907440186,0.1198946833610534,35.306419372558594,2.591799736022949
Ukraine,2014,UKR,45972379.0,441233307180.0,257.7030639648437,138.37274169921875,35.329715728759766,75.24918365478516,3.2991859912872314,1208.370849609375,950.507080078125,79.08771514892578,26.423328399658203,2.198574542999268,10.170000076293944,5.562848567962647,1.0916030406951904,0.0908277258276939,2.8758270740509038,0.2392855435609817,21.573204040527344,1.7950160503387451
Ukraine,2015,UKR,45784904.0,398045419167.0,223.8498077392578,119.3929443359375,30.48101043701172,65.54878997802734,3.2775120735168457,1003.4078979492188,757.3712158203125,75.91372680664062,18.46089553833008,1.8503942489624023,7.099999904632568,4.337732315063477,1.206329107284546,0.1209142059087753,2.745316505432129,0.2751718163490295,13.661568641662598,1.3693424463272097
Ukraine,2016,UKR,45616831.0,407666198456.0,234.10565185546875,126.82801055908205,34.11893081665039,64.21150207519531,3.6269850730896,1049.995361328125,816.7634887695312,78.23946380615234,23.77235412597656,2.27720308303833,9.260000228881836,5.626442909240723,1.2331658601760864,0.1181275099515914,2.396482467651367,0.2295640110969543,19.28592872619629,1.8474390506744385
Ukraine,2017,UKR,45436037.0,417287091525.0,223.2877655029297,112.58637237548828,35.33624649047852,66.82792663574219,3.5571069717407227,975.3308715820312,727.2483520507812,75.0516128540039,27.808822631835938,2.86985445022583,10.859999656677246,6.95975399017334,1.8042500019073489,0.1861975491046905,2.4584999084472656,0.2537157535552978,22.3690242767334,2.3084702491760254
Ukraine,2018,UKR,45208903.0,431842093109.0,231.8999786376953,120.54405212402344,35.20930099487305,67.18505096435547,3.7162160873413086,1011.9885864257812,762.6769409179688,75.84077453613281,33.00669860839844,3.282193899154663,13.029999732971191,8.15088176727295,2.754974842071533,0.2739553451538086,2.956218957901001,0.2939670979976654,25.939552307128903,2.579435110092163
Ukraine,2019,UKR,44957451.0,445656664440.0,222.1878967285156,114.04590606689452,38.476600646972656,60.6326904296875,3.9605751037597656,957.6632080078124,715.2097778320312,75.18289184570312,30.6312255859375,3.219956398010254,11.869999885559082,7.700791358947754,7.259405612945557,0.7631091475486755,5.000494956970215,0.5256523489952087,16.109651565551758,1.6934475898742676
Ukraine,2020,UKR,44680008.0,428931213784.0,207.10064697265625,102.15492248535156,34.911251068115234,60.8822021484375,4.064899921417236,918.4515991210938,680.8824462890625,74.66094970703125,42.92868041992188,4.707267761230469,16.950000762939453,11.468976974487305,13.257284164428713,1.4537038803100586,8.0600004196167,0.883804976940155,18.67605781555176,2.047889709472656
Ukraine,2021,UKR,44298642.0,443313281092.0,210.63607788085935,103.68029022216795,37.06731414794922,60.414798736572266,4.338534832000732,934.9348754882812,660.58837890625,71.21835327148438,54.63461685180664,5.89018440246582,21.670000076293945,13.85195541381836,16.020370483398438,1.7271639108657837,9.415517807006836,1.0150915384292605,25.7234001159668,2.773252248764038
Ukraine,2022,UKR,41048768.0,309166674673.0,143.0398712158203,61.2510871887207,31.39701461791992,44.1520881652832,2.9255518913269043,618.78076171875,414.51763916015625,67.58657836914062,46.01606369018555,7.502861022949219,18.299999237060547,16.411083221435547,12.470762252807615,2.033341884613037,3.483292579650879,0.5679464340209961,27.08353805541992,4.415936470031738
United Arab Emirates,2000,ARE,3493583.0,160530689682.0,112.2768096923828,,46.61707305908203,60.331424713134766,2.8217360973358154,535.7819213867188,535.7819213867188,100.0,0.0,0.0,0.0,0.0,0.0,0.0,0.0,0.0,0.0,0.0
United Arab Emirates,2001,ARE,3723596.0,177271829556.0,101.89553833007812,0.0696159973740577,34.954559326171875,61.92892837524414,2.7890639305114746,541.5660400390625,541.5660400390625,100.0,0.0,0.0,0.0,0.0,0.0,0.0,0.0,0.0,0.0,0.0
United Arab Emirates,2002,ARE,3956829.0,195394872658.0,85.2130355834961,0.3590559959411621,10.310047149658203,69.52503204345703,3.1630730628967285,591.693115234375,591.6931762695312,100.0,0.0,0.0,0.0,0.0,0.0,0.0,0.0,0.0,0.0,0.0
United Arab Emirates,2003,ARE,4192465.0,224547226340.0,107.1058349609375,0.4213449954986572,28.904296875,72.2112808227539,3.5720930099487305,631.1553344726562,631.1553344726562,100.0,0.0,0.0,0.0,0.0,0.0,0.0,0.0,0.0,0.0,0.0
United Arab Emirates,2004,ARE,4428964.0,252047957126.0,112.4686050415039,0.4763039946556091,29.27806854248047,77.0733871459961,3.970400094985962,675.0653686523438,675.0653686523438,100.0,0.0,0.0,0.0,0.0,0.0,0.0,0.0,0.0,0.0,0.0
United Arab Emirates,2005,ARE,4664797.0,262413275144.0,115.27328491210938,0.5496000051498413,30.429519653320312,78.22640228271484,4.35799503326416,704.5980834960938,704.5980834960938,100.0,0.0,0.0,0.0,0.0,0.0,0.0,0.0,0.0,0.0,0.0
United Arab Emirates,2006,ARE,5009106.0,307378573765.0,122.72318267822266,1.0662239789962769,31.69359970092773,82.5609130859375,5.606507778167725,741.29296875,741.29296875,100.0,0.0,0.0,0.0,0.0,0.0,0.0,0.0,0.0,0.0,0.0
United Arab Emirates,2007,ARE,5624640.0,367816178792.0,134.1031494140625,0.5129600167274475,33.79673767089844,91.29589080810548,6.772087097167969,818.3610229492188,818.361083984375,100.0,0.0,0.0,0.0,0.0,0.0,0.0,0.0,0.0,0.0,0.0
United Arab Emirates,2008,ARE,6302669.0,464692468324.0,155.03038024902344,1.3740650415420532,35.06980895996094,107.80731964111328,9.182032585144045,938.4005126953124,938.4005126953124,100.0,0.0,0.0,0.0,0.0,0.0,0.0,0.0,0.0,0.0,0.0
United Arab Emirates,2009,ARE,6707063.0,480551549339.0,169.08810424804688,1.0405759811401367,45.08185577392578,113.4704132080078,7.904863834381103,925.5753173828124,925.5575561523438,99.99819946289062,0.0166771654039621,0.0018018182599917,0.0099999997764825,0.011668611317873,0.0166771654039621,0.0018018182599917,0.0,0.0,0.0,0.0
United Arab Emirates,2010,ARE,6938372.0,490048925162.0,185.8484039306641,2.4769129753112797,57.38670349121094,116.86925506591795,7.459520816802978,972.49169921875,972.4406127929688,99.99506378173828,0.0479791685938835,0.0049336487427353,0.0199999995529651,0.0212879199534654,0.0479791685938835,0.0049336487427353,0.0,0.0,0.0,0.0
United Arab Emirates,2011,ARE,7199436.0,551070287560.0,198.5181884765625,1.6780810356140137,58.348121643066406,130.16851806640625,6.60316276550293,1020.9313354492188,1020.874267578125,99.9947509765625,0.0536165758967399,0.0052517494186758,0.0199999995529651,0.020175527781248,0.0536165758967399,0.0052517494186758,0.0,0.0,0.0,0.0
United Arab Emirates,2012,ARE,7497122.0,577394943300.0,208.3235626220703,5.25060510635376,62.53459167480469,132.60983276367188,6.143937110900879,1074.099853515625,1074.0333251953125,99.9941864013672,0.062479380518198,0.0058169281110167,0.0199999995529651,0.0188306178897619,0.062479380518198,0.0058169281110167,0.0,0.0,0.0,0.0
United Arab Emirates,2013,ARE,7831851.0,606587973942.0,214.1880645751953,6.719660758972168,62.407840728759766,136.40838623046875,6.320702075958252,1131.859375,1131.62255859375,99.98036193847656,0.2222813367843628,0.0196388531476259,0.0900000035762786,0.0818256288766861,0.2184731513261795,0.0193023942410945,0.00380818429403,0.0003364581789355,0.0,0.0
United Arab Emirates,2014,ARE,8236880.0,631858461256.0,214.53033447265625,7.485291004180908,60.256046295166016,133.3393096923828,11.706832885742188,1135.19287109375,1134.34912109375,99.93019104003906,0.7923892736434937,0.0698053315281868,0.3100000023841858,0.2660031020641327,0.7848116755485535,0.0691377818584442,0.0075776083394885,0.0006675474578514,0.0,0.0
United Arab Emirates,2015,ARE,8674633.0,674742705535.0,225.0448303222656,6.507157802581787,74.3010482788086,134.15518188476562,8.279733657836914,1223.078857421875,1222.269287109375,99.93778228759766,0.7609848380088806,0.0622212551534175,0.3000000119209289,0.2355157881975174,0.7572152018547058,0.0619130358099937,0.003769620321691,0.0003082196926698,0.0,0.0
United Arab Emirates,2016,ARE,9030873.0,712265114847.0,227.8977203369141,6.976367950439453,77.71468353271484,134.914306640625,6.8257317543029785,1269.522216796875,1268.6763916015625,99.9374542236328,0.7939698696136475,0.062543399631977,0.3199999928474426,0.2468945235013961,0.7939698696136475,0.062543399631977,0.0,0.0,0.0,0.0
United Arab Emirates,2017,ARE,9234330.0,717500233045.0,196.49282836914065,8.068127632141113,59.60228729248047,119.95935821533205,7.027676105499268,1211.8883056640625,1209.9052734375,99.84627532958984,1.8627500534057615,0.1537216752767563,0.75,0.5573307275772095,1.8627500534057615,0.1537216752767563,0.0,0.0,0.0,0.0
United Arab Emirates,2018,ARE,9346870.0,726928170282.0,204.10479736328125,7.27657413482666,70.02877807617188,117.5756607055664,6.946897983551025,1132.72509765625,1129.55517578125,99.7368392944336,2.9803481101989746,0.2631571292877197,1.2000000476837158,0.8822881579399109,2.9803481101989746,0.2631571292877197,0.0,0.0,0.0,0.0
United Arab Emirates,2019,ARE,9377855.0,734982504070.0,204.05807495117188,6.734312057495117,58.16495895385742,130.9636688232422,6.502620220184326,1216.9576416015625,1207.3211669921875,99.25606536865234,9.049010276794434,0.7439355850219727,3.660000085830689,2.643553733825684,9.049010276794434,0.7439355850219727,0.0,0.0,0.0,0.0
United Arab Emirates,2020,ARE,9448529.0,698549476819.0,215.26617431640625,8.086447715759277,67.01455688476562,132.35101318359375,6.017952919006348,1184.4989013671875,1166.780029296875,98.5788345336914,12.803962707519531,1.0817803144454956,5.179999828338623,3.772485494613648,12.80115032196045,1.081542730331421,0.0,0.0,0.0,0.0
United Arab Emirates,2021,ARE,9789055.0,725904671328.0,212.17295837402344,10.053842544555664,69.80532836914062,124.6214828491211,6.058341979980469,1240.6063232421875,1197.758544921875,96.6604232788086,15.401201248168944,1.2428938150405884,6.25,4.193223476409912,15.39984893798828,1.2427847385406494,0.0001108374417526,8.944703040469903e-06,0.0,0.0
United Arab Emirates,2022,ARE,10242085.0,779701520404.0,207.10340881347656,3.939755916595459,60.793087005615234,134.48814392089844,6.139120101928711,1352.9476318359375,1282.42236328125,94.93209838867188,19.064306259155277,1.4112470149993896,7.75,4.986488342285156,19.02544593811035,1.4083703756332395,0.0001105651099351,8.18465014162939e-06,0.0,0.0
United Kingdom,2000,GBR,59057333.0,1889565292321.0,569.03369140625,144.44308471679688,198.2379608154297,210.13101196289065,6.331883907318115,2664.1162109375,2392.519287109375,90.02240753173828,28.88825035095215,1.08696711063385,9.90999984741211,2.6282289028167725,0.0027777778450399,0.00010451838898,2.627777576446533,0.098874382674694,14.127069473266602,0.5315538644790649
United Kingdom,2001,GBR,59288095.0,1939268312671.0,577.9705810546875,153.53366088867188,198.6507568359375,210.1603546142578,5.843838214874268,2691.80615234375,2408.62646484375,89.68949127197266,28.01570701599121,1.0432146787643433,9.539999961853027,2.479403257369995,0.0055248620919883,0.0002057280653389,2.665745973587036,0.0992637947201728,11.200685501098633,0.4170774519443512
United Kingdom,2002,GBR,59540764.0,1983994308619.0,560.273193359375,141.6910858154297,196.13034057617188,207.03038024902344,5.988265037536621,2630.840087890625,2350.893310546875,89.59056854248047,32.46733093261719,1.2373026609420776,11.119999885559082,2.8716042041778564,0.0082191778346896,0.0003132259589619,3.449314832687378,0.1314504891633987,13.116395950317385,0.4998548328876495
United Kingdom,2003,GBR,59820385.0,2050625402735.0,571.6187744140625,153.102783203125,194.39735412597656,208.46226501464844,5.867548942565918,2668.734375,2388.922607421875,89.72917938232422,31.79527473449707,1.1942470073699951,10.6899995803833,2.684513092041016,0.008174386806786,0.0003070342354476,3.5095365047454834,0.1318200230598449,8.79482364654541,0.3303381502628326
United Kingdom,2004,GBR,60169964.0,2099526641365.0,573.4297485351562,147.66229248046875,197.9522857666016,211.7341766357422,5.976630210876465,2690.65185546875,2426.19873046875,90.3754653930664,41.57822799682617,1.5487816333770752,14.140000343322754,3.5895612239837646,0.0108401095494627,0.000403792160796,5.254742622375488,0.1957382261753082,13.128619194030762,0.489038735628128
United Kingdom,2005,GBR,60596107.0,2161729510824.0,570.33837890625,148.03265380859375,200.4476623535156,205.43783569335935,5.941163063049316,2712.682373046875,2436.0947265625,90.0311279296875,50.33787536621094,1.860344648361206,16.93000030517578,4.250031471252441,0.0215053763240575,0.0007947775302454,7.827956676483154,0.2892990112304687,13.233602523803713,0.4890762865543365
United Kingdom,2006,GBR,61051093.0,2212618867772.0,567.8456420898438,160.84376525878906,197.18310546875,194.12640380859372,5.89277982711792,2678.33740234375,2415.492431640625,90.40276336669922,54.69097137451172,2.0468766689300537,18.100000381469727,4.556095600128174,0.0294117629528045,0.0011007713619619,11.32620334625244,0.4238970577716827,12.281835556030272,0.4596627652645111
United Kingdom,2007,GBR,61535859.0,2267631534502.0,559.5664672851562,150.843505859375,196.16026306152344,196.5195770263672,6.1170148849487305,2604.1923828125,2370.072509765625,91.21160888671876,60.73181915283203,2.337247848510742,19.68000030517578,4.959552764892578,0.0372340455651283,0.0014329423429444,14.026110649108888,0.5397911071777344,13.503469467163086,0.5196774005889893
United Kingdom,2008,GBR,62027303.0,2252034759561.0,544.9324340820312,139.21910095214844,188.79953002929688,202.6549530029297,5.204876899719238,2558.816162109375,2342.806640625,91.76602935791016,71.73001861572266,2.80961275100708,21.940000534057617,5.640683174133301,0.0448548831045627,0.0017569331685081,18.726247787475582,0.7334935069084167,13.56513500213623,0.5313364863395691
United Kingdom,2009,GBR,62506222.0,2151479208521.0,494.1076965332031,113.82315063476562,180.26388549804688,188.0704803466797,3.7212090492248535,2422.8115234375,2162.27001953125,89.50402069091797,72.2067642211914,2.988893985748291,25.239999771118164,6.699224948883057,0.0524939782917499,0.002172912005335,24.35950469970703,1.008326292037964,13.721502304077148,0.5679816603660583
United Kingdom,2010,GBR,63006482.0,2190919919855.0,511.9045715332031,118.03036499023438,179.84841918945312,201.9271240234375,3.7920100688934326,2475.146484375,2231.316162109375,90.40059661865234,75.11563873291016,3.0432705879211426,26.18000030517578,6.8523268699646,0.1048882827162742,0.0042494935914874,26.785531997680664,1.0852017402648926,9.352540969848633,0.3789132535457611
United Kingdom,2011,GBR,63509285.0,2223011392593.0,469.71331787109375,117.14967346191406,172.0597381591797,168.2355499267578,4.096816062927246,2332.1884765625,2045.8310546875,88.04132843017578,99.17977142333984,4.268152713775635,35.20000076293945,9.565997123718262,0.6312524080276489,0.0271656364202499,41.35483932495117,1.779685139656067,14.745466232299805,0.6345638632774353
United Kingdom,2012,GBR,63960488.0,2255210551431.0,487.4767761230469,148.00546264648438,170.28836059570312,158.23989868164062,3.72395396232605,2375.14599609375,2069.352294921875,87.46199035644531,115.1930694580078,4.868680953979492,41.2400016784668,11.333718299865724,3.489081382751465,0.1474674195051193,51.15237045288086,2.161975383758545,13.683164596557615,0.5783243775367737
United Kingdom,2013,GBR,64389386.0,2296252599482.0,477.61126708984375,142.45657348632812,165.75648498535156,157.62222290039062,4.029109954833984,2388.47314453125,2038.48583984375,85.74849700927734,158.21852111816406,6.655430316925049,53.209999084472656,14.851512908935549,5.1413350105285645,0.2162692248821258,72.62698364257812,3.055039644241333,12.024319648742676,0.5058006048202515
United Kingdom,2014,GBR,64865914.0,2369725553442.0,438.80706787109375,115.43354034423828,166.5106964111328,144.49220275878906,4.214814186096191,2255.70751953125,1890.724853515625,84.26520538330078,190.8453521728516,8.505534172058105,64.51000213623047,19.081283569335938,10.315680503845217,0.4597458839416504,81.32122802734375,3.624298095703125,14.981803894042969,0.667704164981842
United Kingdom,2015,GBR,65382107.0,2426435869267.0,422.4607849121094,91.54801940917967,170.77255249023438,147.89939880371094,4.3933610916137695,2279.46728515625,1847.762451171875,81.57610321044922,239.2272491455078,10.561546325683594,83.36000061035156,24.59940528869629,19.070541381835938,0.8419374823570251,101.96131134033205,4.501448154449463,15.94245147705078,0.7038367390632629
United Kingdom,2016,GBR,65893359.0,2478973016876.0,399.4301452636719,47.824615478515625,173.93028259277344,165.74203491210938,4.55332088470459,2246.921875,1814.01171875,81.26726531982422,237.9273834228516,10.659087181091309,83.01000213623047,24.473731994628903,26.15057373046875,1.171539068222046,93.36538696289062,4.182745933532715,13.49393081665039,0.6045247316360474
United Kingdom,2017,GBR,66354473.0,2539548543933.0,387.36712646484375,39.12879943847656,174.85061645507812,161.69737243652344,4.4097900390625,2251.04296875,1780.5145263671875,79.68952178955078,277.95916748046875,12.440467834472656,98.88999938964844,29.238365173339844,28.64310073852539,1.2819637060165403,124.10287475585938,5.554405212402344,14.704500198364258,0.6581213474273682
United Kingdom,2018,GBR,66752473.0,2582848171416.0,379.7297668457031,33.280250549316406,173.0871124267578,161.48526000976562,4.363947868347168,2246.42431640625,1755.416748046875,78.75836944580078,311.5966796875,13.980070114135742,110.13999938964844,32.999759674072266,31.513431549072266,1.4138787984848022,141.56121826171875,6.351273059844971,13.540546417236328,0.6075089573860168
United Kingdom,2019,GBR,67110958.0,2624285076706.0,364.7532653808594,24.512704849243164,168.9955291748047,159.3208465576172,4.448499202728272,2192.984619140625,1694.1256103515625,77.91927337646484,341.0111999511719,15.68440055847168,119.73999786376952,36.596473693847656,30.73774528503418,1.413745641708374,158.00714111328125,7.267348766326904,14.685395240783691,0.6754371523857117
United Kingdom,2020,GBR,67351860.0,2334804059780.0,326.2632141113281,22.809404373168945,143.98092651367188,149.4200897216797,3.899688005447388,1982.8426513671875,1464.4393310546875,74.61165618896484,374.2622680664063,19.06827163696289,133.6300048828125,43.06478118896485,30.979999542236328,1.578398585319519,186.7237091064453,9.513378143310549,16.98320960998535,0.8652767539024353
United Kingdom,2021,GBR,67668788.0,2512190098029.0,342.3655700683594,23.758472442626957,149.62635803222656,158.50303649902344,4.215151786804199,1990.96728515625,1514.853271484375,76.76358032226562,344.9913024902344,17.48206901550293,122.48999786376952,39.78239822387695,29.87315368652344,1.5137903690338137,159.9110870361328,8.103324890136719,13.345812797546388,0.676284909248352
United Kingdom,2022,GBR,68179315.0,2615230634906.0,311.1180114746094,19.979087829589844,146.33436584472656,135.04736328125,4.045100212097168,2009.94384765625,1494.3741455078125,75.07656860351562,379.6294250488281,19.072383880615234,135.05999755859375,41.61069869995117,32.77370834350586,1.6465338468551636,197.89312744140625,9.942047119140623,13.908598899841309,0.6987606883049011
United States,2000,USA,281484126.0,12947417795437.0,6023.15771484375,2122.33984375,2440.40478515625,1227.5286865234375,41.445308685302734,26546.236328125,23225.384765625,87.80986785888672,1019.8790283203124,3.855929374694824,350.92999267578125,9.229898452758787,1.4403128623962402,0.0054454933851957,15.693774223327637,0.059334572404623,757.67041015625,2.864578485488892
United States,2001,USA,284279634.0,13073810008320.0,5903.56201171875,2054.728515625,2448.6220703125,1173.1622314453125,41.61336517333984,25918.357421875,22750.3203125,88.05923461914062,849.3164672851562,3.28743314743042,280.0599975585937,7.513205528259277,1.586605191230774,0.006141242571175,18.799406051635746,0.0727665051817894,580.7734985351562,2.2479889392852783
United States,2002,USA,287084335.0,13307343638671.0,5947.8193359375,2060.072021484375,2443.822998046875,1212.086669921875,43.16387176513672,26297.26953125,22941.400390625,87.56272888183594,1008.915283203125,3.850827693939209,336.3399963378906,8.749216079711914,1.6482125520706177,0.0062908972613513,28.65443420410156,0.1093682423233985,707.3084106445312,2.6996545791625977
United States,2003,USA,289908091.0,13680911930765.0,6006.43994140625,2100.3232421875,2505.13427734375,1176.5511474609375,43.34910202026367,26383.083984375,23043.09375,87.65520477294922,1054.697509765625,4.012036323547363,349.17999267578125,9.025211334228516,1.6639081239700315,0.0063294544816017,30.79147148132324,0.1171297952532768,735.61572265625,2.798259258270264
United States,2004,USA,292786248.0,14198910513593.0,6111.544921875,2115.292724609375,2571.107421875,1177.5277099609375,45.88557815551758,26899.1171875,23500.6953125,87.6646499633789,1057.395263671875,3.944401502609253,345.1400146484375,8.733410835266113,1.8919578790664675,0.0070575703866779,38.71709442138672,0.1444263756275177,711.5302734375,2.654221296310425
United States,2005,USA,295716666.0,14673826218839.0,6126.9033203125,2139.954345703125,2584.1298828125,1160.6605224609375,46.194122314453125,26912.564453125,23515.39453125,87.69306945800781,1087.4224853515625,4.055190563201904,353.0400085449219,8.74946403503418,2.013173818588257,0.0075074811466038,48.36143493652344,0.1803483366966247,716.2035522460938,2.6708498001098637
United States,2006,USA,298730208.0,15065164240312.0,6045.326171875,2103.87109375,2550.5400390625,1146.714111328125,46.85074234008789,26699.962890625,23188.212890625,87.16900634765625,1197.585205078125,4.501955986022949,381.1600036621094,9.418474197387695,2.204363822937012,0.0082866325974464,71.81206512451172,0.2699555158615112,763.4866333007812,2.8700947761535645
United States,2007,USA,301844223.0,15333183877566.0,6121.54248046875,2130.169189453125,2538.968017578125,1221.593017578125,45.508880615234375,27066.7109375,23579.912109375,87.40882110595703,1139.0406494140625,4.222331523895264,347.9100036621094,8.398409843444824,2.913325786590576,0.0107994629070162,92.54762268066406,0.343066543340683,646.393798828125,2.3961293697357178
United States,2008,USA,304970325.0,15288552732632.0,5919.22119140625,2096.887939453125,2370.622802734375,1229.7332763671875,41.415653228759766,26407.25,22797.396484375,86.65611267089844,1271.33984375,4.832541465759277,377.1099853515625,9.180943489074709,4.308872222900391,0.0163786299526691,147.55230712890625,0.5608670711517334,662.4112548828125,2.517918348312378
United States,2009,USA,308023452.0,14864003344421.0,5486.10400390625,1842.3917236328125,2243.789794921875,1211.965576171875,29.614643096923828,25110.52734375,21400.8984375,85.57359313964844,1400.78125,5.601161003112793,415.55999755859375,10.547689437866213,5.448714733123779,0.0217872206121683,195.8856964111328,0.78326815366745,712.6852416992188,2.8497419357299805
United States,2010,USA,311062785.0,15239586726210.0,5669.25,1946.51025390625,2258.292724609375,1266.778076171875,31.44923591613769,25953.546875,22175.38671875,85.79938507080078,1458.154296875,5.641783714294434,424.4800109863281,10.318089485168455,7.84644889831543,0.0303589049726724,248.9800262451172,0.9633352756500244,669.9861450195312,2.59226131439209
United States,2011,USA,314105075.0,15477885525000.0,5538.97314453125,1840.242919921875,2212.685791015625,1287.5885009765625,32.20835876464844,25729.087890625,21752.759765625,84.9336166381836,1703.81787109375,6.652554035186768,509.739990234375,12.466524124145508,12.276952743530272,0.0479353442788124,314.483154296875,1.2278989553451538,818.8998413085938,3.19739317893982
United States,2012,USA,317115349.0,15830886903539.0,5331.46728515625,1625.42724609375,2152.244140625,1344.718505859375,35.27034378051758,25047.3671875,21191.72265625,84.97840881347656,1658.88037109375,6.652078628540039,492.3200073242188,12.184118270874023,23.29127311706543,0.0933975577354431,366.6086120605469,1.4700934886932373,706.262939453125,2.8321008682250977
United States,2013,USA,320110752.0,16122472460312.0,5473.43603515625,1684.6717529296875,2178.417236328125,1381.182861328125,36.36922836303711,25728.62890625,21720.931640625,84.81784057617188,1763.835205078125,6.8875813484191895,520.3800048828125,12.831114768981934,41.022239685058594,0.1601873189210891,433.5935974121094,1.693135142326355,681.713134765625,2.6620144844055176
United States,2014,USA,323115377.0,16491319003554.0,5531.38525390625,1682.1622314453125,2210.569091796875,1411.3548583984375,39.43901824951172,25995.9140625,21926.421875,84.73380279541016,1815.2369384765625,7.0149126052856445,546.8300170898438,13.35031032562256,74.34137725830078,0.2872893810272217,466.8961486816406,1.8043020963668823,650.7648315429688,2.51485538482666
United States,2015,USA,326126496.0,16937633974582.0,5368.49658203125,1446.990234375,2235.988037109375,1444.0472412109375,39.90729141235352,25747.42578125,21655.984375,84.4923095703125,1850.3414306640625,7.219233989715576,556.489990234375,13.626134872436523,99.81331634521484,0.3894284963607788,487.7088623046875,1.902829647064209,623.9319458007812,2.4343132972717285
United States,2016,USA,329179423.0,17220065720000.0,5245.36181640625,1319.9930419921875,2252.270263671875,1451.1458740234375,39.43901824951172,25727.05078125,21417.20703125,83.68087768554688,2045.8004150390625,7.99330997467041,624.9099731445312,15.288092613220217,139.24673461914062,0.5440620183944702,576.093994140625,2.2509028911590576,662.7227783203125,2.589376926422119
United States,2017,USA,332204657.0,17606124654726.0,5195.41748046875,1277.0489501953125,2259.15673828125,1424.996337890625,40.32353591918945,25822.15625,21313.416015625,82.99665832519531,2248.14306640625,8.75450325012207,707.1900024414062,17.451526641845703,195.1439514160156,0.7599108815193176,642.178466796875,2.5007097721099854,742.01611328125,2.8894879817962646
United States,2018,USA,335056492.0,18124692769570.0,5361.236328125,1224.3798828125,2305.441162109375,1577.7161865234375,38.97074508666992,26768.98828125,22212.853515625,83.42341613769531,2300.447998046875,8.639647483825684,733.1699829101562,17.449989318847656,234.5972137451172,0.8810619711875916,685.1284790039062,2.573093891143799,720.185546875,2.7047553062438965
United States,2019,USA,337790069.0,18540552700117.0,5235.912109375,1043.896240234375,2299.820068359375,1632.0556640625,40.89587020874024,26578.494140625,21948.142578125,83.05303955078125,2369.579345703125,8.966625213623047,760.760009765625,18.29462432861328,267.26171875,1.0113338232040403,739.7801513671875,2.7993710041046143,706.6030883789062,2.6738269329071045
United States,2020,USA,339436156.0,18027359681343.0,4689.95361328125,853.9247436523438,1991.5787353515625,1612.5040283203125,40.687747955322266,24630.39453125,19944.744140625,81.48905181884766,2477.656005859375,10.12306022644043,821.4000244140625,20.315692901611328,326.0281677246094,1.332066535949707,842.8433837890625,3.4436395168304443,698.2234497070312,2.852759838104248
United States,2021,USA,340161438.0,19099378164000.0,5020.11083984375,979.5035400390624,2182.60546875,1617.423828125,41.312110900878906,25956.828125,21170.12890625,82.0498046875,2610.05517578125,10.115880966186523,861.5800170898438,20.742870330810547,409.0710144042969,1.5854507684707642,940.928466796875,3.646789073944092,613.2088623046875,2.3766348361968994
United States,2022,USA,341534041.0,19493170182843.0,5055.40283203125,916.343017578125,2198.93701171875,1707.391357421875,41.88444519042969,26512.509765625,21487.638671875,81.55218505859375,2865.250732421875,10.874505996704102,958.1400146484376,22.35046768188477,508.9569091796875,1.9316476583480835,1077.84814453125,4.09076452255249,617.3796997070312,2.3431453704833984
Uzbekistan,2000,UZB,24787052.0,116875841754.0,123.47847747802734,4.916938781738281,19.23175430297852,95.36370849609376,1.482782959938049,594.814208984375,577.4301147460938,97.24964141845705,16.330554962158203,2.7503597736358643,3.5299999713897705,7.533077239990234,0.0,0.0,0.0,0.0,16.330554962158203,2.7503597736358643
Uzbekistan,2001,UZB,25090289.0,119890046302.0,126.2225341796875,5.048992156982422,19.016159057617188,96.83952331542967,1.6830049753189087,596.1539306640625,578.4772338867188,97.20692443847656,16.62154769897461,2.7930736541748047,4.360000133514404,9.090909957885742,0.0,0.0,0.0,0.0,16.62154769897461,2.7930736541748047
Uzbekistan,2002,UZB,25399987.0,122757832356.0,132.57655334472656,5.04180908203125,18.72724151611328,102.05632019042967,1.6942670345306396,611.1537475585938,593.097900390625,97.22185516357422,16.94794464111328,2.7781429290771484,6.019999980926514,12.186234474182127,0.0,0.0,0.0,0.0,16.94794464111328,2.7781429290771484
Uzbekistan,2003,UZB,25711261.0,125924032405.0,130.2958221435547,3.876625061035156,19.969379425048828,100.2975845336914,1.7937920093536377,553.15576171875,532.40576171875,96.46755981445312,19.49556350708008,3.5324366092681885,8.170000076293945,16.762413024902344,0.0,0.0,0.0,0.0,19.49556350708008,3.5324366092681885
Uzbekistan,2004,UZB,26029350.0,133132057133.0,129.09922790527344,4.583529949188232,18.608911514282227,99.79344940185548,2.1340010166168213,555.8468627929688,537.1350708007812,96.8277816772461,17.59733772277832,3.1722209453582764,6.099999904632568,12.273641586303713,0.0,0.0,0.0,0.0,17.59733772277832,3.1722209453582764
Uzbekistan,2005,UZB,26356977.0,140239285325.0,121.60163879394533,4.426112174987793,14.428832054138184,95.45452880859376,2.268483877182007,561.6619873046875,541.9743041992188,96.7021942138672,18.482807159423828,3.297809600830078,8.930000305175781,18.73295783996582,0.0,0.0,0.0,0.0,18.482807159423828,3.297809600830078
Uzbekistan,2006,UZB,26699046.0,148405074458.0,124.89879608154295,4.75206184387207,14.48334789276123,97.92839050292967,2.3496129512786865,524.7894897460938,508.1446838378906,97.01386260986328,15.640968322753906,2.9861390590667725,4.650000095367432,9.428224563598633,0.0,0.0,0.0,0.0,15.640968322753906,2.9861390590667725
Uzbekistan,2007,UZB,27076013.0,159993748436.0,123.82270050048828,5.03449010848999,13.784388542175291,98.52796936035156,2.5560009479522705,557.5254516601562,539.2672119140625,96.91374969482422,17.173139572143555,3.086249828338623,4.670000076293945,9.526723861694336,0.0,0.0,0.0,0.0,17.173139572143555,3.086249828338623
Uzbekistan,2008,UZB,27494780.0,171692630381.0,128.38685607910156,4.9244160652160645,13.080479621887209,102.57001495361328,2.8288919925689697,523.3160400390625,510.9914245605469,97.78547668457033,11.572295188903809,2.2145233154296875,4.489999771118164,8.94066047668457,0.0,0.0,0.0,0.0,11.572295188903809,2.2145233154296875
Uzbekistan,2009,UZB,27939333.0,182715813772.0,109.2297592163086,5.305471897125244,11.647855758666992,86.12964630126953,2.907268047332764,524.1907348632812,506.0847778320313,96.74699401855467,17.01653480529785,3.25300931930542,6.480000019073486,12.93413257598877,0.0,0.0,0.0,0.0,17.01653480529785,3.25300931930542
Uzbekistan,2010,UZB,28385509.0,195160171269.0,107.66824340820312,5.151402950286865,10.885360717773438,85.19599151611328,2.926378011703491,525.6619262695312,502.9241027832031,95.93070220947266,21.333593368530277,4.069295406341553,8.1899995803833,15.759090423583984,0.0,0.0,0.0,0.0,21.333593368530277,4.069295406341553
Uzbekistan,2011,UZB,28823194.0,208063390835.0,116.75460052490234,5.41539192199707,9.940431594848633,95.13209533691406,2.7941370010375977,549.9613037109375,534.17822265625,97.30017852783205,14.822020530700684,2.699820280075073,5.699999809265137,10.795454025268556,0.0,0.0,0.0,0.0,14.822020530700684,2.699820280075073
Uzbekistan,2012,UZB,29261908.0,222840047403.0,118.86036682128906,5.47052001953125,8.914786338806152,98.24585723876952,2.793220043182373,543.4570922851562,526.0321044921875,96.9803695678711,16.37881851196289,3.0196328163146973,6.650000095367432,12.54716968536377,0.0,0.0,0.0,0.0,16.37881851196289,3.0196328163146973
Uzbekistan,2013,UZB,29724065.0,239100684823.0,112.39472198486328,8.01683235168457,10.281184196472168,88.31705474853516,2.9708659648895264,545.5870971679688,528.4987182617188,97.05513763427734,16.035804748535156,2.944864511489868,5.699999809265137,10.43764877319336,0.0,0.0,0.0,0.0,16.035804748535156,2.944864511489868
Uzbekistan,2014,UZB,30222994.0,255536474727.0,107.49562072753906,7.434256076812744,10.090656280517578,84.4185562133789,3.105705976486206,566.1685180664062,549.4127197265625,97.21527099609376,15.737934112548828,2.7847325801849365,6.070000171661377,10.887892723083496,0.0,0.0,0.0,0.0,15.737934112548828,2.7847325801849365
Uzbekistan,2015,UZB,30749349.0,273983640646.0,103.37357330322266,5.9945149421691895,10.23391342163086,81.94824981689453,3.1014130115509038,540.15478515625,523.9417724609375,97.17317962646484,15.241759300231934,2.82682204246521,6.820000171661377,11.879464149475098,0.0,0.0,0.0,0.0,15.241759300231934,2.82682204246521
Uzbekistan,2016,UZB,31284565.0,290236358613.0,109.83733367919922,7.097404003143311,10.721220016479492,86.99357604980469,3.1674699783325195,520.7319946289062,502.3555603027344,96.6806640625,17.247379302978516,3.319338321685791,6.860000133514404,11.684551239013672,0.0116658294573426,0.0022451430559158,0.0,0.0,17.235713958740234,3.317093133926392
Uzbekistan,2017,UZB,31819172.0,302992216928.0,108.88287353515624,6.693902969360352,11.116203308105469,85.86296081542969,3.613409996032715,537.743896484375,516.624267578125,96.3017807006836,19.83960723876953,3.698218822479248,7.940000057220459,13.05062484741211,0.0157249998301267,0.0029312316328287,0.0,0.0,19.823883056640625,3.6952874660491934
Uzbekistan,2018,UZB,32373489.0,320808179800.0,102.33026885986328,9.665632247924805,11.688159942626951,75.67625427246094,3.814600944519043,539.00830078125,523.3875732421875,97.27047729492188,14.686882972717283,2.7295260429382324,5.909999847412109,9.35866928100586,0.0169825870543718,0.0031561779323965,0.0,0.0,14.669899940490724,2.726369857788086
Uzbekistan,2019,UZB,32964700.0,339998944961.0,107.94720458984376,8.291631698608398,11.321760177612305,83.15081787109375,4.010769844055176,543.3712158203125,526.2785034179688,97.04044342041016,16.050519943237305,2.9595539569854736,6.46999979019165,10.179357528686523,0.0168985147029161,0.0031159156933426,0.0383663363754749,0.0070743653923273,15.995254516601562,2.9493637084960938
Uzbekistan,2020,UZB,33586373.0,346785285756.0,108.13882446289062,11.520001411437988,12.490992546081545,79.24397277832031,3.8482589721679688,539.8177490234375,526.6703491210938,97.70687866210938,12.36064910888672,2.293123960494995,5.010000228881836,7.53043794631958,0.0169029738754034,0.0031358073465526,0.0,0.0,12.343746185302734,2.2899880409240723
Uzbekistan,2021,UZB,34243696.0,372457828275.0,123.16163635253906,10.240880012512209,11.127568244934082,96.4291534423828,4.482577800750732,575.91748046875,562.6760864257812,97.83287811279295,12.463993072509766,2.167122840881348,5.019999980926514,7.0268754959106445,0.1207413747906684,0.020993385463953,0.002955665346235,0.0005139035638421,12.340295791625977,2.145615577697754
Uzbekistan,2022,UZB,34938953.0,393572464308.0,119.10547637939452,11.90067195892334,11.508624076843262,91.46772003173828,3.405049085617065,592.5219116210938,577.5339965820312,97.61267852783205,14.124815940856934,2.387324571609497,6.920000076293945,9.218063354492188,1.0707616806030271,0.1809762120246887,0.0,0.0,13.054054260253906,2.206348419189453
Venezuela,2000,VEN,24526707.0,330236189305.0,142.90232849121094,0.4799839854240417,82.57190704345703,50.00627136230469,3.926393032073975,772.01220703125,586.0589599609375,77.03778076171875,174.68333435058594,22.962221145629883,62.88999938964844,73.75395965576172,0.0,0.0,0.0,0.0,174.68333435058594,22.962221145629883
Venezuela,2001,VEN,24979934.0,343312598582.0,130.61778259277344,0.1758719980716705,74.81155395507812,46.71233749389648,3.947253942489624,817.0016479492188,639.4387817382812,79.29520416259766,166.96409606933594,20.704797744750977,60.43999862670898,67.07357788085938,0.0,0.0,0.0,0.0,166.96409606933594,20.704797744750977
Venezuela,2002,VEN,25435674.0,314003719638.0,164.23291015625,0.0659520030021667,101.4927978515625,55.71112060546875,3.1560020446777344,815.8416137695312,642.0717163085938,79.7427749633789,163.10684204101562,20.257225036621094,59.52999877929688,64.81219482421875,0.0,0.0,0.0,0.0,163.10684204101562,20.257225036621094
Venezuela,2003,VEN,25892710.0,291333920302.0,154.3640594482422,0.1575520038604736,95.1870574951172,51.82361602783203,3.449657917022705,734.0148315429688,558.4645385742188,77.19976043701172,164.9373321533203,22.800235748291016,60.52999877929688,65.82925415039062,0.0,0.0,0.0,0.0,164.9373321533203,22.800235748291016
Venezuela,2004,VEN,26340843.0,346317458927.0,142.84205627441406,0.0,85.34921264648438,51.101806640625,2.225787878036499,816.9638061523438,615.031982421875,76.40745544433594,189.9051513671875,23.592544555664062,70.06999969482422,71.10095977783203,0.0,0.0,0.0,0.0,189.9051513671875,23.592544555664062
Venezuela,2005,VEN,26785797.0,383570387195.0,148.4082489013672,0.1392319947481155,97.2718734741211,44.32340621948242,2.565385103225708,849.1861572265625,628.4500122070312,75.2024917602539,207.2271270751953,24.79751205444336,77.2300033569336,73.28020477294922,0.0,0.0,0.0,0.0,207.2271270751953,24.79751205444336
Venezuela,2006,VEN,27224691.0,423878563812.0,155.8412322998047,0.648527979850769,100.64641571044922,45.73038482666016,4.893373012542725,933.9674682617188,702.3135986328125,76.33873748779297,217.6827087402344,23.66125869750977,81.5999984741211,73.899658203125,0.0,0.0,0.0,0.0,217.6827087402344,23.66125869750977
Venezuela,2007,VEN,27649369.0,462276737389.0,154.16748046875,0.4030399918556213,99.27974700927734,46.73432159423828,3.525491952896118,975.6624145507812,740.87255859375,77.03710174560547,220.8362274169922,22.962900161743164,83.05999755859375,72.72567749023438,0.0,0.0,0.0,0.0,220.8362274169922,22.962900161743164
Venezuela,2008,VEN,28053694.0,488287068325.0,155.75830078125,0.5129600167274475,101.59172821044922,45.02689743041992,3.5063910484313965,1000.3211669921876,756.6528930664062,76.78272247314453,228.79391479492188,23.21727561950684,86.83999633789062,72.79127502441406,0.0,0.0,0.0,0.0,228.79391479492188,23.21727561950684
Venezuela,2009,VEN,28438296.0,474358611901.0,152.17568969726562,0.8610600233078003,98.8752899169922,43.727169036865234,3.466830015182495,1010.7821044921876,771.0578002929688,77.38764953613281,225.2998809814453,22.612350463867188,85.95999908447266,71.89094543457031,0.0,0.0,0.0,0.0,225.2998809814453,22.612350463867188
Venezuela,2010,VEN,28813101.0,477591738082.0,189.5816650390625,0.7547979950904846,132.73822021484375,47.68418884277344,3.076253890991211,957.0090942382812,744.2269287109375,78.8486099243164,199.6412506103516,21.151390075683597,76.77999877929688,67.49296569824219,0.0064062504097819,0.0006787229795008,0.0,0.0,199.6348419189453,21.150711059570312
Venezuela,2011,VEN,29185220.0,502688619769.0,168.71250915527344,0.7767679691314697,106.38790130615234,47.87748718261719,3.343832969665528,1009.9186401367188,780.5153198242188,78.36894989013672,215.43441772460935,21.631053924560547,83.66999816894531,70.93082427978516,0.0077202073298394,0.0007751603843644,0.0,0.0,215.42669677734372,21.630277633666992
Venezuela,2012,VEN,29553829.0,530969916373.0,175.84507751464844,0.7987520098686218,106.56011199951172,49.742462158203125,3.418936014175415,1054.928466796875,830.8005981445312,79.77171325683594,210.6720733642578,20.22828483581543,82.05999755859375,63.95448303222656,0.0134536083787679,0.0012917869025841,0.0,0.0,210.6586151123047,20.226993560791016
Venezuela,2013,VEN,29912195.0,538100828642.0,198.45216369628903,0.795087993144989,128.25465393066406,48.51136016845703,3.489828109741211,1037.0093994140625,814.6436767578125,79.60847473144531,208.6690673828125,20.391525268554688,83.62999725341797,61.88854598999024,0.0137084396556019,0.0013396138092502,0.2257544696331024,0.0220611412078142,208.4296112060547,20.36812400817871
Venezuela,2014,VEN,30254080.0,517147151484.0,175.99159240722656,0.7474709749221802,106.71614074707033,46.64731979370117,3.1611061096191406,1013.2381591796876,794.9779663085938,79.4986801147461,205.0109100341797,20.501317977905277,64.37999725341797,55.8708610534668,0.0142455464228987,0.0014245704514905,0.2791895568370819,0.027919266372919,204.48809814453125,20.449037551879883
Venezuela,2015,VEN,30573968.0,484975458402.0,166.328369140625,0.6998239755630493,98.38206481933594,46.43387222290039,3.268599033355713,969.3006591796876,767.6364135742188,80.19377899169922,189.59048461914065,19.80622291564941,75.0,58.81430435180664,0.0143443029373884,0.0014985270099714,0.1890227645635604,0.0197469126433134,189.2040557861328,19.765851974487305
Venezuela,2016,VEN,30765719.0,402335647692.0,152.7334442138672,0.5825759768486023,83.66377258300781,48.7568473815918,2.3051390647888184,890.0844116210938,721.22998046875,81.98481750488281,158.4816131591797,18.01517868041992,63.060001373291016,53.92509078979492,0.0142814069986343,0.0016234192298725,0.2461959719657898,0.0279859881848096,158.1864776611328,17.981630325317383
Venezuela,2017,VEN,30565331.0,339285602968.0,139.09329223632812,0.4909760057926178,75.4674072265625,47.82619094848633,2.1538519859313965,872.974365234375,686.2698974609375,79.6449966430664,175.39112854003906,20.355003356933597,60.61000061035156,58.3911361694336,0.0122524993494153,0.0014219628646969,0.2391224950551986,0.0277513414621353,175.08868408203125,20.319902420043945
Venezuela,2018,VEN,29807591.0,272599019803.0,111.23958587646484,0.3920600116252899,52.74858856201172,41.70494842529297,0.8002300262451172,727.8723754882812,555.0216674804688,77.35017395019531,162.5225067138672,22.649826049804688,58.20000076293945,58.36927032470703,0.000873134296853,0.0001216836972162,0.0010671641211956,0.0001487245172029,162.39276123046875,22.631744384765625
Venezuela,2019,VEN,28938096.0,197170883456.0,105.43048095703124,0.2857919931411743,52.13505554199219,34.47457504272461,0.5971859693527222,656.968017578125,491.29437255859375,75.94990539550781,155.5719451904297,24.050092697143555,49.709999084472656,58.37932968139648,0.0032450493890792,0.0005016569048166,0.1494034677743911,0.0230964981019496,155.41929626464844,24.0264949798584
Venezuela,2020,VEN,28444080.0,138029481377.0,80.90115356445312,0.197855994105339,38.28513717651367,25.713951110839844,0.5573740005493164,527.8601684570312,351.3424377441406,67.91881561279297,165.95521545410156,32.08118438720703,62.540000915527344,77.6797866821289,0.0032370369881391,0.0006257590721361,0.0490869469940662,0.0094891106709837,165.90127563476562,32.07075881958008
Venezuela,2021,VEN,28237830.0,138656126606.0,94.90249633789062,0.2015199959278106,40.36995315551758,37.94071960449219,0.9953100085258484,604.0859985351562,426.5015563964844,71.84269714355469,167.15869140625,28.157299041748047,65.70999908447266,79.2354965209961,0.0028041873592883,0.0004723556048702,0.0471550114452838,0.0079430975019931,167.10679626464844,28.148557662963867
Venezuela,2022,VEN,28213015.0,149682062815.0,108.42350006103516,0.2174299955368042,51.73934555053711,39.241153717041016,1.035122990608215,646.047119140625,467.3824462890625,73.51570129394531,168.37623596191406,26.48430061340332,64.54000091552734,78.36328125,0.0027972974348813,0.00043999357149,0.0398562625050544,0.0062690866179764,168.33358764648438,26.47759056091309
Vietnam,2000,VNM,77154016.0,220383060780.0,53.93546676635742,20.71625518798828,23.193119049072266,3.0631039142608643,5.6284708976745605,214.14895629882807,171.12181091308594,80.89288330078125,40.41944122314453,19.107120513916016,14.550000190734863,54.7816276550293,0.0,0.0,0.0,0.0,40.41944122314453,19.107120513916016
Vietnam,2001,VNM,77969357.0,234846323475.0,60.9833869934082,24.953353881835938,25.561613082885746,2.564955949783325,6.573677062988281,242.0448760986328,188.5477600097656,78.93928527832031,50.30386734008789,21.060718536376957,18.209999084472656,59.490360260009766,0.0,0.0,0.0,0.0,50.30386734008789,21.060718536376957
Vietnam,2002,VNM,78772227.0,250683369279.0,69.53095245361328,27.490991592407227,28.6378231048584,4.100016117095947,8.273781776428223,264.7552795410156,211.6383209228516,80.93372344970703,49.8575325012207,19.066280364990234,18.200000762939453,50.83799362182617,0.0,0.0,0.0,0.0,49.8575325012207,19.066280364990234
Vietnam,2003,VNM,79563778.0,268202912195.0,77.26105499267578,31.975727081298828,29.498863220214844,5.206543922424316,9.36605167388916,285.3287048339844,230.26693725585935,81.65496826171875,51.73296737670898,18.345029830932617,18.989999771118164,46.39628601074219,0.0,0.0,0.0,0.0,51.73296737670898,18.345029830932617
Vietnam,2004,VNM,80338977.0,288148996981.0,88.9391860961914,34.79191207885742,33.890602111816406,8.760263442993164,10.30066204071045,347.7745666503906,296.4292907714844,85.99217987060547,48.28726577758789,14.007817268371582,17.81999969482422,38.57142639160156,0.0,0.0,0.0,0.0,48.28726577758789,14.007817268371582
Vietnam,2005,VNM,81088309.0,308988652738.0,95.84205627441406,39.45761489868164,33.8553581237793,9.394495964050291,11.982747077941896,369.7912902832031,322.2851257324219,87.84236907958984,44.60517501831055,12.157632827758787,16.579999923706055,31.835636138916016,0.0,0.0,0.0,0.0,44.44892501831055,12.115044593811035
Vietnam,2006,VNM,82167901.0,329425429734.0,99.65592193603516,42.74422454833984,32.415409088134766,11.21183967590332,12.257933616638184,338.9682006835937,282.6749572753906,84.23442077636719,52.90633392333984,15.765579223632812,19.770000457763672,34.145076751708984,0.0,0.0,0.0,0.0,52.70320892333984,15.705049514770508
Vietnam,2007,VNM,83633374.0,351786434406.0,101.43263244628906,36.46412658691406,37.3581428527832,12.479583740234377,14.06325340270996,370.27386474609375,306.5783386230469,83.6507339477539,59.91975021362305,16.349266052246094,22.520000457763672,35.09975051879883,0.0,0.0,0.0,0.0,59.6728744506836,16.281906127929688
Vietnam,2008,VNM,85175789.0,370681828207.0,114.29957580566406,43.64051055908203,40.419960021972656,13.90077304840088,15.362524032592772,457.2085876464844,384.0116882324219,84.81808471679688,68.73572540283203,15.181914329528809,26.030000686645508,36.68780899047852,0.0,0.0,0.0044854879379272,0.0009907264029607,68.55936431884766,15.142961502075195
Vietnam,2009,VNM,86460023.0,389670892896.0,124.49339294433594,45.48855972290039,43.34145736694336,15.374143600463867,19.23871421813965,467.7254028320313,383.7779235839844,82.9463882446289,78.90398406982422,17.053613662719727,30.049999237060547,37.26438522338867,0.0,0.0,0.0304461922496557,0.0065803723409771,78.6797866821289,17.005157470703125
Vietnam,2010,VNM,87455148.0,413666257649.0,139.5638427734375,47.46345520019531,49.30278396606445,18.048864364624023,23.770029067993164,540.2252197265625,460.7486877441406,86.06910705566406,74.57543182373047,13.930892944335938,28.6200008392334,31.203662872314453,0.0153541667386889,0.00286820018664,0.1059895828366279,0.0197991412132978,74.28221130371094,13.876118659973145
Vietnam,2011,VNM,88468315.0,438354712953.0,152.56393432617188,59.55099105834961,47.17766571044922,16.279151916503906,28.222820281982425,597.1419677734375,483.5210571289063,81.92072296142578,106.7093734741211,18.079273223876957,41.18999862670898,40.5772819519043,0.0152746113017201,0.002587906550616,0.1054404154419899,0.017864279448986,106.41365814208984,18.029170989990234
Vietnam,2012,VNM,89510355.0,462486159336.0,144.28753662109375,52.31459045410156,44.20982360839844,17.957263946533203,28.11795425415039,621.0375366210938,474.5679931640625,77.51197814941406,137.6831817626953,22.488021850585938,53.41999816894531,46.38763046264648,0.0151958763599395,0.0024819676764309,0.1048969030380249,0.0171329844743013,137.3849639892578,22.439313888549805
Vietnam,2013,VNM,90573103.0,488172621311.0,151.45936584472656,56.5611686706543,43.90937423706055,18.71937561035156,30.315961837768555,656.1240844726562,498.15228271484375,77.06549072265625,148.2489776611328,22.934511184692383,57.959999084472656,46.56917953491211,0.0150792840868234,0.002332805423066,0.1762148290872573,0.0272609032690525,147.87643432617188,22.87687873840332
Vietnam,2014,VNM,91679582.0,519523061605.0,180.04751586914062,78.14945220947266,47.69795227050781,19.59873580932617,32.694374084472656,723.7809448242188,554.9769287109375,77.77861785888672,158.55715942382812,22.221385955810547,62.29999923706055,44.10619354248047,0.0169694647192955,0.0023782276548445,0.1753180474042892,0.0245703812688589,158.1804962158203,22.168596267700195
Vietnam,2015,VNM,92823254.0,555822142751.0,213.3913116455078,97.8984146118164,58.913455963134766,20.46343994140625,34.29752731323242,810.4799194335938,658.77490234375,82.20296478271484,142.62550354003906,17.797033309936523,56.31999969482422,34.780460357666016,0.0168835427612066,0.0021067548077553,0.3063291013240814,0.0382242240011692,142.0835418701172,17.729406356811523
Vietnam,2016,VNM,94000115.0,593006635951.0,221.02700805664065,106.90452575683594,55.36670303344727,20.3681755065918,36.82206344604492,876.6734619140625,704.559326171875,81.34711456298828,161.5553436279297,18.652881622314453,64.2699966430664,35.8709602355957,0.0132914567366242,0.0015346070285886,0.5050251483917236,0.0583092719316482,160.65577697753906,18.54901885986328
Vietnam,2017,VNM,95176978.0,634161327073.0,227.69436645507807,108.3023452758789,57.04751586914063,17.876354217529297,42.73530960083008,950.0255737304688,719.6976318359375,76.88316345214844,216.39498901367188,23.11683464050293,86.51000213623047,44.42789840698242,0.0199800003319978,0.0021344041451811,0.875,0.0934736579656601,214.8500061035156,22.95178985595703
Vietnam,2018,VNM,96237319.0,681501440291.0,255.46841430664065,122.27322387695312,63.630001068115234,18.55477905273437,49.63739776611328,1078.9119873046875,856.1978149414062,80.34451293945312,209.4603271484375,19.655488967895508,84.08000183105469,38.71443176269531,0.0547263659536838,0.0051354523748159,1.2114427089691162,0.1136802360415458,206.66915893554688,19.393569946289062
Vietnam,2019,VNM,97173778.0,731653148132.0,339.3123474121094,191.60888671875,70.80680084228516,18.90624046325684,56.53781509399414,1208.173583984375,1018.1651611328124,85.08586120605469,178.46749877929688,14.914142608642578,72.01000213623047,30.39807510375977,11.925742149353027,0.9966084361076356,1.7920790910720823,0.1497601717710495,163.6559295654297,13.676371574401855
Vietnam,2020,VNM,98079196.0,752629620043.0,362.598876953125,215.95982360839844,68.38489532470703,16.93134307861328,60.0660400390625,1228.728271484375,1005.4325561523438,82.72383117675781,209.9760589599609,17.27617073059082,84.94999694824219,34.81557083129883,26.570369720458984,2.186126470565796,2.4246914386749268,0.1994959861040115,179.9185028076172,14.803129196166992
Vietnam,2021,VNM,98935101.0,771912038182.0,314.19659423828125,172.61256408691406,64.08256530761719,14.435980796813965,62.07080078125,1223.3848876953125,939.3306274414062,77.83990478515625,267.416259765625,22.16009521484375,108.4800033569336,42.77434158325195,64.41133117675781,5.3376007080078125,8.22906494140625,0.6819213628768921,193.7758636474609,16.057706832885742
Vietnam,2022,VNM,99680656.0,833803909046.0,322.65313720703125,177.2480926513672,72.80538177490234,15.510002136230469,55.97937774658203,1293.4947509765625,951.4025268554688,74.68779754638672,322.436767578125,25.31220245361328,131.1300048828125,49.46249008178711,63.2678108215332,4.966702461242676,22.33660888671875,1.7534871101379397,235.65110778808597,18.49928092956543
