country,iso_code_co2,co2,year,population_co2,gdp_co2,primary_energy_consumption_energy,fossil_share_energy,renewables_share_energy,renewables_electricity,renewables_share_elec,solar_share_energy,wind_share_energy,hydro_share_energy,gdp_per_capita,energy_per_capita
Algeria,DZA,84.55245208740234,2000,30903894.0,208554150552.0,299.9456481933594,99.94998931884766,0.0500106699764728,0.050000000745058,0.1968504041433334,0.0,0.0,0.0500106699764728,6748.474821716642,9705.75579224286
Algeria,DZA,86.01919555664062,2001,31331226.0,223420294027.0,310.8129577636719,99.9386749267578,0.0613279342651367,0.0700000002980232,0.2629601657390594,0.0,0.0,0.0613279342651367,7130.914507686357,9920.229670031804
Algeria,DZA,89.65840148925781,2002,31750832.0,245360923720.0,321.95050048828125,99.95149230957033,0.0485072433948516,0.0599999986588954,0.2169981896877288,0.0,0.0,0.0485072433948516,7727.7006070266125,10139.907530243026
Algeria,DZA,94.0779266357422,2003,32175813.0,273568638765.0,336.922119140625,99.78565979003906,0.2143433988094329,0.2599999904632568,0.8792694807052612,0.0,0.0,0.2143433988094329,8502.306958490839,10471.285345319013
Algeria,DZA,90.85253143310548,2004,32628286.0,296773569597.0,349.7778015136719,99.80550384521484,0.1944950670003891,0.25,0.800000011920929,0.0,0.0,0.1944950670003891,9095.591769576864,10720.0789374493
Algeria,DZA,109.56442260742188,2005,33109258.0,326854481030.0,366.27154541015625,99.59233856201172,0.4076589345932007,0.550000011920929,1.6219404935836792,0.0,0.0,0.4076589345932007,9871.996558485243,11062.511440460437
Algeria,DZA,103.79776000976562,2006,33623505.0,345705309468.0,379.2200622558594,99.8465576171875,0.1534400582313537,0.2199999988079071,0.6244677901268005,0.0,0.0,0.1534400582313537,10281.655926947533,11278.42151661046
Algeria,DZA,107.54869842529295,2007,34189420.0,371665260161.0,399.6397705078125,99.8495864868164,0.1504157036542892,0.2199999988079071,0.5915569067001343,0.0,0.0,0.1504157036542892,10870.76821311973,11688.98947416518
Algeria,DZA,108.59608459472656,2008,34816963.0,395658515586.0,423.5569152832031,99.8236846923828,0.1763133406639099,0.2800000011920929,0.6959980130195618,0.0,0.0,0.1763133406639099,11363.958297741248,12165.24586832008
Algeria,DZA,116.32797241210938,2009,35490442.0,418247711085.0,448.8593444824219,99.79999542236328,0.2000075876712799,0.3000000119209289,0.7792208194732666,0.0,0.0,0.2000075876712799,11784.798596901104,12647.330356787945
Algeria,DZA,117.84735870361328,2010,36188237.0,450705801593.0,438.9949035644531,99.8919677734375,0.1080314293503761,0.1700000017881393,0.371747225522995,0.0053986054845154,0.0,0.1026328206062316,12454.483527147233,12130.872901170984
Algeria,DZA,124.71524047851562,2011,36903374.0,482028679734.0,464.48828125,99.77903747558594,0.2209660559892654,0.5,0.976181149482727,0.0101071428507566,0.0,0.2108589112758636,13061.913518639245,12586.607426464583
Algeria,DZA,135.5934600830078,2012,37646165.0,498417638719.0,507.671875,99.7889175415039,0.2110803425312042,0.6200000047683716,1.080139398574829,0.0135684162378311,0.0,0.1975119262933731,13239.532863945105,13485.354351499018
Algeria,DZA,141.53427124023438,2013,38414176.0,512373332647.0,536.976806640625,99.93922424316406,0.0607765018939971,0.3300000131130218,0.5510101914405823,0.0136223193258047,0.0,0.0471541844308376,13338.131544120588,13978.610569197814
Algeria,DZA,152.43466186523438,2014,39205035.0,531843509827.0,585.61328125,99.8896255493164,0.1103725954890251,0.25,0.3889839947223663,0.0260722674429416,0.0004345377965364,0.0838657915592193,13565.694044833783,14937.19572626322
Algeria,DZA,160.3216094970703,2015,40019528.0,551521739825.0,617.5181884765625,99.9089813232422,0.0910188481211662,0.2199999988079071,0.3195816576480865,0.0237796995788812,0.0077899009920656,0.0594492480158805,13781.315457418688,15430.421580098659
Algeria,DZA,158.30831909179688,2016,40850719.0,569170418715.0,616.995849609375,99.8631362915039,0.1368611305952072,0.3400000035762787,0.4786036014556885,0.0997791215777397,0.0077591729350388,0.0293228421360254,13932.935151398437,15103.671727525163
Algeria,DZA,165.2516326904297,2017,41689302.0,577138830559.0,623.794677734375,99.7679214477539,0.232082262635231,0.6399999856948853,0.841330349445343,0.2020197808742523,0.0076158251613378,0.0224466435611248,13843.811310609135,14962.943676398683
Algeria,DZA,174.461181640625,2018,42505033.0,584064441740.0,669.6197509765625,99.72876739501952,0.2712335288524627,0.8199999928474426,1.0684038400650024,0.2240463197231292,0.0037155279424041,0.0434716790914535,13741.06548135135,15753.893214870872
Algeria,DZA,182.42498779296875,2019,43294551.0,589905104177.0,694.348876953125,99.72296142578124,0.2770384550094604,0.8700000047683716,1.066045880317688,0.2192775309085846,0.0035654881503432,0.0541954189538955,13625.38912060781,16037.789073112803
Algeria,DZA,171.13853454589844,2020,44042094.0,559819958223.0,648.8988037109375,99.71749877929688,0.2825045883655548,0.8799999952316284,1.1087312698364258,0.2606973648071289,0.0029304665513336,0.0188767742365598,12711.020466533675,14733.604712594672
Algeria,DZA,182.0358123779297,2021,44761099.0,578853830170.0,707.6273193359375,99.76195526123048,0.2380471229553222,0.8100000023841858,0.946261703968048,0.2311542779207229,0.0036553009413182,0.0032375522423535,12932.073677860322,15808.980010431324
Algeria,DZA,192.778564453125,2022,45477391.0,595820067103.0,734.247802734375,99.77208709716795,0.2279137521982193,0.8600000143051147,0.9401989579200744,0.2172041535377502,0.0053548021242022,0.0053548021242022,13101.456657946803,16145.336981498675
Argentina,ARG,143.3548126220703,2000,37213986.0,536480965694.0,703.6347045898438,85.9854965209961,11.556683540344238,29.0,32.591590881347656,1.4324338735605124e-05,0.0138301495462656,11.370038986206056,14416.111343031085,18907.802689823224
Argentina,ARG,135.00396728515625,2001,37624817.0,514867255248.0,687.3407592773438,82.0981216430664,15.036309242248535,36.9900016784668,41.03616714477539,1.745565350574907e-05,0.0200378745794296,14.849555015563965,13684.2460987385,18268.281790642166
Argentina,ARG,124.93011474609376,2002,38029345.0,460558541367.0,658.1510620117188,82.21666717529297,15.334840774536133,36.380001068115234,43.007450103759766,1.976963540073484e-05,0.0308763831853866,15.049670219421388,12110.609356195853,17306.40014998204
Argentina,ARG,134.42098999023438,2003,38424283.0,503104157615.0,704.7577514648438,83.43450927734375,13.613283157348633,34.7599983215332,37.75387954711914,2.536258762120269e-05,0.0304171591997146,13.188770294189451,13093.390906344302,18341.467854191156
Argentina,ARG,157.2351531982422,2004,38815915.0,550306327169.0,751.156982421875,85.67436981201172,11.464811325073242,31.39999961853028,31.31857109069824,2.544886592659168e-05,0.0263381227850914,11.0747652053833,14177.337495947217,19351.77832138892
Argentina,ARG,161.7279510498047,2005,39216786.0,601050418142.0,796.3668212890625,85.6293716430664,12.03158187866211,35.209999084472656,33.29550552368164,2.756620233412832e-05,0.0244078859686851,11.64455509185791,15326.35586562346,20306.78447971393
Argentina,ARG,174.34165954589844,2006,39622113.0,652296814311.0,836.0589599609375,84.83195495605469,12.67781925201416,39.13999938964844,34.505863189697266,2.902740197896492e-05,0.0224607586860656,12.260920524597168,16462.94871530451,21100.81711091323
Argentina,ARG,173.76358032226562,2007,40016767.0,714725198062.0,869.0759887695312,87.74140930175781,10.023991584777832,32.349998474121094,28.497180938720703,3.354668660904281e-05,0.0189737472683191,9.617380142211914,17860.643216429755,21717.79616203206
Argentina,ARG,187.5955352783203,2008,40424151.0,747157417513.0,879.07177734375,87.89398193359375,9.871803283691406,32.45000076293945,26.617996215820312,4.3421263399068266e-05,0.0126761924475431,9.427489280700684,18482.946432517532,21746.202594180642
Argentina,ARG,178.37844848632812,2009,40854832.0,705920838368.0,852.1541137695312,86.26725769042969,11.193401336669922,35.849998474121094,29.30837059020996,2.3610282369190827e-05,0.0114295091480016,10.742669105529783,17278.76003425984,20858.098590872465
Argentina,ARG,186.1212921142578,2010,41288694.0,785785170150.0,882.2677001953125,86.76467895507812,11.091996192932127,34.77000045776367,27.5952377319336,2.553258491388988e-05,0.0075362916104495,9.916925430297852,19031.485232979274,21368.26367516765
Argentina,ARG,189.88381958007807,2011,41730655.0,837742673804.0,907.375732421875,87.74905395507812,10.412117958068848,32.61000061035156,25.18341064453125,0.0004637299571186,0.007639923132956,8.960541725158691,20074.994600587986,21743.625457637198
Argentina,ARG,191.71456909179688,2012,42161718.0,829147409948.0,944.1318969726562,88.54119110107422,9.70129680633545,30.989999771118164,22.78341293334961,0.0022436890285462,0.101536601781845,8.006376266479492,19665.88292127944,22393.107818155233
Argentina,ARG,189.5248413085937,2013,42582453.0,849088398588.0,1009.4488525390624,88.28382873535156,10.13409423828125,34.77000045776367,24.93366813659668,0.0038421701174229,0.1155537664890289,8.352962493896484,19939.865807824644,23705.7468844987
Argentina,ARG,188.5391845703125,2014,43024071.0,827750786191.0,993.0078125,88.18254852294922,10.396154403686523,34.540000915527344,24.93142890930176,0.0041097463108599,0.1596807986497879,8.355770111083984,19239.24833126554,23080.284813122402
Argentina,ARG,191.8087921142578,2015,43477011.0,850356641236.0,1009.9921264648438,87.95014190673828,10.275299072265623,34.43000030517578,23.67624855041504,0.0037016402930021,0.1495820134878158,8.152400016784668,19558.765004245575,23230.486715493018
Argentina,ARG,190.0204925537109,2016,43900312.0,832669278245.0,1005.7216796875,88.33233642578125,9.586402893066406,31.489999771118164,21.395570755004883,0.0035854992456734,0.1375012397766113,7.474153995513916,18967.27472563293,22909.214852220186
Argentina,ARG,187.0680084228516,2017,44288898.0,856142153676.0,996.9880981445312,88.0194091796875,10.44533348083496,33.68000030517578,23.130279541015625,0.0041399970650672,0.1542234122753143,7.9673662185668945,19330.852478560202,22511.01615001871
Argentina,ARG,182.48345947265625,2018,44654876.0,833736983405.0,986.0548095703124,87.43233489990234,10.823792457580566,35.220001220703125,23.99509620666504,0.0274396296590566,0.358504980802536,8.191202163696289,18670.681862491343,22081.68285072189
Argentina,ARG,180.4276580810547,2019,44973469.0,817053926667.0,925.657958984375,86.31107330322266,11.41699504852295,34.779998779296875,24.926538467407227,0.2152163684368133,1.34452486038208,7.402069568634033,18167.465059611033,20582.311739936606
Argentina,ARG,164.6127166748047,2020,45191960.0,735814250460.0,863.9719848632812,85.28540802001953,11.833356857299805,36.619998931884766,25.318029403686523,0.3869203627109527,2.708480834960937,6.812388896942139,16281.97251148213,19117.82504815638
Argentina,ARG,190.19692993164065,2021,45312282.0,812324184006.0,948.1873779296876,86.39404296875,10.947453498840332,37.040000915527344,24.18544006347656,0.5757954120635986,3.38205623626709,5.136262893676758,17927.240654222624,20925.6152212702
Argentina,ARG,183.7681427001953,2022,45407904.0,854914363923.0,1001.241455078125,86.14564514160156,12.00951099395752,42.27000045776367,29.029600143432617,0.7261838316917419,3.4986777305603027,5.62396764755249,18827.43506335373,22049.937717409837
Australia,AUS,349.89764404296875,2000,19132472.0,692059312020.0,1305.259521484375,96.23548889160156,3.764508247375488,17.540000915527344,8.089286804199219,0.0099723152816295,0.0285837464034557,3.5124940872192383,36171.97568719818,68222.20994152638
Australia,AUS,357.66778564453125,2001,19365438.0,713890072308.0,1315.38525390625,96.34463500976562,3.6553659439086914,17.260000228881836,7.6964240074157715,0.0113974828273057,0.0604077130556106,3.393671751022339,36864.13249770029,67924.37402687458
Australia,AUS,362.4249267578125,2002,19595356.0,747065694937.0,1341.7451171875,96.28914642333984,3.7108545303344727,17.950000762939453,8.031679153442383,0.0119316838681697,0.1091964095830917,3.294004201889038,38124.62988358058,68472.60734571498
Australia,AUS,370.784423828125,2003,19819449.0,774450991263.0,1360.8623046875,96.2034912109375,3.7965071201324463,18.65999984741211,8.258463859558105,0.0126830618828535,0.1412897258996963,3.2531557083129883,39075.30382216983,68662.97366225973
Australia,AUS,382.0048828125,2004,20046679.0,809792445090.0,1404.444091796875,96.17093658447266,3.829066753387451,19.3799991607666,8.454390525817871,0.0141069293022155,0.1537355631589889,3.033454179763794,40395.341547096155,70058.69110773286
Australia,AUS,385.0815124511719,2005,20294490.0,840092380696.0,1410.3502197265625,95.90489959716795,4.09509801864624,20.71999931335449,8.979804039001465,0.0160567685961723,0.2481683045625686,2.954541206359864,41395.09693005343,69494.24300519809
Australia,AUS,391.3725280761719,2006,20590566.0,866678665246.0,1470.837890625,95.97647094726562,4.023526191711426,21.13999938964844,8.882725715637207,0.0177631080150604,0.3939037621021271,2.72278380393982,42091.05593532494,71432.61096489528
Australia,AUS,398.896240234375,2007,20954545.0,911250727265.0,1506.1669921875,96.21353149414062,3.786470651626587,20.290000915527344,8.343271255493164,0.0201256573200225,0.504618763923645,2.308735609054565,43487.020465727124,71877.81897375963
Australia,AUS,404.279296875,2008,21370595.0,937889628737.0,1531.7454833984375,96.50086975097656,3.499129056930542,19.1200008392334,7.791996479034424,0.0240233838558197,0.5968654751777649,2.039079427719116,43886.921666757524,71675.3784065646
Australia,AUS,406.9770812988281,2009,21783014.0,963129933389.0,1509.5445556640625,96.27782440185548,3.7221736907958975,20.15999984741211,8.067227363586426,0.05056893825531,0.7731902599334717,2.202627420425415,44214.723150294994,69299.15922856508
Australia,AUS,405.0259399414063,2010,22141583.0,993853968687.0,1508.837890625,95.912353515625,4.087644577026367,22.15999984741211,8.829740524291992,0.1691334694623947,0.8624066710472107,2.37806248664856,44886.31046330337,68144.98722268413
Australia,AUS,403.8743896484375,2011,22479779.0,1024000293343.0,1558.6024169921875,94.60803985595705,5.391960620880127,30.61000061035156,11.943967819213867,0.3409082591533661,1.072473406791687,3.2634406089782715,45552.062293094605,69333.52934618207
Australia,AUS,405.005126953125,2012,22852648.0,1062662906305.0,1536.113037109375,94.60008239746094,5.399917125701904,30.270000457763672,12.076119422912598,0.405926913022995,1.300076961517334,2.8670692443847656,46500.64650297856,67218.16382545143
Australia,AUS,397.8498840332031,2013,23236271.0,1086068056518.0,1555.586181640625,93.82730865478516,6.172687530517578,35.529998779296875,14.237056732177734,0.6348493695259094,1.5278031826019287,3.1498258113861084,46740.20442083844,66946.46407078937
Australia,AUS,392.6095886230469,2014,23595599.0,1113888062929.0,1566.4581298828125,94.3372802734375,5.662723541259766,32.7599983215332,13.22834587097168,0.8069941401481628,1.593291997909546,2.360360145568848,47207.45012360144,66387.7246719955
Australia,AUS,400.5891723632813,2015,23947997.0,1139303344945.0,1601.6258544921875,94.04469299316406,5.955306529998779,35.79999923706055,14.09504222869873,0.9826395511627196,1.876770257949829,2.234196662902832,47574.05577364153,66879.32416611658
Australia,AUS,409.6663208007813,2016,24329963.0,1169967279612.0,1606.8890380859375,93.21490478515624,6.785098552703857,41.7400016784668,16.16388511657715,1.168030858039856,2.0472092628479004,2.767786264419556,48087.50755650553,66045.68359129595
Australia,AUS,413.4078369140625,2017,24731044.0,1197832839959.0,1602.028076171875,93.62653350830078,6.373468399047852,39.18999862670898,15.133026123046877,1.3968232870101929,2.0693044662475586,2.1145613193511963,48434.38230747558,64778.02053855369
Australia,AUS,414.7805786132813,2018,25119700.0,1231576952488.0,1625.908203125,92.15235900878906,7.847639083862305,49.4900016784668,18.84400177001953,1.8954954147338867,2.499534368515014,2.6608328819274902,49028.33045330955,64726.41803544628
Australia,AUS,414.9253234863281,2019,25482714.0,1255505542015.0,1680.292724609375,91.59278869628906,8.407210350036621,55.2599983215332,20.7822494506836,2.709073305130005,2.8830654621124268,2.0759835243225098,49268.90997619013,65938.53090410131
Australia,AUS,398.5469055175781,2020,25743787.0,1232259790388.0,1585.4119873046875,89.70777130126953,10.292229652404783,64.27999877929688,24.242881774902344,3.7366585731506334,3.5427074432373047,2.259896039962769,47866.29839611398,61584.25671035452
Australia,AUS,388.4722900390625,2021,25956417.0,1296705194119.0,1589.322998046875,87.71741485595703,12.282586097717283,77.2699966430664,28.89137840270996,4.869751453399658,4.183177947998047,2.488856554031372,49957.01810920205,61230.44633035734
Australia,AUS,384.0784301757813,2022,26200987.0,1344251444393.0,1660.789794921875,86.75297546386719,13.247021675109863,87.44000244140625,32.038692474365234,5.597698211669922,4.480398654937744,2.484062910079956,51305.37427437371,63386.53558821563
Austria,AUT,66.20402526855469,2000,8012929.0,280410163017.0,395.1707153320313,68.73230743408203,31.267690658569336,43.43999862670898,72.83702087402344,0.002150215441361,0.0480214804410934,29.985219955444336,34994.714544082446,49316.63756561818
Austria,AUT,70.19072723388672,2001,8042233.0,285335695766.0,406.5934753417969,70.58857727050781,29.411422729492188,42.2400016784668,69.26861572265625,0.0034586051478981,0.1189760342240333,27.9839096069336,35479.660408496,50557.286184296936
Austria,AUT,71.9883804321289,2002,8081640.0,291231427735.0,406.8281555175781,71.07691192626953,28.92309188842773,41.900001525878906,69.10770416259766,0.0061723431572318,0.1392206251621246,27.58831787109375,36036.17925755169,50339.80176270882
Austria,AUT,77.41192626953125,2003,8122604.0,294489280951.0,407.7035827636719,75.87948608398438,24.120513916015625,35.2400016784668,60.79006576538086,0.0101747550070285,0.2482640147209167,22.53029441833496,36255.52605432938,50193.70423126277
Austria,AUT,77.7159194946289,2004,8173496.0,303692479841.0,422.45745849609375,73.88082885742188,26.11917304992676,39.619998931884766,64.0582046508789,0.0117303393781185,0.6021575331687927,23.957448959350582,37155.76294904898,51686.26234063046
Austria,AUT,79.0954818725586,2005,8229204.0,311441138652.0,431.3501281738281,73.68338775634766,26.316614151000977,40.880001068115234,63.507843017578125,0.0133115937933325,0.8431392312049866,23.49351119995117,37845.84009000142,52416.99296479078
Austria,AUT,76.79620361328125,2006,8269901.0,323236897651.0,425.8647155761719,73.01021575927734,26.989784240722656,40.65999984741211,65.35926818847656,0.0142782777547836,1.117925763130188,22.7413387298584,39085.945242996255,51495.74530289684
Austria,AUT,74.0921630859375,2007,8296948.0,336303973991.0,420.0656127929688,70.90591430664062,29.09408187866211,43.16999816894531,68.70921325683594,0.015600373968482,1.3111789226531982,23.84909439086914,40533.455674423894,50628.931601471864
Austria,AUT,73.46647644042969,2008,8323250.0,342892519161.0,424.5602111816406,70.42298889160156,29.57700729370117,44.52999877929688,69.16744232177734,0.0190418288111686,1.2715182304382324,24.23192977905273,41196.95060955756,51008.946166658534
Austria,AUT,67.3017578125,2009,8345073.0,331119036991.0,409.7724304199219,67.45240020751953,32.54759979248047,47.18000030517578,71.25811767578125,0.0319144092500209,1.2749249935150146,26.683034896850582,39678.387114288875,49103.51658037286
Austria,AUT,72.000244140625,2010,8365087.0,338832243101.0,421.5583190917969,69.88688659667969,30.113115310668945,44.9900016784668,66.33736419677734,0.0558237247169017,1.2972782850265503,24.11342430114746,40505.52529830234,50394.971276664175
Austria,AUT,69.89170837402344,2011,8393272.0,349713455451.0,395.8688659667969,70.84181213378906,29.15818977355957,40.90999984741211,65.7717056274414,0.1157917454838752,1.2879890203475952,22.774646759033203,41665.92664350685,47165.02288580626
Austria,AUT,67.26034545898438,2012,8431599.0,352093108730.0,414.4023132324219,65.50175476074219,34.49824905395508,51.33000183105469,74.77057647705078,0.2140215039253235,1.5613439083099363,27.8068790435791,41758.758775174196,49148.721758757965
Austria,AUT,67.75886535644531,2013,8481411.0,352182904722.0,410.8523254394531,65.9764633178711,34.02354049682617,50.5,78.23392486572266,0.3974094986915588,2.0018789768218994,26.67498016357422,41524.093658708436,48441.50642380768
Austria,AUT,64.15873718261719,2014,8547812.0,354511819035.0,394.8892517089844,64.98330688476562,35.01669692993164,50.20000076293945,81.55970764160156,0.5162037014961243,2.5281245708465576,26.95726776123047,41473.98410669303,46197.699681390324
Austria,AUT,66.35778045654297,2015,8644037.0,358108266932.0,396.38323974609375,66.94841766357422,33.05158615112305,47.59000015258789,77.03140258789062,0.6096466779708862,3.148975610733032,24.17309188842773,41428.35887120798,45856.26365853059
Austria,AUT,67.21873474121094,2016,8737920.0,365232738553.0,409.6510925292969,65.97356414794922,34.02643203735352,51.08000183105469,78.74209594726562,0.6855161190032959,3.27419114112854,25.00054168701172,41798.5903456429,46881.99165582849
Austria,AUT,69.60147857666016,2017,8798779.0,373481694490.0,417.5686645507813,66.78731536865234,33.21268081665039,51.04999923706055,76.0918197631836,0.7741476893424988,4.009012222290039,23.36146354675293,42446.99116661528,47457.569345790056
Austria,AUT,66.56651306152344,2018,8841653.0,382540042762.0,408.4021301269531,66.86079406738281,33.13920974731445,50.060001373291016,77.40838623046875,0.902826726436615,3.741539001464844,23.352184295654297,43265.67020465517,46190.69874456203
Austria,AUT,67.95123291015625,2019,8880876.0,388344674039.0,427.96038818359375,65.81050872802734,34.189491271972656,54.63999938964844,77.29522705078125,1.0040420293807983,4.39470100402832,24.08269500732422,43728.194610419065,48188.983629947514
Austria,AUT,62.17982864379883,2020,8921402.0,363281092036.0,400.1441040039063,63.12006378173828,36.87993621826172,55.41999816894531,80.283935546875,1.2873108386993408,4.279536724090576,26.464155197143555,40720.17963499459,44852.15485233221
Austria,AUT,65.7513427734375,2021,8967053.0,379835198584.0,406.3347778320313,65.36187744140625,34.63812255859375,52.75,79.12104797363281,1.7140783071517944,4.164872169494629,24.03110694885254,42358.977758244546,45314.193841837594
Austria,AUT,61.454139709472656,2022,9064678.0,398815419150.0,381.8233337402344,64.86591339111328,35.13408279418945,50.40999984741211,78.19140625,2.48061466217041,4.7491631507873535,22.70757484436035,43996.64490564364,42122.10668048378
Azerbaijan,AZE,29.765310287475582,2000,8174784.0,34255707098.0,132.05523681640625,96.7665023803711,3.233495712280273,1.5199999809265137,8.137044906616211,0.0,0.0,3.233495712280273,4190.411281570253,16153.972608500268
Azerbaijan,AZE,28.41546058654785,2001,8251776.0,36862177017.0,127.22747039794922,97.17012786865234,2.829875230789185,1.2899999618530271,6.803797721862793,0.0,0.0,2.829875230789185,4467.181006488785,15418.192447050093
Azerbaijan,AZE,28.57033348083496,2002,8326141.0,40295217200.0,125.60863494873048,95.58132934570312,4.418671607971191,2.0,10.70663833618164,0.0,0.0,4.418671607971191,4839.603028581909,15086.056667636361
Azerbaijan,AZE,30.48758316040039,2003,8400528.0,44994637993.0,136.0352020263672,95.03677368164062,4.963229179382324,2.440000057220459,11.47695255279541,0.0,0.0,4.963229179382324,5356.167849568504,16193.64902139094
Azerbaijan,AZE,32.2530403137207,2004,8489874.0,50107477354.0,153.89793395996094,95.13369750976562,4.866299629211426,2.7300000190734863,12.569061279296877,0.0,0.0,4.866299629211426,5902.0283874648785,18127.23415682741
Azerbaijan,AZE,34.19356155395508,2005,8597248.0,64019175136.0,166.83738708496094,95.1357192993164,4.864279747009277,2.9800000190734863,13.047285079956056,0.0,0.0,4.864279747009277,7446.473003454129,19405.906062609913
Azerbaijan,AZE,34.521827697753906,2006,8711380.0,87026407066.0,164.09156799316406,95.88619995117188,4.113798141479492,2.490000009536743,10.15911865234375,0.0,0.0,4.113798141479492,9989.967957545188,18836.460812542224
Azerbaijan,AZE,30.036785125732425,2007,8828313.0,109944254894.0,151.0711212158203,95.82725524902344,4.172743797302246,2.3399999141693115,10.724105834960938,0.0,0.0,4.172743797302246,12453.597294749292,17112.116574913045
Azerbaijan,AZE,33.0365104675293,2008,8942637.0,123130002462.0,151.1634979248047,96.09420776367188,3.905794620513916,2.2100000381469727,10.222016334533691,0.0,0.0,3.905794620513916,13768.86956968062,16903.682652533553
Azerbaijan,AZE,29.102575302124023,2009,9046336.0,136020226283.0,130.1682891845703,95.3272476196289,4.672755718231201,2.289999961853028,12.148540496826172,0.0,0.0042470404878258,4.668508529663086,15035.946739431301,14389.061956638612
Azerbaijan,AZE,27.54905128479004,2010,9146852.0,144296577620.0,128.43936157226562,92.97915649414062,7.020840644836426,3.4100000858306885,18.26459693908692,0.0,0.0010184578131884,7.019822120666504,15775.545249884879,14041.919730664236
Azerbaijan,AZE,30.210229873657227,2011,9256156.0,145980469968.0,145.73922729492188,95.228759765625,4.771241188049316,2.650000095367432,13.073508262634276,0.0,0.0,4.771241188049316,15771.17649788962,15745.113554149462
Azerbaijan,AZE,32.77006530761719,2012,9376179.0,149196415149.0,150.09083557128906,96.86676788330078,3.133229970932007,1.7999999523162842,7.836308479309082,0.0,0.0,3.133229970932007,15912.283153830575,16007.676002270122
Azerbaijan,AZE,33.55888748168945,2013,9504417.0,157913964589.0,154.2117462158203,97.38764190673828,2.6123571395874023,1.559999942779541,6.709677219390869,0.001328965765424,0.001328965765424,2.473703384399414,16614.797581903236,16225.271493855995
Azerbaijan,AZE,34.34476089477539,2014,9631136.0,162332395164.0,157.2412872314453,97.7122573852539,2.2877438068389893,1.3700000047683716,5.562322616577148,0.0046994662843644,0.0037271631881594,2.106171131134033,16854.958248331244,16326.348961477162
Azerbaijan,AZE,34.683326721191406,2015,9752859.0,164036906588.0,171.82615661621094,97.40436553955078,2.5956335067749023,1.7100000381469729,6.959707260131836,0.0067882668226957,0.0067882668226957,2.416475534439087,16819.36615591387,17618.02940206671
Azerbaijan,AZE,34.72696685791016,2016,9868434.0,159010796104.0,170.1923370361328,96.85525512695312,3.144747734069824,2.0899999141693115,8.410462379455566,0.0522172749042511,0.0337267369031906,2.898280620574951,16113.072864853735,17246.134192733396
Azerbaijan,AZE,34.698280334472656,2017,9968510.0,159255674569.0,166.95396423339844,97.13162994384766,2.868372201919556,1.8799999952316284,7.762180328369141,0.0558032356202602,0.0331519208848476,2.6197516918182373,15975.875488814276,16748.13630456291
Azerbaijan,AZE,34.57623291015625,2018,10039782.0,161644514845.0,176.16668701171875,97.18254852294922,2.817448616027832,1.950000047683716,7.759650230407715,0.0555330365896225,0.1169786602258682,2.5008254051208496,16100.400869759922,17546.863767731087
Azerbaijan,AZE,37.7525520324707,2019,10110483.0,165653307401.0,185.89059448242188,97.54878997802734,2.4512126445770264,1.7899999618530271,6.8978800773620605,0.0589444749057292,0.1405599117279052,2.08679461479187,16384.311946422342,18385.92621959029
Azerbaijan,AZE,36.23716354370117,2020,10181736.0,158697520949.0,184.9285125732422,98.20955657958984,1.7904454469680786,1.3200000524520874,5.126214027404785,0.0628206729888916,0.1284482330083847,1.42950439453125,15586.489469870365,18162.768370073845
Azerbaijan,AZE,38.29964447021485,2021,10234372.0,167584576527.0,197.5494384765625,98.06966400146484,1.9303348064422607,1.5199999809265137,5.469593048095703,0.0689021348953247,0.1140879467129707,1.5943604707717896,16374.68097964389,19302.546211586065
Azerbaijan,AZE,41.17457580566406,2022,10295307.0,175370552026.0,210.28628540039065,97.81175231933594,2.188248634338379,1.840000033378601,6.357982158660889,0.0712469071149826,0.0974526703357696,1.866809368133545,17034.028419550774,20425.45068353869
Bangladesh,BGD,26.53926658630371,2000,134544303.0,200824294390.0,136.25477600097656,98.37517547607422,1.6248265504837036,0.9399999976158142,5.897114276885986,2.0407169358804825e-05,0.0,1.5284969806671145,1492.6257739058635,1012.7130838157939
Bangladesh,BGD,31.0642204284668,2001,136805810.0,213164797419.0,155.69100952148438,98.16938018798828,1.830620169639588,0.9800000190734864,5.638665676116943,2.4868419131962582e-05,0.0,1.7638813257217407,1558.1560272842214,1138.0438412775334
Bangladesh,BGD,32.00688934326172,2002,138933659.0,226285297151.0,156.24465942382812,98.54642486572266,1.453572154045105,1.0499999523162842,5.540896415710449,0.0001158329032477,0.0,1.3145281076431274,1628.7291271224635,1124.5990391991916
Bangladesh,BGD,33.495933532714844,2003,140970355.0,242325893842.0,165.1080780029297,98.64736938476562,1.3526304960250854,1.1200000047683716,5.580468654632568,0.001403916045092,0.0,1.2370977401733398,1718.9847740824657,1171.225524706451
Bangladesh,BGD,35.978172302246094,2004,142902857.0,260372737862.0,175.49659729003906,98.7674331665039,1.2325705289840698,1.2100000381469729,4.814962387084961,0.0029578262474387,0.0,1.1574773788452148,1822.0261184981068,1228.083195635753
Bangladesh,BGD,37.7166748046875,2005,144715789.0,280264340330.0,190.2471160888672,98.87702178955078,1.1229803562164309,1.2799999713897705,4.747774600982666,0.0048103858716785,0.0,1.0590766668319702,1936.653507310111,1314.6258428571825
Bangladesh,BGD,41.725807189941406,2006,146405983.0,303255436424.0,205.8841552734375,98.94916534423828,1.0508331060409546,1.3899999856948853,4.608753204345703,0.0070603350177407,0.0020792444702237,0.973346471786499,2071.3322653214245,1406.255065911053
Bangladesh,BGD,42.67510223388672,2007,147989282.0,327072515722.0,211.75387573242188,98.96316528320312,1.0368376970291138,0.7599999904632568,2.452404022216797,0.0113698551431298,0.0020108066964894,0.9413089156150818,2210.109484293599,1430.8730529040736
Bangladesh,BGD,45.34149169921875,2008,149474264.0,349461394439.0,222.9511108398437,98.77579498291016,1.2242035865783691,0.959999978542328,2.8045573234558105,0.0180187821388244,0.0034346303436905,1.1251375675201416,2337.93688015082,1491.5685474781376
Bangladesh,BGD,49.18837738037109,2009,150873716.0,372693237092.0,245.34375,99.48683166503906,0.5131713151931763,0.4699999988079071,1.262422800064087,0.0268645267933607,0.0054576601833105,0.446243941783905,2470.2330331149265,1626.153027211181
Bangladesh,BGD,54.0355224609375,2010,152201978.0,400087800634.0,251.0744171142578,99.165771484375,0.8342272043228149,0.8299999833106995,2.0313262939453125,0.0459772050380706,0.0052926088683307,0.7565317153930664,2628.663607998577,1649.6133651709692
Bangladesh,BGD,55.59271240234375,2011,153591074.0,431418704062.0,271.62908935546875,99.00469970703124,0.995303750038147,0.9800000190734864,2.21619176864624,0.1179952472448349,0.0048672002740204,0.8321957588195801,2808.878750740424,1768.5213227655975
Bangladesh,BGD,59.703861236572266,2012,155070110.0,458456647637.0,295.02752685546875,99.15398406982422,0.8460166454315186,0.9100000262260436,1.8716578483581543,0.1363314539194107,0.0044576474465429,0.6791356801986694,2956.447555476681,1902.5428359821808
Bangladesh,BGD,64.7627944946289,2013,156532134.0,486135250102.0,306.57666015625,99.18719482421876,0.8128067255020142,1.0700000524520874,2.0059993267059326,0.1621706634759903,0.0042408960871398,0.6079469323158264,3105.6578459602424,1958.5541468197835
Bangladesh,BGD,67.55188751220703,2014,157964931.0,516793803718.0,318.5583801269531,99.31393432617188,0.6860688328742981,0.7799999713897705,1.391614556312561,0.1849947422742843,0.0040602423250675,0.4526546597480774,3271.573003238295,2016.6398839939552
Bangladesh,BGD,76.94612884521484,2015,159383179.0,552104723056.0,385.1017456054688,99.20682525634766,0.7931761741638184,0.800000011920929,1.3493000268936155,0.174901470541954,0.0033418859820812,0.5907307863235474,3464.008727395254,2416.2006807849452
Bangladesh,BGD,81.76116180419922,2016,160811934.0,589932630231.0,386.7011413574219,99.25972747802734,0.7402721047401428,1.2400000095367432,1.7947605848312378,0.1429685950279235,0.0033029154874384,0.5750573873519897,3668.4630024473186,2404.6793775729475
Bangladesh,BGD,86.53086853027344,2017,162186146.0,630957812405.0,402.96527099609375,99.14311981201172,0.8568776249885559,1.2899999618530271,1.7562968730926514,0.1809615790843963,0.003153953468427,0.6390639543533325,3890.331128560142,2484.5850335212585
Bangladesh,BGD,86.60810852050781,2018,163523109.0,678912369102.0,430.2879943847656,99.29188537597656,0.7081168293952942,1.399999976158142,1.7687933444976809,0.182176873087883,0.0029387001413851,0.5005282163619995,4151.7824193398865,2631.3589376824143
Bangladesh,BGD,94.80768585205078,2019,164913060.0,717214595514.0,482.56201171875,99.36043548583984,0.6395677924156189,1.190000057220459,1.3981906175613403,0.1919322460889816,0.0026072980836033,0.4223665297031402,4349.0466765579395,2926.1600731849253
Bangladesh,BGD,95.72908782958984,2020,166298024.0,754358367084.0,457.4471740722656,99.34709930419922,0.6528986692428589,1.25,1.4626725912094116,0.2478024810552597,0.0027511704247444,0.3783502578735351,4536.183587388868,2750.767345691766
Bangladesh,BGD,98.53028106689452,2021,167658855.0,807308397444.0,492.4703979492188,99.32942199707033,0.6705762147903442,1.350000023841858,1.4113956689834597,0.3065555095672607,0.002542266389355,0.3411706984043121,4815.184962607552,2937.3360443694955
Bangladesh,BGD,102.14740753173828,2022,169384891.0,858143907016.0,512.1739501953125,99.30733489990234,0.6926618218421936,1.590000033378601,1.5550122261047363,0.3111355006694793,0.0024384832940995,0.3719522655010223,5066.236439093024,3023.728664177683
Belarus,BLR,55.01446914672852,2000,9991310.0,91419114455.0,254.99905395507807,99.97058868408205,0.0294124279171228,0.0299999993294477,0.1149425208568573,0.0,0.0,0.0294124279171228,9149.862676165589,25522.084086579045
Belarus,BLR,54.10469055175781,2001,9938068.0,94624119098.0,247.91148376464844,99.96656799316406,0.0334291420876979,0.0299999993294477,0.1196649372577667,0.0,0.0,0.0334291420876979,9521.37971867369,24945.641724794845
Belarus,BLR,53.94411849975586,2002,9873451.0,98263269227.0,256.47613525390625,99.96902465820312,0.0309789683669805,0.0299999993294477,0.1133786886930465,0.0,0.0,0.0309789683669805,9952.271928730897,25976.341529816298
Belarus,BLR,55.23625183105469,2003,9803175.0,103937865617.0,254.5518341064453,99.97002410888672,0.0299725793302059,0.0299999993294477,0.1126549020409584,0.0,0.0,0.0299725793302059,10602.469670999446,25966.264409892236
Belarus,BLR,58.372802734375,2004,9735089.0,114486408721.0,285.033447265625,99.96766662597656,0.0323366187512874,0.0299999993294477,0.0961538404226303,0.0,0.0009603985818102,0.0313762202858924,11760.18100307044,29278.977035096956
Belarus,BLR,59.39620971679688,2005,9667833.0,123858071551.0,284.10595703125,99.9649887084961,0.0350096933543682,0.0399999991059303,0.1291989684104919,0.0,0.0009462079615332,0.03406348451972,12811.35819691962,29386.725756563028
Belarus,BLR,61.80949401855469,2006,9608041.0,134673942572.0,302.1119079589844,99.96607208251952,0.0339307449758052,0.0399999991059303,0.1257466226816177,0.0,0.0008850537124089,0.0309768784791231,14016.795158555215,31443.65307756122
Belarus,BLR,60.27566146850586,2007,9563135.0,144615680573.0,294.7267150878906,99.95266723632812,0.047331303358078,0.050000000745058,0.157084509730339,0.0,0.0009024080936796,0.0315842814743518,15122.204232503253,30819.047842354063
Belarus,BLR,62.93113327026367,2008,9529357.0,157577029170.0,298.6141967773437,99.902587890625,0.0974156558513641,0.0700000002980232,0.1997147053480148,0.0,0.0008836159831844,0.0344610214233398,16535.956116451507,31336.23777316179
Belarus,BLR,60.62834167480469,2009,9507334.0,156010272888.0,282.5153503417969,99.80721282958984,0.1927847266197204,0.1099999994039535,0.3621995151042938,0.0,0.0009290755842812,0.0418084003031253,16409.465880550742,29715.51755116596
Belarus,BLR,62.515438079833984,2010,9490752.0,166239903113.0,306.201171875,99.74758911132812,0.2524096667766571,0.1400000005960464,0.4011461138725281,0.0,0.0008505132864229,0.0382730960845947,17515.9885236702,32263.109590789012
Belarus,BLR,61.35323715209961,2011,9472738.0,173120303880.0,300.68426513671875,99.7556610107422,0.2443398684263229,0.1400000005960464,0.434917688369751,0.0,0.0034465324133634,0.0361885875463485,18275.63518382964,31742.064980232615
Belarus,BLR,62.59169769287109,2012,9463075.0,175940441074.0,325.236328125,99.74261474609376,0.2573888599872589,0.209999993443489,0.6815968751907349,0.0,0.0047549526207149,0.057059422135353,18592.31180921635,34368.98979718538
Belarus,BLR,64.15185546875,2013,9464454.0,177632980571.0,294.2054138183594,99.6947784423828,0.3052250444889068,0.3000000119209289,0.9520787596702576,0.0003477578866295,0.0069551584310829,0.1199764683842659,18768.434034440867,31085.302313092692
Belarus,BLR,63.69921112060547,2014,9472704.0,180627882895.0,294.8627624511719,99.70474243164062,0.295259565114975,0.2899999916553497,0.834772527217865,0.001726065762341,0.0077672954648733,0.1044269800186157,19068.24945601594,31127.62337461108
Belarus,BLR,58.82780838012695,2015,9487289.0,173709821418.0,266.96160888671875,99.6544418334961,0.3455564975738525,0.3400000035762787,0.9973599314689636,0.0085358852520585,0.0369888395071029,0.1052759289741516,18309.742795650054,28138.871798542106
Belarus,BLR,58.18806457519531,2016,9499066.0,169304543676.0,272.797607421875,99.59493255615234,0.4050692915916443,0.4300000071525574,1.2809056043624878,0.023950956761837,0.0672469213604927,0.1308090835809707,17823.28322342428,28718.361091698385
Belarus,BLR,59.44437026977539,2017,9495793.0,173606575679.0,277.8399353027344,99.27384185791016,0.7261557579040527,0.7799999713897705,2.260214567184448,0.0801116675138473,0.0873127207159996,0.3654532432556152,18282.47263593467,29259.266214283987
Belarus,BLR,62.17066955566406,2018,9480031.0,179054352755.0,307.1786193847656,99.40398406982422,0.5960175395011902,0.8100000023841858,2.077455759048462,0.0955864414572715,0.0801953971385955,0.2624576687812805,18887.528190044948,32402.701993776773
Belarus,BLR,62.17063522338867,2019,9435415.0,181643469714.0,308.7904052734375,99.27723693847656,0.7227649092674255,1.0399999618530271,2.57043981552124,0.1435408890247345,0.1331161260604858,0.2814684510231018,19251.24329072966,32726.74336777317
Belarus,BLR,59.12289810180664,2020,9350943.0,180420997693.0,286.5444030761719,98.76522827148438,0.9433614611625672,1.350000023841858,3.502854108810425,0.146566703915596,0.1594990491867065,0.3448628187179565,19294.41743928928,30643.369666157934
Belarus,BLR,60.86108016967773,2021,9251368.0,184521985376.0,312.72467041015625,94.33470916748048,1.106414794921875,1.2699999809265137,3.0787878036499023,0.137072205543518,0.1324978619813919,0.2925994098186493,19945.372984406196,33803.07327631505
Belarus,BLR,57.120548248291016,2022,9173240.0,175773799265.0,303.51416015625,95.0551300048828,1.147472262382507,1.2599999904632568,3.38891863822937,0.1691459566354751,0.1415988951921463,0.2998754382133484,19161.582959237956,33086.90933151754
Belgium,BEL,126.77570343017578,2000,10251719.0,345706865981.0,743.3484497070312,81.5132064819336,0.4183467030525207,1.0499999523162842,1.2682690620422363,0.0,0.0060031814500689,0.1725914627313614,33721.84372016049,72509.63957430274
Belgium,BEL,126.08502960205078,2001,10287005.0,349015220419.0,736.8587646484375,82.12499237060547,0.4340048134326935,1.0800000429153442,1.3735216856002808,0.0,0.0139229986816644,0.1659470945596695,33927.777853612395,71630.05798562725
Belgium,BEL,126.88314056396484,2002,10332975.0,355705534550.0,733.4744873046875,81.77174377441406,0.4648602902889251,1.1399999856948853,1.4084506034851074,0.0,0.0213790833950042,0.1350257992744445,34424.309993007824,70983.86353443103
Belgium,BEL,128.2920379638672,2003,10376262.0,358937085300.0,761.6909790039062,82.51375579833984,0.4732260107994079,1.2000000476837158,1.4359220266342163,0.0,0.0315993465483188,0.088693618774414,34592.13783345101,73407.06884655633
Belgium,BEL,128.81173706054688,2004,10421298.0,372499172102.0,764.6199951171875,82.5815658569336,0.5889845490455627,1.5,1.8091906309127808,0.0003557119925972,0.0505110993981361,0.1127607002854347,35744.028440794995,73370.89824292401
Belgium,BEL,125.65768432617188,2005,10478883.0,380840056202.0,756.1178588867188,82.16680145263672,0.8439731597900391,2.109999895095825,2.5005924701690674,0.0003569539985619,0.0810285508632659,0.1028027534484863,36343.573661620234,72156.3413664146
Belgium,BEL,123.90046691894533,2006,10548445.0,390874955040.0,758.2411499023438,82.31009674072266,1.1779005527496338,2.9600000381469727,3.551716089248657,0.0007079860079102,0.1295614242553711,0.1270834803581237,37055.22046519653,71881.79394236248
Belgium,BEL,120.49340057373048,2007,10625488.0,404721960651.0,763.468994140625,81.75733947753906,1.3781304359436035,3.490000009536743,4.0202741622924805,0.0020981433335691,0.1716980636119842,0.1360296308994293,38089.72921064896,71852.60518299254
Belgium,BEL,120.20435333251952,2008,10709711.0,408290544814.0,775.7340087890625,82.72136688232422,1.7182358503341677,4.420000076293945,5.3214545249938965,0.0143420109525322,0.2175205051898956,0.1400053352117538,38123.39518909521,72432.76768057163
Belgium,BEL,107.80679321289062,2009,10812936.0,399489943721.0,715.84912109375,80.115966796875,2.4941630363464355,5.440000057220459,6.060606002807617,0.0611308068037033,0.3667848706245422,0.1207885816693306,36945.557036590246,66203.02950963087
Belgium,BEL,114.56265258789062,2010,10936619.0,411261674695.0,764.7876586914062,80.47380065917969,3.125445604324341,6.570000171661377,7.061479091644287,0.1997413486242294,0.4419692754745483,0.1067294180393219,37604.096356927126,69929.07576751153
Belgium,BEL,105.15896606445312,2011,11038624.0,420934235947.0,713.7116088867188,78.4181900024414,3.983188152313232,8.359999656677246,9.363799095153809,0.4423187971115112,0.8435544967651367,0.0715124011039733,38132.85387263847,64655.84921514844
Belgium,BEL,102.48623657226562,2012,11107522.0,424045845634.0,684.9392700195312,79.7658462524414,4.996357440948486,10.510000228881836,12.894123077392578,0.8144345283508301,1.043445706367493,0.1350016891956329,38176.45786648003,61664.45315341543
Belgium,BEL,102.81595611572266,2013,11160277.0,425993254852.0,701.919189453125,79.09495544433594,5.279734134674072,11.720000267028809,14.301403999328612,0.9673302173614502,1.3429034948349,0.1392369121313095,38170.49118512023,62894.42362883332
Belgium,BEL,97.0809555053711,2014,11210113.0,432717694183.0,650.8510131835938,80.81598663330078,5.937734127044678,12.210000038146973,17.14887809753418,1.1344408988952637,1.8139499425888064,0.1148432716727256,38600.65408644855,58059.27319230357
Belgium,BEL,101.32749938964844,2015,11275332.0,441551470878.0,657.4266357421875,83.34854888916016,6.55067253112793,14.4399995803833,21.10185432434082,1.1827387809753418,2.156906843185425,0.1232075989246368,39160.839865114394,58306.63218982709
Belgium,BEL,99.8162841796875,2016,11332707.0,447144517813.0,709.50927734375,78.22944641113281,6.264495849609375,14.25,16.90191078186035,1.102806806564331,1.9308202266693115,0.1318209320306778,39456.10857255905,62607.21973520978
Belgium,BEL,99.28218841552734,2017,11376583.0,454386396677.0,716.04248046875,78.34931945800781,6.818854331970215,15.800000190734863,18.514179229736328,1.1619088649749756,2.29034423828125,0.0948704853653907,39940.49853782986,62940.03045279501
Belgium,BEL,100.2563705444336,2018,11428608.0,462533269863.0,714.2052612304688,82.72634887695312,7.261630535125732,17.15999984741211,23.22999763488769,1.3666446208953855,2.6517488956451416,0.1023364141583442,40471.53160411137,62492.7603808328
Belgium,BEL,99.7987289428711,2019,11490623.0,472897988852.0,738.3692626953125,77.5399169921875,7.769981861114502,19.450000762939453,20.983924865722656,1.4352716207504272,3.2926464080810547,0.1019311547279357,41155.121776425876,64258.41859882728
Belgium,BEL,91.25455474853516,2020,11540102.0,447544069854.0,663.9058227539062,76.6401138305664,10.456639289855955,23.450000762939453,26.560199737548828,1.9158122539520264,4.803338527679443,0.100011795759201,38781.639005790414,57530.32536054761
Belgium,BEL,94.92807006835938,2021,11570843.0,474995824355.0,738.2845458984375,73.88199615478516,9.202281951904297,22.75,22.8873233795166,1.8899104595184328,4.032651424407959,0.1405324190855026,41051.09924618284,63805.59704236221
Belgium,BEL,88.91497039794922,2022,11641814.0,489678394377.0,694.452880859375,73.92169189453125,10.436023712158203,24.43000030517578,25.898441314697266,2.452195644378662,4.403528690338135,0.0966433584690094,42062.03555365169,59651.6041966806
Brazil,BRA,340.18280029296875,2000,174018278.0,1739728033832.0,2364.255126953125,58.333526611328125,40.939064025878906,312.260009765625,89.49073028564453,0.0,0.0001203119318233,36.62334442138672,9997.386790782977,13586.245962927671
Brazil,BRA,346.1657409667969,2001,176301201.0,1785513006345.0,2304.05126953125,61.070533752441406,37.18075942993164,276.92999267578125,84.28854370117188,0.0,0.0042740935459733,32.805938720703125,10127.628151239876,13068.834792176203
Brazil,BRA,347.76495361328125,2002,178503485.0,1861742323845.0,2351.53515625,59.531681060791016,38.819297790527344,296.4200134277344,85.73990631103516,0.0,0.0072701936587691,34.097469329833984,10429.725357154792,13173.609222531426
Brazil,BRA,344.6449279785156,2003,180622688.0,1904932706436.0,2386.333984375,57.98937225341797,40.44926452636719,317.6199951171875,87.16484832763672,0.0,0.0071300328709185,35.722164154052734,10546.47523812734,13211.706739604053
Brazil,BRA,361.43402099609375,2004,182675144.0,2038447931287.0,2503.37255859375,58.26993179321289,40.444068908691406,333.3800048828125,86.03577423095703,0.0,0.0067561748437583,35.53049087524414,11158.868615902118,13703.9583151704
Brazil,BRA,364.37054443359375,2005,184688101.0,2129214530430.0,2569.062744140625,57.67403030395508,41.26984405517578,351.19000244140625,87.1287841796875,0.0,0.009955771267414,36.1640739440918,11528.704442253158,13910.277544846405
Brazil,BRA,368.8709411621094,2006,186653099.0,2240805319046.0,2641.58251953125,57.42802429199219,41.14651107788086,363.8900146484375,86.75408172607422,0.0,0.0245625041425228,36.149940490722656,12005.186793314371,14152.363575443502
Brazil,BRA,390.5734252929688,2007,188552311.0,2405626901513.0,2810.54345703125,56.5190315246582,42.28472900390625,392.739990234375,88.2264404296875,0.0,0.0641991645097732,36.228302001953125,12758.405817221726,14905.908297412754
Brazil,BRA,412.6378479003906,2008,190367297.0,2559842659987.0,2936.353759765625,57.32679748535156,41.389286041259766,390.5299987792969,84.31495666503906,0.0,0.1087351590394973,33.96768951416016,13446.861411217074,15424.675383007749
Brazil,BRA,389.77532958984375,2009,192079958.0,2589568436235.0,2925.52001953125,54.652828216552734,44.156986236572266,415.1099853515625,89.04690551757812,0.0,0.113718494772911,35.91483688354492,13481.721170696008,15230.740624856082
Brazil,BRA,440.26904296875,2010,193701931.0,2820492538862.0,3188.734619140625,56.281063079833984,42.50526428222656,437.4100036621094,84.80225372314453,0.0,0.1818905621767044,33.70211410522461,14560.993400019332,16462.069338589223
Brazil,BRA,461.9113159179688,2011,195284736.0,2968455007203.0,3316.3232421875,56.37049865722656,42.377716064453125,463.6600036621094,87.19346618652344,0.0,0.2162147760391235,34.240230560302734,15200.65043487577,16981.989018268687
Brazil,BRA,497.46820068359375,2012,196876113.0,3025484250011.0,3408.334716796875,58.5014877319336,40.259368896484375,456.1600036621094,82.56289672851562,0.0001247853651875,0.3901676833629608,32.089717864990234,15367.452170345317,17312.07846833544
Brazil,BRA,531.56884765625,2013,198478290.0,3116394665745.0,3500.955078125,60.44167709350586,38.40652084350586,438.5400085449219,76.8249740600586,0.0003573702706489,0.4902414381504059,29.149099349975582,15701.438508690295,17638.982470702464
Brazil,BRA,556.5255126953125,2014,200085126.0,3132099937531.0,3575.63525390625,61.31813049316406,37.56644058227539,432.75,73.27914428710938,0.001166442525573,0.8856318593025208,27.08621597290039,15653.836945036084,17870.57001881414
Brazil,BRA,528.1735229492188,2015,201675534.0,3021043246476.0,3535.438232421875,60.21682357788086,38.708133697509766,431.30999755859375,74.20770263671875,0.0042987768538296,1.5778708457946775,26.2478256225586,14979.721072542196,17530.327860303943
Brazil,BRA,491.7448425292969,2016,203218108.0,2922076150345.0,3451.454345703125,57.284515380859375,41.53582000732422,465.8200073242188,80.46778869628906,0.0063399369828403,2.4902167320251465,28.324357986450195,14379.01464147575,16983.99015555801
Brazil,BRA,497.2545471191406,2017,204703440.0,2960731613785.0,3477.62890625,57.5512924194336,41.293601989746094,467.0199890136719,79.24726867675781,0.0610472112894058,3.109795093536377,27.22101783752441,14463.516655044976,16988.619762569695
Brazil,BRA,476.6005554199219,2018,206107265.0,3013541086239.0,3486.3779296875,54.730865478515625,44.12646865844727,495.2900085449219,82.35753631591797,0.2523467540740967,3.533951997756958,28.35690689086914,14621.226894835561,16915.356815236475
Brazil,BRA,476.7237548828125,2019,207455459.0,3050327159562.0,3567.01904296875,53.67759323120117,45.17797470092773,515.4400024414062,81.38568878173828,0.4721807837486267,3.9725029468536377,28.231672286987305,14703.528045323696,17194.14403536496
Brazil,BRA,447.9993896484375,2020,208660845.0,2950377451264.0,3422.42919921875,51.84688568115234,47.11575698852539,522.9199829101562,83.16686248779297,0.7934399843215942,4.2114691734313965,29.2607650756836,14139.583548911633,16401.87548947552
Brazil,BRA,496.5619812011719,2021,209550291.0,3097565215045.0,3581.19873046875,55.294044494628906,43.67330932617188,507.8699951171875,77.37202453613281,1.1764490604400637,5.076369285583496,25.4793643951416,14781.965705048819,17089.92487378006
Brazil,BRA,480.0582885742188,2022,210306411.0,3187412907763.0,3731.717529296875,51.35908508300781,47.6599235534668,593.8900146484375,87.70305633544922,2.0299322605133057,5.5003662109375,28.77907371520996,15156.042521989499,17744.192920951304
Bulgaria,BGR,45.49931335449219,2000,8000519.0,67719765830.0,217.3772125244141,73.21710968017578,3.386312961578369,2.630000114440918,6.479428768157959,0.0,0.0,3.386312961578369,8464.421599398738,27170.388886572746
Bulgaria,BGR,49.01963806152344,2001,7928455.0,68877651140.0,224.5673217773437,73.75337219238281,2.0436325073242188,1.649999976158142,3.798342704772949,0.0,0.0,2.0436325073242188,8687.398886668336,28324.22228256876
Bulgaria,BGR,46.14104080200195,2002,7861949.0,73450036758.0,217.8383636474609,71.69579315185547,2.681157350540161,2.119999885559082,5.038022518157959,0.0,0.0,2.681157350540161,9342.471791409484,27707.933954730677
Bulgaria,BGR,50.491207122802734,2003,7804405.0,77722336425.0,225.35256958007807,75.3174057006836,3.646085262298584,2.990000009536743,7.071901798248291,0.0,0.0,3.646085262298584,9958.777949760424,28875.048076064486
Bulgaria,BGR,49.53728866577149,2004,7749430.0,83228668873.0,217.9150390625,75.01567840576172,3.931184768676758,3.140000104904175,7.59187650680542,0.0,0.0012520450400188,3.929932832717896,10739.972988077832,28120.137747227862
Bulgaria,BGR,50.60035705566406,2005,7695047.0,89684785590.0,236.08555603027344,73.65435028076172,4.937457084655762,4.300000190734863,9.797221183776855,0.0,0.005264536011964,4.932192325592041,11654.871710335232,30680.196759067676
Bulgaria,BGR,51.83749008178711,2006,7640292.0,96404598197.0,240.70095825195312,73.44226837158203,4.73823356628418,4.230000019073486,9.308979034423828,0.0,0.0224396139383316,4.715793609619141,12617.920649760506,31504.156942163092
Bulgaria,BGR,55.669219970703125,2007,7586896.0,104058200673.0,232.63966369628903,79.86113739013672,3.306769847869873,2.880000114440918,6.725829601287842,6.896984268678352e-05,0.0537987798452377,3.252902030944824,13715.516948301387,30663.352139832816
Bulgaria,BGR,54.02591323852539,2008,7535589.0,110900337989.0,230.2237091064453,78.42922973632812,3.39123010635376,2.930000066757202,6.585749626159668,0.0001925774267874,0.1404062360525131,3.2204365730285645,14716.877206148052,30551.521467856768
Bulgaria,BGR,45.750247955322266,2009,7488016.0,107365071902.0,202.10650634765625,75.19792938232422,4.845613479614258,3.680000066757202,8.697707176208496,0.0042735808528959,0.3100328147411346,4.489041805267334,14338.253537652698,26990.661658262517
Bulgaria,BGR,47.81570053100586,2010,7437594.0,109045208364.0,211.4711151123047,73.79483795166016,7.257586002349853,5.760000228881836,12.540822982788086,0.0184704381972551,0.8466320037841797,6.2516703605651855,14661.355320551243,28432.73175603625
Bulgaria,BGR,53.12046051025391,2011,7380023.0,109435363210.0,224.606689453125,76.43208312988281,4.618475914001465,3.890000104904175,7.786229133605957,0.1171557232737541,1.0002005100250244,3.335469961166382,14828.593787580337,30434.415916200396
Bulgaria,BGR,48.27656173706055,2012,7317020.0,110261509885.0,213.42819213867188,73.92405700683594,6.860639572143555,5.25,11.300043106079102,0.9479177594184875,1.4862165451049805,3.8681814670562735,15069.182520342982,29168.731551734432
Bulgaria,BGR,42.58298873901367,2013,7264605.0,109643527181.0,198.10829162597656,71.82836151123047,9.69357681274414,6.909999847412109,16.06229591369629,1.815060257911682,1.7909703254699707,5.2628607749938965,15092.840860721264,27270.345961821266
Bulgaria,BGR,45.169063568115234,2014,7223450.0,110703533681.0,211.5503387451172,71.09288787841797,9.63359546661377,7.389999866485596,15.750213623046877,1.5264441967010498,1.616241455078125,5.58956241607666,15325.57623863943,29286.606641579467
Bulgaria,BGR,48.12712478637695,2015,7177515.0,114498611934.0,224.680419921875,71.70877838134766,10.78698444366455,8.75,17.963457107543945,1.572184681892395,1.6516666412353516,6.43427324295044,15952.403016085651,31303.371699240615
Bulgaria,BGR,45.34375,2016,7127436.0,117979077002.0,213.1173858642578,71.85327911376953,9.37014389038086,7.039999961853027,15.809566497802734,1.6519840955734253,1.695997714996338,4.617783546447754,16552.80762984052,29900.9890603378
Bulgaria,BGR,47.44584274291992,2017,7075642.0,121237951710.0,218.1744842529297,73.96662902832031,8.07308292388916,6.130000114440918,13.67082977294922,1.6209031343460083,1.7377008199691772,3.2674121856689453,17134.55142445025,30834.584939844284
Bulgaria,BGR,43.503326416015625,2018,7024745.0,124492855771.0,218.81417846679688,69.38864135742188,12.09614372253418,9.380000114440918,20.167707443237305,1.5418031215667725,1.5134824514389038,5.909353733062744,17722.04624808445,31149.056437891606
Bulgaria,BGR,42.19498062133789,2019,6975466.0,129520075495.0,211.5514068603516,70.07096099853516,10.380223274230955,7.489999771118164,17.131746292114258,1.673559546470642,1.555125713348389,3.4592103958129883,18567.94592576324,30327.924594622295
Bulgaria,BGR,36.57102966308594,2020,6933656.0,124392792956.0,195.37388610839844,67.66351318359375,11.121899604797363,7.46999979019165,18.60986518859864,1.874096632003784,1.8848291635513303,3.598846912384033,17940.433294642826,28177.614538188573
Bulgaria,BGR,42.36503219604492,2021,6877222.0,133889804025.0,221.8816375732422,68.28784942626953,13.23141384124756,10.3100004196167,21.833969116210938,1.6439614295959473,1.6069289445877075,5.4020161628723145,19468.5883377038,32263.265250597142
Bulgaria,BGR,46.93179321289063,2022,6825862.0,138390156500.0,229.3902130126953,70.18645477294922,12.026074409484863,9.630000114440918,19.152746200561523,2.262425184249878,1.619828224182129,4.109502792358398,20274.385345030416,33606.04316534605
Canada,CAN,566.6798706054688,2000,30891800.0,1137681278760.0,3647.489501953125,65.85218811035156,28.536216735839844,365.9599914550781,60.60746383666992,0.001274638576433,0.0204922650009393,27.69250869750977,36827.937470785124,118073.06476000509
Canada,CAN,558.9805908203125,2001,31213578.0,1161459919261.0,3572.097900390625,66.97208404541016,27.03201103210449,341.5400085449219,58.1087532043457,0.0015413640066981,0.0259007159620523,26.09918594360352,37210.085920332494,114440.51368896654
Canada,CAN,564.2561645507812,2002,31535579.0,1199865635264.0,3693.392822265625,66.99744415283203,27.33493423461914,359.75,59.97932815551758,0.0017181853763759,0.030605174601078,26.394102096557617,38047.997636701075,117118.2816166345
Canada,CAN,581.1903686523438,2003,31836483.0,1224575760991.0,3711.021240234375,68.423095703125,26.020357131958008,346.2699890136719,58.862422943115234,0.0017026760615408,0.0515521503984928,25.11406898498535,38464.542738310636,116565.05023605701
Canada,CAN,576.286376953125,2004,32132680.0,1265917327101.0,3768.067626953125,67.73296356201172,25.70028686523437,349.1499938964844,58.33750915527344,0.0010435023577883,0.0691368505358696,24.757455825805664,39396.56844997056,117265.8996060436
Canada,CAN,570.3961181640625,2005,32440172.0,1310077836124.0,3796.70361328125,66.36494445800781,27.04254913330078,372.7099914550781,60.06607437133789,0.0012261787196621,0.1130576059222221,26.107202529907227,40384.42940820412,117037.09873305388
Canada,CAN,566.3153686523438,2006,32759174.0,1348293394113.0,3669.610107421875,65.57205963134766,27.20758819580078,364.3200073242188,59.87870788574219,0.0015586267691105,0.1835517287254333,26.191410064697266,41157.734749752846,112017.78492406051
Canada,CAN,589.9562377929688,2007,33092171.0,1379925831954.0,3918.64990234375,67.05845642089844,26.52999687194824,379.6499938964844,59.86376190185547,0.0017957199597731,0.2077011615037918,25.390199661254883,41699.46516818132,118416.22304997004
Canada,CAN,574.21435546875,2008,33449088.0,1397938727409.0,3871.870849609375,66.00587463378906,27.3740234375,389.2999877929688,61.29646682739258,0.0024299647193402,0.2630273103713989,26.208053588867188,41793.02967569699,115754.15298645437
Canada,CAN,541.1298828125,2009,33826370.0,1360538049277.0,3720.50439453125,65.5767822265625,27.993202209472656,384.3800048828125,62.61586380004883,0.0078340340405702,0.4773479402065277,26.498254776000977,40221.22531258896,109988.28412659265
Canada,CAN,554.3074340820312,2010,34196900.0,1406355361431.0,3760.55419921875,67.0845947265625,26.566547393798828,370.6700134277344,61.0628776550293,0.0180220231413841,0.6152383685112,24.779993057250977,41125.22952171103,109967.69295517284
Canada,CAN,562.8324584960938,2011,34555449.0,1454221365109.0,3900.1171875,66.29292297363281,27.41937255859375,396.6900024414063,62.15081405639648,0.0386792495846748,0.6893054842948914,25.41949462890625,42083.706251624746,112865.47564466606
Canada,CAN,561.76953125,2012,34922513.0,1479829523672.0,3901.69287109375,65.80010223388672,27.86285972595215,403.3699951171875,63.3691520690918,0.0592522397637367,0.7609282732009888,25.58072280883789,42374.657392839974,111724.28716953301
Canada,CAN,568.5897216796875,2013,35293421.0,1514296485427.0,4004.3505859375,65.56991577148438,27.74492645263672,415.4800109863281,63.36531066894531,0.0975558757781982,0.7253573536872864,25.4980411529541,42905.913978330405,113458.83942328798
Canada,CAN,564.938232421875,2014,35634265.0,1557757464897.0,4009.155517578125,66.08927154541016,27.025665283203125,407.239990234375,62.36734008789063,0.1370234191417694,0.8283359408378601,24.72013092041016,43715.1563220681,112508.43864965715
Canada,CAN,563.0025634765625,2015,35962236.0,1568025782105.0,4021.453125,65.78516387939453,27.73340606689453,422.0400085449219,63.84098815917969,0.1855912208557129,1.728776931762695,24.501867294311523,43602.01023387422,111824.33497739128
Canada,CAN,553.70703125,2016,36353345.0,1583727974022.0,3973.036865234375,65.04727935791016,28.45969009399414,430.7300109863281,64.56462860107422,0.1937174350023269,1.994070291519165,24.84649085998535,43564.84868234271,109289.44407273595
Canada,CAN,566.6602783203125,2017,36808498.0,1631871440185.0,4026.634765625,64.98556518554688,28.64963722229004,440.55999755859375,65.81907653808594,0.2093716263771057,1.9939178228378296,24.966188430786133,44334.094811067815,109394.16125116
Canada,CAN,575.0907592773438,2018,37294996.0,1677189073139.0,4082.4892578125,66.13042449951172,27.66389274597168,433.3900146484375,65.54597473144531,0.2166299521923065,2.07647967338562,23.939897537231445,44970.88759947849,109464.79945493223
Canada,CAN,579.0070190429688,2019,37782934.0,1708858221312.0,4059.98876953125,66.35348510742188,27.406925201416016,428.7099914550781,65.38203430175781,0.2329911589622497,2.041217565536499,23.703807830810547,45228.30919673946,107455.62452961567
Canada,CAN,524.2079467773438,2020,38171903.0,1622144486274.0,3834.9443359375,64.14308166503906,29.457256317138672,436.7900085449219,66.59500885009766,0.2672229707241058,2.347188711166382,25.368560791015625,42495.77198899411,100465.10743615533
Canada,CAN,537.4786376953125,2021,38454058.0,1703443269914.0,3861.979736328125,64.91148376464844,29.11310386657715,435.3900146484375,66.73666381835938,0.3322188258171081,2.422828435897827,24.84292793273925,44298.14065173564,100431.0061717836
Canada,CAN,547.6576538085938,2022,38821259.0,1761295624423.0,3964.52099609375,65.0363540649414,29.49667739868164,452.4700012207031,68.1348648071289,0.3620582818984985,2.49125075340271,25.098539352416992,45369.358691406684,102122.42204957212
Chile,CHL,58.50262069702149,2000,15503638.0,233340518904.0,307.3912658691406,81.1439437866211,18.85605430603028,20.489999771118164,49.82976913452149,0.0,0.0,17.442047119140625,15050.69448241761,19827.040973811476
Chile,CHL,52.91838836669922,2001,15683852.0,239642803054.0,313.34490966796875,78.93919372558594,21.06080818176269,22.8700008392334,54.040645599365234,0.0,0.0062492610886693,19.354856491088867,15279.588397926735,19978.82342092802
Chile,CHL,54.83561325073242,2002,15857926.0,243288829547.0,320.8013916015625,78.16593170166016,21.83407020568848,23.989999771118164,55.22560119628906,0.0,0.0060589001514017,20.06967163085937,15341.78110977438,20229.7192963041
Chile,CHL,55.10021209716797,2003,16024755.0,250723122339.0,322.48974609375,78.98804473876953,21.011951446533203,23.280000686645508,49.92494201660156,0.0,0.005990223493427,19.342432022094727,15645.98786933092,20124.472798102062
Chile,CHL,59.22108840942383,2004,16187324.0,264146071325.0,344.29901123046875,81.44603729248047,18.553964614868164,23.799999237060547,46.66666412353516,0.0,0.0039787483401596,16.686344146728516,16318.081439835269,21269.668243526154
Chile,CHL,61.116455078125,2005,16348780.0,278000705012.0,357.3269348144531,78.91722106933594,21.08277702331543,28.020000457763672,53.65760040283203,0.0,0.0053348317742347,19.49156951904297,17004.370051587946,21856.48928020642
Chile,CHL,64.04827880859375,2006,16509195.0,293258343549.0,369.6823120117188,78.08541870117188,21.91457939147949,30.280000686645508,55.01453399658203,0.0,0.0051314420998096,20.683412551879883,17763.333920824123,22392.509871724138
Chile,CHL,70.46924591064453,2007,16671571.0,305709457316.0,369.298583984375,81.42774200439453,18.57225608825684,25.61000061035156,43.94303512573242,0.0,0.0081527940928936,16.2581729888916,18337.171542861797,22151.39676904924
Chile,CHL,70.54901123046875,2008,16838987.0,314032357531.0,369.3056640625,79.35283660888672,20.647159576416016,27.06999969482422,45.526405334472656,0.0,0.0275664571672678,17.546606063842773,18649.124055443477,21931.584368020474
Chile,CHL,65.95976257324219,2009,17009730.0,306660166266.0,354.3724060058594,78.02406311035156,21.97593879699707,29.38999938964844,48.68312072753906,0.0,0.0592701807618141,18.88751602172852,18028.514636387525,20833.51152580666
Chile,CHL,71.34748077392578,2010,17181463.0,321457401232.0,363.9476623535156,81.05854797363281,18.94145393371582,24.21999931335449,40.19916915893555,0.0,0.2353781908750534,15.743301391601562,18709.54768124228,21182.576964110427
Chile,CHL,78.07144165039062,2011,17351810.0,338708860136.0,385.7117919921875,82.32825469970703,17.6717472076416,25.950000762939453,39.52779769897461,0.0,0.2290009558200836,13.912534713745115,19520.088113920105,22228.908222957
Chile,CHL,79.62088775634766,2012,17519116.0,359556383692.0,402.7465515136719,82.02448272705078,17.975521087646484,25.239999771118164,36.280006408691406,0.0002198961592512,0.2638233602046966,13.024917602539062,20523.6601944984,22988.976813309066
Chile,CHL,81.73326873779297,2013,17687006.0,371454072393.0,413.7593078613281,81.97563171386719,18.02437210083008,26.0,35.69467544555664,0.004216109868139,0.340128481388092,12.422147750854492,21001.523513533044,23393.40575003639
Chile,CHL,77.5862045288086,2014,17864192.0,378114271615.0,409.533935546875,80.48065948486328,19.51933860778809,30.059999465942383,42.83882141113281,0.288133442401886,0.9064733982086182,14.475406646728516,21166.043872289327,22924.850759937814
Chile,CHL,81.7784652709961,2015,18047630.0,386251266445.0,414.2297973632813,78.99986267089844,21.00013542175293,32.36000061035156,43.19850540161133,0.8408847451210022,1.3073855638504028,14.604044914245604,21401.772224109205,22952.032890927025
Chile,CHL,84.25049591064453,2016,18267225.0,393022253885.0,433.90338134765625,80.65880584716797,19.341196060180664,33.810001373291016,42.88976287841797,1.4922783374786377,1.4346855878829956,11.521964073181152,21515.1591927619,23753.108715070637
Chile,CHL,84.1346206665039,2017,18558868.0,398359518680.0,450.3468933105469,78.5737075805664,21.426294326782227,34.369998931884766,43.5449104309082,2.1875836849212646,2.035759449005127,11.974445343017578,21464.645294098755,24265.860035781647
Chile,CHL,84.44264221191406,2018,18893185.0,414254051745.0,468.2776794433594,76.57355499267578,23.426443099975582,37.5,45.86594772338867,2.7517478466033936,1.92879855632782,12.561626434326172,21926.109956844226,24785.534013632925
Chile,CHL,91.97705078125,2019,19197748.0,417331966568.0,473.9787292480469,77.45907592773438,22.54092788696289,38.810001373291016,46.21338272094727,3.3298072814941406,2.587231636047364,11.331682205200195,21738.589680831315,24689.287996073646
Chile,CHL,80.17822265625,2020,19370621.0,391686945225.0,442.4776611328125,75.12633514404297,24.87366485595703,40.4900016784668,48.44460678100586,4.305765151977539,3.1677865982055664,12.281963348388672,20220.6705311616,22842.71945297017
Chile,CHL,83.63031005859375,2021,19456323.0,437659188270.0,476.8569946289063,76.57891845703125,23.42108154296875,43.06999969482422,48.88762664794922,5.621279239654541,3.98873233795166,9.449991226196287,22494.4450331134,24509.101469424942
Chile,CHL,85.74378204345703,2022,19553033.0,448338105532.0,503.5053405761719,73.92073059082031,26.079269409179688,50.369998931884766,55.32732772827149,7.773575305938721,4.399528503417969,10.08584213256836,22929.33815086386,25750.75388949489
China,CHN,3643.8095703125,2000,1269581174.0,5952682232028.0,11800.2841796875,94.2689437866211,5.335687637329102,225.5599975585937,16.63912582397461,0.0005196882993914,0.0139347100630402,5.253812789916992,4688.697622439698,9294.627568010472
China,CHN,3724.1142578125,2001,1278725061.0,6329737256820.0,12470.0634765625,93.35999298095705,6.251406669616699,280.7300109863281,18.9581241607666,0.000689486740157,0.0159959122538566,6.170461177825928,4950.037697603238,9751.950483249737
China,CHN,4098.1806640625,2002,1286866835.0,6814493895929.0,13580.4912109375,93.56922149658205,5.921866893768311,291.4100036621094,17.61839485168457,0.0009721740498207,0.0169598553329706,5.832436561584473,5295.4149649283645,10553.144149477985
China,CHN,4835.25146484375,2003,1294517323.0,7248623080792.0,15818.755859375,94.24960327148438,5.001338958740234,287.2799987792969,15.036272048950195,0.0011060817632824,0.0172301568090915,4.902707099914551,5599.479398231274,12219.810100891944
China,CHN,5210.96142578125,2004,1302100316.0,7830953177799.0,18509.13671875,93.96906280517578,5.289434909820557,357.42999267578125,16.222410202026367,0.0011166089680045,0.0187733974307775,5.194347381591797,6014.093600603196,14214.831600386464
China,CHN,5881.99072265625,2005,1310027135.0,8602939667333.0,21027.1640625,94.08019256591795,5.238741397857666,404.3699951171875,16.173118591308594,0.0010776412673294,0.0249661337584257,5.093356132507324,6566.993490049349,16050.937801757824
China,CHN,6486.1845703125,2006,1318054030.0,9489543138489.0,23048.333984375,94.09483337402344,5.266756057739258,446.7200012207031,15.588403701782228,0.0011058670934289,0.0432081893086433,5.07285737991333,7199.661715300852,17486.6382255779
China,CHN,6974.6630859375,2007,1325813576.0,10358206113742.0,25049.576171875,93.93153381347656,5.406529426574707,500.7099914550781,15.258384704589844,0.0012145568616688,0.0583764240145683,5.170006275177002,7812.716886632635,18893.73938035086
China,CHN,7492.404296875,2008,1333821011.0,10799148337884.0,26020.462890625,92.4309310913086,6.8724212646484375,665.0800170898438,19.025333404541016,0.0015482353046536,0.1334334462881088,6.487921237945557,8096.399928343909,19508.21187853143
China,CHN,7881.49072265625,2009,1342522717.0,11572544299171.0,27158.8984375,92.76033020019533,6.559854984283447,664.3900146484375,17.885717391967773,0.0027075915131717,0.267993301153183,5.97459602355957,8619.998866783422,20229.749630001977
China,CHN,8610.0478515625,2010,1351561505.0,12858808500983.0,29055.609375,92.13224029541016,7.194703578948975,786.3800048828125,18.691469192504883,0.0063125188462436,0.4448445439338684,6.40601921081543,9514.038727362984,21497.807733877416
China,CHN,9520.1533203125,2011,1360250658.0,13691526496125.0,31336.537109375,92.57920837402344,6.6967644691467285,792.3800048828125,16.81257438659668,0.0216710399836301,0.6152582764625549,5.712893009185791,10065.443758914174,23037.32545547866
China,CHN,9767.310546875,2012,1369520866.0,14773157494771.0,32624.1796875,91.1517333984375,8.067560195922852,999.5599975585938,20.04114151000977,0.0285426918417215,0.8182817101478577,6.851133346557617,10787.09924144449,23821.60104123598
China,CHN,9942.37109375,2013,1379008040.0,15925464549520.0,33852.56640625,90.67913055419922,8.473828315734863,1093.3699951171875,20.129684448242188,0.0636141598224639,1.0503554344177246,6.910079479217529,11548.492893137882,24548.490961843847
China,CHN,9976.02734375,2014,1387951970.0,17103948867278.0,34729.06640625,89.32818603515625,9.689675331115724,1289.22998046875,22.24939346313477,0.1733416765928268,1.177838683128357,7.812498569488525,12323.15615883884,25021.807063143548
China,CHN,9858.0400390625,2015,1396134171.0,18301224436466.0,35135.98828125,88.47950744628906,10.277580261230469,1393.6600341796875,23.96836853027344,0.2863318622112274,1.345997333526611,8.082995414733887,13108.49975354267,25166.627256235246
China,CHN,9748.1748046875,2016,1404052628.0,19545709173693.0,35277.7109375,87.35743713378906,11.113144874572754,1522.7900390625,24.828800201416016,0.4772961437702179,1.7280224561691284,8.273968696594238,13920.923463912352,25125.632924280955
China,CHN,10000.013671875,2017,1412354730.0,20894362082435.0,36649.3828125,86.62919616699219,11.66563892364502,1667.06005859375,25.241504669189453,0.8096279501914978,2.0934863090515137,8.007378578186035,14793.990233908871,25949.1344731079
China,CHN,10346.7900390625,2018,1419008954.0,22294284747546.0,38409.8203125,85.85021209716797,12.224382400512695,1835.3900146484373,25.611974716186523,1.1545902490615845,2.3875019550323486,7.824891090393066,15711.165658751721,27068.060567361295
China,CHN,10713.5146484375,2019,1423520357.0,23631941251482.0,40188.72265625,85.04849243164062,12.785955429077148,2014.6400146484373,26.849586486816406,1.391122579574585,2.517062187194824,7.902929782867432,16601.056061667547,28231.92689772683
China,CHN,10896.5205078125,2020,1426106093.0,24151843898871.0,41493.890625,84.40662384033203,13.395745277404783,2185.010009765625,28.088319778442383,1.5669087171554563,2.799551486968994,7.931816577911377,16935.516941845784,29095.935308510037
China,CHN,11284.4013671875,2021,1426437269.0,26180600167672.0,43847.1796875,83.49581146240234,14.195034980773926,2448.800048828125,28.69375991821289,1.8529877662658687,3.716175317764282,7.366617679595947,18353.839132390196,30738.9470538995
China,CHN,11711.8076171875,2022,1425179562.0,26966016991166.0,44516.4921875,82.45503234863281,15.217976570129396,2670.659912109375,30.181346893310547,2.3798532485961914,4.247999668121338,7.230417251586914,18921.136473023602,31235.707678145893
Colombia,COL,56.21294021606445,2000,39089939.0,330615619673.0,314.1843566894531,71.7607421875,28.239261627197266,32.2599983215332,75.35621643066406,0.0016515862662345,0.0,27.735387802124023,8457.818766946655,8037.473701083369
Colombia,COL,56.46513366699219,2001,39709263.0,336096684249.0,316.8646850585937,71.4278793334961,28.572120666503903,31.989999771118164,74.15391540527344,0.0023683325853198,0.0,28.071815490722656,8463.936594567369,7979.616369575877
Colombia,COL,55.41670608520508,2002,40324684.0,344517683680.0,316.93609619140625,69.56092071533203,30.439077377319336,34.130001068115234,76.33639526367188,0.0040998710319399,0.0,29.941320419311523,8543.592894119145,7859.60520338873
Colombia,COL,57.03348922729492,2003,40937426.0,357889195415.0,322.8634033203125,68.35960388183594,31.640399932861328,36.31999969482422,78.61471557617188,0.0055143991485238,0.0,31.146120071411133,8742.34729401404,7886.7538794528145
Colombia,COL,54.32403945922852,2004,41543177.0,376728225954.0,339.5306396484375,68.31061553955078,31.689388275146484,40.209999084472656,81.51226043701172,0.006473028101027,0.0423219688236713,31.202224731445312,9068.353774531977,8172.957972098222
Colombia,COL,60.256473541259766,2005,42128978.0,394076061209.0,334.301513671875,67.21737670898438,32.782623291015625,39.959999084472656,80.01602172851562,0.0078261671587824,0.0406283289194107,32.20450973510742,9354.038002274823,7935.191631562366
Colombia,COL,62.46571350097656,2006,42691081.0,420283862175.0,385.9867248535156,69.06397247314453,30.936023712158203,42.90999984741211,80.44619750976562,0.0,0.0444750823080539,30.052778244018555,9844.769734807136,9041.39028134508
Colombia,COL,60.66993713378906,2007,43235374.0,448731322364.0,392.2712097167969,68.53998565673828,31.46001434326172,44.59000015258789,81.38346099853516,0.0,0.0344830639660358,30.578657150268555,10378.800524866514,9072.922781165184
Colombia,COL,66.98220825195312,2008,43758805.0,464038717488.0,408.47998046875,68.7332992553711,31.266700744628903,46.540000915527344,83.8860855102539,0.0,0.0355200506746768,30.40972900390625,10604.465032534596,9334.806571357467
Colombia,COL,71.77096557617188,2009,44271543.0,471326580093.0,403.7822570800781,71.22908782958984,28.77091407775879,41.25,72.68722534179688,0.0,0.0381672717630863,27.009353637695312,10646.265030631528,9120.5824265054
Colombia,COL,75.43116760253906,2010,44777325.0,489870174161.0,424.6010437011719,72.59619140625,27.403812408447266,42.470001220703125,70.5130386352539,0.0,0.0240541789680719,25.293710708618164,10940.139326344304,9482.501326311294
Colombia,COL,75.19139099121094,2011,45259614.0,521323240921.0,443.7966003417969,68.6292495727539,31.370746612548828,50.43999862670898,81.75040435791016,0.0,0.024548077955842,28.804107666015625,11518.50833109182,9805.576343222832
Colombia,COL,78.6748275756836,2012,45715807.0,541722649583.0,471.9330749511719,70.97689056396484,29.02310943603516,49.119998931884766,77.8940658569336,0.0,0.0304699372500181,26.430030822753903,11849.788620881176,10323.1924780672
Colombia,COL,86.44509887695312,2013,46151583.0,569534665242.0,485.0396118164063,73.73322296142578,26.26677703857422,50.880001068115234,69.21507263183594,0.0,0.0308650135993957,23.76161003112793,12340.522864448658,10509.70693283492
Colombia,COL,92.04168701171876,2014,46565426.0,595158021031.0,510.58587646484375,74.69232177734375,25.307676315307617,48.68000030517578,69.0888442993164,0.0,0.0355207361280918,22.629369735717773,12781.114061557173,10964.91367790437
Colombia,COL,91.0265884399414,2015,46969938.0,612750891790.0,504.4018249511719,74.45535278320312,25.54464340209961,49.38999938964844,63.34487533569336,0.0,0.0348262786865234,22.757568359375,13045.597202832161,10738.822455996682
Colombia,COL,91.5828857421875,2016,47437513.0,625545111723.0,548.828857421875,75.63749694824219,24.36250305175781,49.97999954223633,65.61638641357422,0.0,0.0236339662224054,21.73004531860352,13186.718108999517,11569.511610397345
Colombia,COL,83.45881652832031,2017,48131076.0,634046295892.0,555.2252807617188,71.2127685546875,28.787233352661133,62.06999969482422,79.10028839111328,0.0022900325711816,0.0014067300362512,26.25647354125977,13173.324774455488,11535.692257570114
Colombia,COL,90.81068420410156,2018,49024463.0,650303209362.0,571.2804565429688,72.09178924560547,27.9082088470459,59.70000076293945,76.33295440673828,0.0053099235519766,0.0192219242453575,25.067813873291016,13264.871649119339,11652.967143015288
Colombia,COL,98.9619140625,2019,49907987.0,671028388046.0,573.7360229492188,73.24624633789062,26.75375366210937,54.7400016784668,69.4846420288086,0.0578734576702117,0.0277491100132465,23.85625648498535,13445.310628256755,11495.875859493566
Colombia,COL,92.3051528930664,2020,50629997.0,622365414246.0,517.8126831054688,72.88934326171875,27.11065673828125,50.790000915527344,65.32476043701172,0.0924088209867477,0.0049013481475412,24.13737297058105,12292.424474091911,10227.389172183217
Colombia,COL,103.73352813720705,2021,51188174.0,690925195330.0,565.8150634765625,70.33419799804688,29.665802001953125,63.33000183105469,75.07112884521484,0.1430051773786544,0.0267716888338327,26.78340721130371,13497.750385274536,11053.628587660942
Colombia,COL,89.43694305419922,2022,51737944.0,742716953392.0,627.2268676757812,71.61609649658203,28.38390350341797,61.61000061035156,74.35433197021484,0.2000263035297393,0.0298015661537647,25.60566139221192,14355.362737104513,12123.150229467588
Croatia,HRV,19.652681350708008,2000,4326105.0,57398794775.0,96.54981231689452,81.20639038085938,18.793607711791992,6.449999809265137,57.53791046142578,0.0,0.0,18.790332794189453,13268.007774892196,22317.953983293173
Croatia,HRV,20.77593421936035,2001,4301079.0,57633269426.0,101.51594543457033,80.21544647216797,19.78454971313477,7.179999828338623,56.313724517822266,0.0,0.0,19.78454971313477,13399.723517284849,23602.436838423644
Croatia,HRV,21.91551971435547,2002,4305783.0,61317061359.0,101.62210845947266,84.06027221679688,15.939726829528809,5.849999904632568,46.09929275512695,0.0,0.0,15.939726829528809,14240.62972030871,23601.307464745125
Croatia,HRV,23.22618865966797,2003,4306683.0,65731224853.0,106.3196029663086,85.88552856445312,14.114472389221191,5.460000038146973,41.48936080932617,0.0,0.0,14.114472389221191,15262.610425006902,24687.120683437483
Croatia,HRV,22.852689743041992,2004,4310050.0,69483828958.0,110.54106903076172,81.06204986572266,18.93794822692871,7.630000114440918,55.01081466674805,0.0,0.0049619870260357,18.92154312133789,16121.351018665677,25647.282289245304
Croatia,HRV,23.295551300048828,2005,4313946.0,73522772944.0,109.284912109375,82.43092346191406,17.569076538085938,7.059999942779541,54.09961700439453,0.0,0.0248791240155696,17.503707885742188,17043.044336669955,25332.934651795596
Croatia,HRV,23.496198654174805,2006,4315802.0,78256427771.0,107.9498062133789,83.35582733154297,16.644176483154297,6.650000095367432,51.51045989990234,0.0,0.0475629642605781,16.564430236816406,18132.534293973633,25012.68737847077
Croatia,HRV,24.80175971984864,2007,4315959.0,83591431787.0,108.45484924316406,88.25460815429688,11.74539566040039,4.739999771118164,37.79904174804688,0.0,0.0862160921096801,11.610269546508787,19367.98560574834,25128.795070380434
Croatia,HRV,23.515655517578125,2008,4314635.0,86620961215.0,107.8644790649414,85.5303726196289,14.46962833404541,5.840000152587891,45.69640350341797,0.0,0.0985142961144447,14.27099323272705,20076.080877061442,24999.676465087177
Croatia,HRV,21.752317428588867,2009,4310537.0,81451695571.0,106.4887924194336,81.24111938476562,18.758878707885746,7.480000019073486,56.02996063232422,0.0002269670221721,0.1351825594902038,18.47761344909668,18895.950915396388,24704.29842486762
Croatia,HRV,20.97813415527344,2010,4301150.0,81303793822.0,108.26422882080078,77.28407287597656,22.71592903137207,9.300000190734863,62.88032531738281,0.0002929491456598,0.3395768702030182,22.27927589416504,18902.803627401972,25170.995854783207
Croatia,HRV,20.61465835571289,2011,4280827.0,82302805353.0,94.44828033447266,85.28658294677734,14.713418006896973,5.28000020980835,47.01692199707031,0.0003793299547396,0.5565351843833923,13.932448387145996,19225.912505457472,22063.09209282988
Croatia,HRV,19.050020217895508,2012,4259233.0,80383800465.0,87.5947036743164,83.92591857910156,16.074077606201172,5.260000228881836,49.763484954833984,0.0071432366967201,0.9768347144126892,14.372347831726074,18872.83472517235,20565.83982945202
Croatia,HRV,18.401342391967773,2013,4242403.0,80064089923.0,96.07299041748048,74.44055938720703,25.559444427490234,9.279999732971191,66.5710220336914,0.0305270757526159,1.3995622396469116,23.32671356201172,18872.344264088064,22645.889703896704
Croatia,HRV,17.649938583374023,2014,4219485.0,79720242860.0,96.00875091552734,72.75094604492188,27.24905204772949,9.9399995803833,74.01339721679688,0.0948210731148719,1.967832326889038,24.278440475463867,18893.358516501423,22753.665652449847
Croatia,HRV,17.79389190673828,2015,4183732.0,81731110395.0,91.01988220214844,78.34939575195312,21.650604248046875,7.519999980926514,66.90391540527344,0.1613789349794387,2.244084119796753,18.009815216064453,19535.455520334475,21755.667476346105
Croatia,HRV,18.07927703857422,2016,4136438.0,84640158587.0,94.7305679321289,77.2055435180664,22.794458389282227,8.359999656677246,66.34920501708984,0.1763182133436203,2.728527069091797,18.43349838256836,20462.088054263113,22901.48382065171
Croatia,HRV,18.71312522888184,2017,4079198.0,87528490789.0,94.78340911865234,80.65425109863281,19.345746994018555,7.119999885559082,60.492774963378906,0.2100119143724441,3.212888717651367,14.162861824035645,21457.27929583217,23235.795153520947
Croatia,HRV,17.69451141357422,2018,4024868.0,89979865983.0,98.16043853759766,74.064208984375,25.935794830322266,9.779999732971191,72.33727264404297,0.1927253007888794,3.436119556427002,19.8151969909668,22355.97937199431,24388.48641436133
Croatia,HRV,17.82042121887207,2019,3986338.0,93057982684.0,95.81319427490234,76.73046875,23.26953315734864,8.350000381469727,66.0079116821289,0.2173809707164764,3.8383047580718994,15.240472793579102,23344.22788132868,24035.39144821697
Croatia,HRV,16.870105743408203,2020,3953956.0,85073361985.0,91.3784637451172,74.96686553955078,25.03313446044922,8.550000190734863,64.6258544921875,0.2614389061927795,4.710554122924805,15.501272201538086,21516.011302351366,23110.64254258702
Croatia,HRV,17.402971267700195,2021,3924607.0,96194363488.0,98.31208038330078,71.31745910644531,28.68254280090332,10.529999732971191,69.68894958496094,0.3786432445049286,5.2430267333984375,18.125288009643555,24510.572265707113,25050.172000228504
Croatia,HRV,17.585163116455078,2022,3907031.0,102284645672.0,93.16732025146484,74.94718170166016,25.052818298339844,8.949999809265137,63.47517395019531,0.4057900905609131,5.710981369018555,14.58520221710205,26179.635040520538,23846.06629726379
Cyprus,CYP,7.106901168823242,2000,947667.0,18447964503.0,30.261104583740234,100.0,0.0,0.0,0.0,0.0,0.0,0.0,19466.716159790307,31932.213091455367
Cyprus,CYP,6.979659080505371,2001,964129.0,19289559263.0,30.60965347290039,100.0,0.0,0.0,0.0,0.0,0.0,0.0,20007.238930682513,31748.504062112424
Cyprus,CYP,7.171936988830566,2002,981443.0,20131146271.0,30.185935974121094,100.0,0.0,0.0,0.0,0.0,0.0,0.0,20511.783436226047,30756.687830185852
Cyprus,CYP,7.560773849487305,2003,999600.0,20821863547.0,32.08830261230469,100.0,0.0,0.0,0.0,0.0,0.0,0.0,20830.1956252501,32101.1430695325
Cyprus,CYP,7.787101745605469,2004,1017875.0,21975893073.0,31.22836303710937,99.99344635009766,0.0065519888885319,0.0,0.0,0.0034712522756308,0.003080736612901,0.0,21589.972317818985,30679.958774023697
Cyprus,CYP,7.951671123504639,2005,1036156.0,23006188640.0,34.9927864074707,99.99292755126952,0.0070752236060798,0.0,0.0,0.0043480745516717,0.002727149054408,0.0,22203.402422029114,33771.73553738115
Cyprus,CYP,8.183131217956543,2006,1054424.0,24267407225.0,34.41193389892578,99.98804473876952,0.0119515107944607,0.0,0.0,0.0077855642884969,0.002758358605206,0.0,23014.847181968544,32635.76502329782
Cyprus,CYP,8.475067138671875,2007,1072727.0,25673703212.0,34.986602783203125,99.9422836303711,0.0577137507498264,0.0,0.0,0.0131739042699337,0.0027062376029789,0.0,23933.11924842015,32614.638005012577
Cyprus,CYP,8.691636085510254,2008,1091029.0,26913613219.0,35.85528945922852,99.41204833984376,0.5879496335983276,0.0099999997764825,0.1972386538982391,0.0220772791653871,0.0026198369450867,0.0,24668.100682016702,32863.73639860033
Cyprus,CYP,8.43798828125,2009,1109377.0,26682210733.0,35.003562927246094,99.22708892822266,0.7729085087776184,0.0299999993294477,0.575815737247467,0.0299953781068325,0.0026695886626839,0.0,24051.526877698023,31552.450544085637
Cyprus,CYP,8.071821212768555,2010,1127826.0,27285556934.0,34.056034088134766,98.90511322021484,1.094886302947998,0.0799999982118606,1.500938057899475,0.0535409227013587,0.2371097803115844,0.0,24193.05543053627,30196.17750267751
Cyprus,CYP,7.792363166809082,2011,1146493.0,27627899267.0,33.72514343261719,98.00025177001952,1.999748468399048,0.1700000017881393,3.455284595489502,0.0922481790184974,0.8763577342033386,0.0,24097.747885944354,29415.917439196914
Cyprus,CYP,7.2616682052612305,2012,1165403.0,26675451028.0,31.60496711730957,97.22894287109376,2.77105975151062,0.2599999904632568,5.508474826812744,0.1796181946992874,1.510425686836243,0.0,22889.46487009215,27119.34594068281
Cyprus,CYP,6.578170776367188,2013,1183899.0,24918237857.0,28.278453826904297,96.3198699951172,3.68012809753418,0.3300000131130218,7.692307949066162,0.4258272051811218,2.0928955078125,0.0,21047.604446832036,23885.866806969425
Cyprus,CYP,6.929789066314697,2014,1201806.0,24475580582.0,28.294397354125977,96.6313934326172,3.3686065673828125,0.3100000023841858,7.142857074737549,0.7530810236930847,1.6565980911254885,0.0,20365.666823097905,23543.23189776551
Cyprus,CYP,6.952476978302002,2015,1219504.0,25312505108.0,29.18447494506836,96.03263854980467,3.967363595962525,0.4000000059604645,8.810572624206543,1.1009711027145386,1.9284703731536863,0.0,20756.39367152547,23931.4302741675
Cyprus,CYP,7.349925994873047,2016,1237114.0,26976335005.0,31.7369384765625,96.20606994628906,3.793931484222412,0.4300000071525574,8.793456077575684,1.1577231884002686,1.7984269857406616,0.0,21805.86025620921,25654.012869115133
Cyprus,CYP,7.469282150268555,2017,1254274.0,28523085691.0,32.59568405151367,96.2493896484375,3.7506139278411865,0.4300000071525574,8.600000381469727,1.321995973587036,1.6250203847885132,0.0,22740.713505183077,25987.690131114632
Cyprus,CYP,7.324203014373779,2018,1270743.0,30134014224.0,32.46214294433594,96.01622772216795,3.983771324157715,0.4799999892711639,9.486166000366213,1.473103165626526,1.694110870361328,0.0,23713.696808874807,25545.797178765446
Cyprus,CYP,7.324481964111328,2019,1286669.0,31800247242.0,32.493499755859375,95.56805419921876,4.431946277618408,0.5199999809265137,10.097086906433104,1.6666516065597534,1.8216437101364136,0.0,24715.173243468213,25253.969556940734
Cyprus,CYP,6.903172969818115,2020,1302250.0,30409793367.0,28.28131484985352,93.6120147705078,6.387985229492188,0.6000000238418579,12.371134757995604,2.5889270305633545,2.105487108230591,0.0,23351.73228412363,21717.269994128255
Cyprus,CYP,6.95078182220459,2021,1317311.0,32428676744.0,29.841983795166016,92.6124496459961,7.387552738189697,0.7799999713897705,15.234375,3.880302667617798,2.042134523391724,0.0,24617.327832227926,22653.71183810506
Cyprus,CYP,7.070777893066406,2022,1331376.0,34255009922.0,31.674427032470703,92.23462677001952,7.765375137329102,0.8799999952316284,16.730037689208984,4.687582969665527,1.7466974258422852,0.0,25729.027654096215,23790.74508814242
Czechia,CZE,127.23348999023438,2000,10236809.0,174309526192.0,474.5037536621094,90.4997100830078,1.5250732898712158,2.2799999713897705,3.127571821212769,0.0,0.0,1.031672120094299,17027.720864187268,46352.70167315903
Czechia,CZE,127.16520690917967,2001,10231942.0,181753179328.0,485.27197265625,89.9643325805664,1.6182143688201904,2.569999933242798,3.4626784324646,0.0,0.0001141403772635,1.1722216606140137,17763.3121188529,47427.16218057628
Czechia,CZE,123.98812103271484,2002,10239474.0,187044887124.0,486.7565612792969,87.53409576416016,1.8836787939071653,2.990000009536743,3.934210538864136,0.0,0.0009035853436216,1.407334327697754,18267.04058470191,47537.26229289677
Czechia,CZE,127.5916748046875,2003,10248907.0,196328003846.0,514.5501708984375,85.07874298095703,1.1732385158538818,1.870000004768372,2.2587268352508545,0.0,0.0020724132191389,0.7349095940589905,19155.994277828846,50205.370279819836
Czechia,CZE,128.31365966796875,2004,10261453.0,208725903761.0,527.8245239257812,84.89876556396484,1.5377342700958252,2.740000009536743,3.2700798511505127,5.152383891982026e-05,0.0051008602604269,1.0403693914413452,20340.774718843422,51437.60088612999
Czechia,CZE,125.71345520019533,2005,10280155.0,225302570264.0,519.6319580078125,85.46532440185547,1.6945395469665527,3.130000114440918,3.820334672927856,3.530990943545476e-05,0.0110499244183301,1.23580002784729,21916.261988656785,50547.093697304415
Czechia,CZE,126.53256225585938,2006,10304592.0,243991794814.0,529.4553833007812,84.89517211914062,1.901655316352844,3.5199999809265137,4.20750617980957,8.617429557489231e-05,0.0250285640358924,1.2927664518356323,23677.967532727158,51380.52853531525
Czechia,CZE,128.36363220214844,2007,10337539.0,260673045889.0,523.7052612304688,84.7747802734375,1.8866404294967647,3.4200000762939453,3.89654803276062,0.0008939241524785,0.0637560561299324,1.064864993095398,25216.16081825665,50660.53547468781
Czechia,CZE,122.92772674560548,2008,10378298.0,271709547503.0,513.6187744140625,83.99493408203125,2.3114047050476074,3.7200000286102295,4.466858863830566,0.0066722491756081,0.1261837482452392,1.0440493822097778,26180.549787932472,49489.692280378
Czechia,CZE,114.97207641601562,2009,10420985.0,261919697582.0,492.81097412109375,82.30644989013672,3.14094614982605,4.659999847412109,5.707986354827881,0.0475000962615013,0.1540780663490295,1.2995209693908691,25133.871470115348,47290.24887005343
Czechia,CZE,117.4640884399414,2010,10464035.0,271231988282.0,513.6489868164062,81.98363494873047,3.758654832839966,5.909999847412109,6.934991359710693,0.3136500716209411,0.1709063947200775,1.4210100173950195,25920.401478206066,49087.0860826064
Czechia,CZE,115.17813873291016,2011,10495508.0,279082754736.0,501.9757385253906,80.58369445800781,4.745455741882324,7.239999771118164,8.356416702270508,1.1318638324737549,0.2059347629547119,1.0182623863220217,26590.685723454262,47827.6743274733
Czechia,CZE,111.2755355834961,2012,10507339.0,276891945353.0,499.4383239746094,79.06929016113281,5.1992058753967285,8.069999694824219,9.3208589553833,1.114656925201416,0.2157163470983505,1.10455060005188,26352.24249955198,47532.33182774529
Czechia,CZE,106.71009063720705,2013,10511164.0,276764861619.0,490.2210388183594,77.84456634521484,6.018789291381836,9.300000190734863,10.825282096862791,1.0668364763259888,0.2521999180316925,1.4352033138275146,26330.56259221148,46638.130545614105
Czechia,CZE,104.2325668334961,2014,10517223.0,283025537919.0,479.9368896484375,77.59912872314453,6.231339454650879,9.170000076293944,10.79077434539795,1.1343177556991575,0.2540983557701111,1.0183045864105225,26910.671944390644,45633.423352194535
Czechia,CZE,104.9897003173828,2015,10524418.0,298276052489.0,470.7161254882813,79.04811096191406,6.4396748542785645,9.40999984741211,11.407443046569824,1.2258672714233398,0.3095976114273071,0.970723569393158,28341.33464567827,44726.0955891605
Czechia,CZE,106.63642120361328,2016,10531946.0,305844147713.0,464.3742980957031,80.38758850097656,6.501603603363037,9.390000343322754,11.45121955871582,1.1608469486236572,0.2703075408935547,1.088653326034546,29039.661588940922,44091.974844506716
Czechia,CZE,107.73553466796876,2017,10541343.0,321652381589.0,490.5819091796875,79.16857147216797,6.312410831451416,9.630000114440918,11.229010581970217,1.1255264282226562,0.3028025031089782,0.9578050971031188,30513.41575632251,46538.84321757555
Czechia,CZE,106.32205200195312,2018,10548934.0,332009886797.0,489.0242614746094,78.52012634277344,6.178738594055176,9.43000030517578,10.859051704406738,1.1974420547485352,0.311598539352417,0.8322789669036865,31473.31159688742,46357.694670817866
Czechia,CZE,100.99749755859376,2019,10554872.0,342069373423.0,477.9049377441406,77.49898529052734,6.743680477142334,10.0600004196167,11.735884666442873,1.1918483972549438,0.3646959364414215,1.046457052230835,32408.67093632211,45278.1367452055
Czechia,CZE,91.66145324707033,2020,10550129.0,323245433506.0,442.5675964355469,75.59774780273438,7.538556575775146,10.34000015258789,12.90886402130127,1.25580894947052,0.3924049437046051,1.2035990953445437,30639.002945461616,41949.02227598799
Czechia,CZE,96.62940979003906,2021,10530683.0,334729441747.0,466.4059753417969,76.404052734375,7.275116920471191,10.640000343322754,12.718144416809082,1.1430082321166992,0.3194755911827087,1.2800363302230835,31786.109385972402,44290.19232102959
Czechia,CZE,95.0396728515625,2022,10673216.0,342966849621.0,448.7379150390625,75.42203521728516,7.495779514312744,10.770000457763672,12.862772941589355,1.3706353902816772,0.353165715932846,1.157008171081543,32133.41223685532,42043.36490885807
Denmark,DNK,54.30657577514648,2000,5339659.0,208333676429.0,236.51939392089844,93.24061584472656,6.7593865394592285,5.570000171661377,15.53696060180664,0.0014144290471449,4.999063491821289,0.0355964638292789,39016.28857367109,44294.849899759225
Denmark,DNK,55.89674758911133,2001,5358825.0,211243390442.0,237.2165069580078,92.93508911132812,7.064914226531982,5.849999904632568,15.58337688446045,0.0014025176642462,5.032723426818848,0.0322579033672809,39419.72175654178,44266.51494646827
Denmark,DNK,55.55438232421875,2002,5375967.0,213517288371.0,236.7554626464844,91.80301666259766,8.196981430053711,6.789999961853027,17.36573028564453,0.0014881759416311,5.667652606964111,0.0369558371603488,39717.00130804374,44039.60490205472
Denmark,DNK,60.64544677734375,2003,5390621.0,215549132167.0,255.2325592041016,90.94573211669922,9.054265975952148,8.069999694824219,17.5549259185791,0.0016294383676722,5.9633331298828125,0.022734684869647,39985.95563794969,47347.52437689491
Denmark,DNK,55.100006103515625,2004,5404594.0,222528951750.0,241.65174865722656,88.75950622558594,11.240493774414062,9.529999732971191,23.68290138244629,0.0020736553706228,7.423561096191406,0.0298831928521394,41174.0367084003,44712.2852627277
Denmark,DNK,51.5349235534668,2005,5419550.0,229074701412.0,233.61685180664065,88.0445327758789,11.95546531677246,9.800000190734863,27.16186141967773,0.0025014788843691,7.655683040618896,0.0260436758399009,42268.2144111596,43106.31912366168
Denmark,DNK,59.50024032592773,2006,5437425.0,239411013967.0,255.4813690185547,89.75757598876953,10.242424964904783,9.1899995803833,20.22447204589844,0.0023284677881747,6.424073219299316,0.0246110577136278,44030.21907741256,46985.72743873335
Denmark,DNK,54.7093505859375,2007,5461604.0,242913735233.0,243.4010467529297,88.04682159423828,11.95317840576172,10.300000190734863,26.3157901763916,0.0027415913064032,7.881714820861816,0.0309940259903669,44476.62906959201,44565.854051837094
Denmark,DNK,51.25632858276367,2008,5493762.0,243090598807.0,234.87210083007807,87.9046630859375,12.095337867736816,10.100000381469728,27.68640518188477,0.0029634886886924,7.82941198348999,0.0291577149182558,44248.47650972139,42752.50744937223
Denmark,DNK,48.85141754150391,2009,5523169.0,232507363099.0,220.8069305419922,87.15642547607422,12.843572616577148,10.06999969482422,27.77931022644043,0.0044850707054138,8.037845611572266,0.0226047579199075,42096.7316225522,39978.30422027502
Denmark,DNK,49.18969345092773,2010,5547865.0,238190225279.0,235.9766540527344,85.0273666381836,14.972631454467772,12.43000030517578,32.07741928100586,0.0068471482954919,8.678997993469238,0.0229401066899299,42933.673634632425,42534.67848491887
Denmark,DNK,44.23686218261719,2011,5570848.0,242757622888.0,220.97463989257807,81.47512817382812,18.524873733520508,14.170000076293944,40.35887145996094,0.0178960543125867,11.560667037963867,0.0199527703225612,43576.42191781216,39666.24827900134
Denmark,DNK,39.86125946044922,2012,5591911.0,243307499552.0,205.2434844970703,78.7680435180664,21.23196029663086,14.84000015258789,48.54432678222656,0.1317117810249328,13.023853302001951,0.0221609752625226,43510.617309896385,36703.63932778442
Denmark,DNK,41.76300811767578,2013,5615333.0,245578374484.0,211.7023468017578,78.14360046386719,21.85639953613281,15.960000038146973,46.11383819580078,0.6319397687911987,13.581978797912598,0.0163856968283653,43733.537171170436,37700.76446076445
Denmark,DNK,37.57138442993164,2014,5643795.0,249555233739.0,203.56350708007807,74.6947250366211,25.30527114868164,17.989999771118164,56.148563385009766,0.7538043260574341,16.55475425720215,0.0191170796751976,44217.6290490707,36068.5508740268
Denmark,DNK,35.110572814941406,2015,5683698.0,255401297489.0,198.9745941162109,72.97520446777344,27.024797439575195,18.93000030517578,65.77484130859375,0.7792575359344482,18.226093292236328,0.0232522767037153,44935.76145125937,35007.9462554504
Denmark,DNK,36.91656112670898,2016,5728196.0,263691544304.0,201.6014709472656,73.99494934082031,26.00505447387696,18.38999938964844,60.4934196472168,0.9388663172721864,16.134244918823242,0.0243271235376596,46033.959784895625,35194.583241786
Denmark,DNK,34.66461944580078,2017,5765164.0,271132202845.0,202.9842987060547,69.49858093261719,30.501415252685547,21.799999237060547,70.55016326904297,0.9390928149223328,18.469789505004883,0.0223339796066284,47029.39983060326,35208.764001519245
Denmark,DNK,34.60895538330078,2018,5793824.0,276526484620.0,200.1173248291016,70.62017059326172,29.379833221435547,20.75,68.68586730957031,1.201086401939392,17.52143096923828,0.0187303088605403,47727.80198708142,34539.76593508909
Denmark,DNK,30.95028305053711,2019,5814618.0,280656364923.0,216.8020172119141,69.81698608398438,30.18301773071289,23.06999969482422,78.5495376586914,1.1160014867782593,18.71048355102539,0.0196433141827583,48267.37799852028,37285.685355755806
Denmark,DNK,28.29967498779297,2020,5831529.0,275058379473.0,192.16619873046875,65.3275146484375,34.672489166259766,23.450000762939453,82.05038452148438,1.5421587228775024,21.332569122314453,0.0222911331802606,47167.454620049044,32952.96974952345
Denmark,DNK,29.60352325439453,2021,5856774.0,288414406840.0,191.84957885742188,61.19049072265625,38.80950927734375,26.100000381469727,79.28311920166016,1.709474802017212,20.967300415039062,0.0212801340967416,49244.58530242075,32756.869030189977
Denmark,DNK,29.09432029724121,2022,5902901.0,299429011832.0,194.22862243652344,59.20839691162109,40.791603088378906,28.43000030517578,80.85893249511719,2.8400328159332275,24.527645111083984,0.0192690845578908,50725.73838388955,32903.92680421431
Ecuador,ECU,20.94924736022949,2000,12689215.0,85978888021.0,104.12881469726562,79.42650604248047,20.57349395751953,7.53000020980835,71.50997161865234,0.0,0.0,20.57349395751953,6775.745230969765,8206.08798079831
Ecuador,ECU,23.43599319458008,2001,12910736.0,90060703680.0,105.48296356201172,81.2628402709961,18.737159729003903,7.0,63.75228118896485,0.0,0.0,18.737159729003903,6975.644431115314,8170.174307801795
Ecuador,ECU,24.86136054992676,2002,13138473.0,94404507340.0,104.109375,79.93961334228516,20.06039047241211,7.449999809265137,63.082130432128906,0.0,0.0,20.06039047241211,7185.34850587279,7924.008748961923
Ecuador,ECU,27.112606048583984,2003,13372304.0,97642542688.0,106.60742950439452,81.42814636230469,18.571855545043945,7.110000133514404,61.93379974365234,0.0,0.0,18.571855545043945,7301.848857758543,7972.255903275495
Ecuador,ECU,29.310272216796875,2004,13608700.0,106393261231.0,114.05593872070312,82.18179321289062,17.818208694458008,7.340000152587891,57.34375,0.0,0.0,17.80923080444336,7818.032672555057,8381.10464046552
Ecuador,ECU,30.65171241760254,2005,13846162.0,112798230080.0,120.72479248046876,84.24993896484375,15.750062942504885,6.829999923706055,54.03480911254883,2.786860750347841e-05,0.0,15.481086730957031,8146.534041707731,8719.007655729347
Ecuador,ECU,29.78103446960449,2006,14086138.0,118581678982.0,127.68567657470705,84.56517028808594,15.43483066558838,7.079999923706055,50.28409194946289,3.1452720577362925e-05,0.0,15.07508945465088,8418.324382595145,9064.633370389176
Ecuador,ECU,34.39265441894531,2007,14328783.0,122016284055.0,134.2525634765625,81.37226867675781,18.627731323242188,8.970000267028809,52.0,3.639510032371618e-05,0.0019280365668237,18.11069107055664,8515.467367675259,9369.43238491102
Ecuador,ECU,30.487722396850582,2008,14575201.0,130654762337.0,143.28509521484375,78.4510498046875,21.54895401000977,11.199999809265137,60.57328414916992,4.982136670150794e-05,0.0050078267231583,21.08327293395996,8964.182541084681,9830.745745107992
Ecuador,ECU,33.814697265625,2009,14825960.0,132310294703.0,139.8051300048828,81.9887466430664,18.011255264282227,9.149999618530272,50.38545989990234,1.4958601241232827e-05,0.0060840239748358,17.51569938659668,8924.23119332576,9429.752272694841
Ecuador,ECU,36.46947479248047,2010,15076697.0,137913290159.0,155.1942138671875,84.86267852783203,15.137317657470703,8.569999694824219,44.1297607421875,0.0,0.005819824989885,14.633054733276367,9147.447226604076,10293.648129108617
Ecuador,ECU,38.48036956787109,2011,15326232.0,149795272280.0,164.644287109375,81.72525787353516,18.27474403381348,11.029999732971191,53.98923110961914,9.251332085113972e-05,0.0053239250555634,17.721248626708984,9773.783424392897,10742.646144817265
Ecuador,ECU,37.49276351928711,2012,15572195.0,158246726051.0,173.93344116210938,81.0907974243164,18.909204483032227,12.140000343322754,53.40959167480469,0.0004882704815827,0.0035959354136139,18.34833526611328,10162.13360101129,11169.487741587449
Ecuador,ECU,39.68492126464844,2013,15807132.0,166075183974.0,179.5091552734375,83.48104858398438,16.518951416015625,11.029999732971191,47.62521362304688,0.0052750366739928,0.0816436633467674,15.894229888916016,10506.345108904006,11356.212833133644
Ecuador,ECU,43.75981521606445,2014,16035127.0,172367775440.0,188.56317138671875,83.54945373535156,16.450544357299805,11.5,47.540306091308594,0.022472059354186,0.1087187156081199,15.621382713317873,10749.386359085276,11759.381225151428
Ecuador,ECU,41.297733306884766,2015,16266229.0,172538423301.0,188.046142578125,81.24434661865234,18.755653381347656,13.199999809265137,51.10336685180664,0.0491090044379234,0.1345690339803695,17.83643341064453,10607.155678246016,11560.524727527505
Ecuador,ECU,39.37451553344727,2016,16505142.0,170423090933.0,187.40383911132807,77.3990707397461,22.600929260253903,16.290000915527344,59.97791290283203,0.0527067780494689,0.1141843944787979,21.53411865234375,10325.454390698365,11354.270027566443
Ecuador,ECU,39.19587326049805,2017,16759515.0,174458721084.0,195.10971069335932,72.80442810058594,27.195575714111328,20.459999084472656,73.51778411865234,0.0488476529717445,0.0956621617078781,26.181468963623047,10409.532798771324,11641.727740531831
Ecuador,ECU,38.45119094848633,2018,17049542.0,176707497535.0,206.38023376464844,73.76409912109375,26.235897064208984,21.020000457763672,71.91242218017578,0.0466481111943721,0.0983177572488784,25.3310604095459,10364.354510813253,12104.737697038925
Ecuador,ECU,40.0826301574707,2019,17340017.0,176728682555.0,211.3330993652344,69.6182861328125,30.3817138671875,25.239999771118164,77.78119659423828,0.0453686900436878,0.1021117195487022,29.419208526611328,10191.955553157763,12187.594704505445
Ecuador,ECU,32.4732666015625,2020,17546058.0,162965075602.0,182.8623962402344,65.37635803222656,34.62364196777344,24.920000076293945,79.64205932617188,0.0520896464586257,0.1063588857650756,33.56755447387695,9287.845486547463,10421.850665273898
Ecuador,ECU,38.18497467041016,2021,17682454.0,169866634253.0,212.59689331054688,68.96215057373047,31.037851333618164,26.07999992370605,81.19551849365234,0.0435292162001132,0.0732098370790481,30.1937255859375,9606.507911910869,12023.042350939913
Ecuador,ECU,42.065650939941406,2022,17823900.0,175028884708.0,222.7183074951172,71.57357788085938,28.42642402648925,25.1299991607666,76.0133056640625,0.0431980788707733,0.0679949074983596,27.641340255737305,9819.89826626047,12495.486817986926
Egypt,EGY,142.83685302734375,2000,73083287.0,444250275939.0,568.533447265625,93.00193786621094,6.998061656951904,14.260000228881836,19.44899177551269,9.815848170546816e-05,0.0395087897777557,6.9584550857543945,6078.684938445639,7779.253925259615
Egypt,EGY,126.3720474243164,2001,74652035.0,475679003242.0,593.3138427734375,93.17597198486328,6.824026107788086,14.59000015258789,18.07706642150879,0.0004208493919577,0.083702266216278,6.739902973175049,6371.9495823791,7947.724971910511
Egypt,EGY,128.3618927001953,2002,76239140.0,501912285229.0,610.2438354492188,93.59452056884766,6.405477523803711,14.199999809265137,16.467586517333984,0.0004508359997998,0.0958026424050331,6.3092241287231445,6583.393847687684,8004.337869619447
Egypt,EGY,149.95399475097656,2003,77853548.0,528750466385.0,645.9916381835938,94.4011688232422,5.598830699920654,13.229999542236328,14.350796699523926,0.0004233200161252,0.12106953561306,5.477337837219238,6791.603979114735,8297.523424155232
Egypt,EGY,151.91708374023438,2004,79477441.0,561597926809.0,682.0538330078125,94.68309783935548,5.316898822784424,13.329999923706056,13.567429542541504,0.0003986712545156,0.2009504288434982,5.115549564361572,7066.129957669372,8581.728656913005
Egypt,EGY,166.93389892578125,2005,81101012.0,600297394092.0,699.4166259765625,94.92717742919922,5.072819709777832,13.149999618530272,12.530969619750977,0.0003856158873531,0.1967069506645202,4.87572717666626,7401.848377576349,8624.018476817066
Egypt,EGY,178.3892822265625,2006,82700404.0,650403845291.0,736.6443481445312,95.12442016601562,4.875578880310059,13.390000343322754,11.99176025390625,0.0003641056537162,0.2203059643507003,4.654908657073975,7864.578815007965,8907.38512165589
Egypt,EGY,189.20114135742188,2007,84276224.0,713462332878.0,784.5794067382812,94.93944549560548,5.060550689697266,14.880000114440918,12.414484024047852,0.000408077816246,0.2252712994813919,4.834871292114258,8465.760555171528,9309.617463856488
Egypt,EGY,195.8597717285156,2008,85864791.0,775303694329.0,831.8381958007812,94.89940643310548,5.100589752197266,16.030000686645508,12.44565200805664,0.0004773654218297,0.2959071099758148,4.804205417633057,9029.35516757969,9687.768247182728
Egypt,EGY,205.24285888671875,2009,87501635.0,831415021492.0,861.6713256835938,95.47518920898438,4.52480936050415,14.8100004196167,11.030014038085938,0.0006720667006447,0.316847026348114,4.207290172576904,9501.708413699927,9847.488286174239
Egypt,EGY,202.7042388916016,2010,89196073.0,898751418203.0,895.1117553710938,95.80226135253906,4.197741508483887,14.390000343322754,9.96330451965332,0.0073517435230314,0.4110976755619049,3.779292345046997,10076.132143205452,10035.326951794097
Egypt,EGY,221.675048828125,2011,91093066.0,923052843843.0,941.57373046875,95.93663787841795,4.063365936279297,14.720000267028809,9.842204093933104,0.0674687251448631,0.4123741090297699,3.5835230350494385,10133.074715511277,10336.393007879986
Egypt,EGY,212.5244598388672,2012,93161000.0,950287307199.0,979.9047241210938,96.0796890258789,3.920308828353882,14.869999885559082,9.13166332244873,0.1329456865787506,0.3523246347904205,3.4350385665893555,10200.484185431673,10518.40066252073
Egypt,EGY,219.0865631103516,2013,95333551.0,984556585202.0,973.2687377929688,96.09074401855467,3.909255027770996,14.850000381469728,8.995638847351074,0.0067014582455158,0.4153558015823364,3.4871976375579834,10327.493048087552,10209.089324627892
Egypt,EGY,227.25408935546875,2014,97528655.0,1035721838706.0,961.9715576171876,96.08733367919922,3.912663698196411,14.760000228881836,8.619481086730957,0.03700577840209,0.2726402282714844,3.603017807006836,10619.666996391983,9863.47609958517
Egypt,EGY,226.65396118164065,2015,99597334.0,1079611566322.0,976.1080932617188,95.9382781982422,4.0617194175720215,15.609999656677246,8.584941864013672,0.0109213646501302,0.4926433861255646,3.558154821395874,10839.763706144986,9800.544392701502
Egypt,EGY,245.16358947753903,2016,101644583.0,1121578599865.0,1030.2607421875,96.13019561767578,3.869806051254273,15.829999923706056,8.411711692810059,0.0571162849664688,0.5859774947166443,3.226712226867676,11034.31748905891,10135.913904900372
Egypt,EGY,253.3638916015625,2017,103696055.0,1158060486104.0,1070.745361328125,96.37252807617188,3.627472162246704,15.5,8.022358894348145,0.1410127878189087,0.4937012493610382,2.992758274078369,11167.835517985714,10325.806139183645
Egypt,EGY,241.90318298339844,2018,105682092.0,1220661740193.0,1071.3455810546875,96.1679229736328,3.832075595855713,16.459999084472656,8.25517749786377,0.1287265121936798,0.6953243613243103,3.0080246925354004,11550.317722637436,10137.437296894988
Egypt,EGY,234.06016540527344,2019,107553159.0,1289253465646.0,1048.5794677734375,95.36178588867188,4.638214111328125,19.59000015258789,9.767163276672363,0.3525477945804596,1.179031252861023,3.106635093688965,11987.127831791533,9749.406503005992
Egypt,EGY,246.3232879638672,2020,109315118.0,1307778142529.0,986.90478515625,94.03181457519533,5.968183994293213,23.76000022888184,11.963746070861816,1.1182043552398682,1.3140506744384766,3.535928964614868,11963.378592602352,9028.0722667861
Egypt,EGY,266.8389892578125,2021,110957005.0,1400985648780.0,1061.2908935546875,94.09249114990234,5.907510280609131,25.36000061035156,12.09577465057373,1.158023238182068,1.277923822402954,3.4715633392333984,12626.383064142728,9564.884105827185
Egypt,EGY,249.898666381836,2022,112618252.0,1460427350416.0,1110.143310546875,94.31277465820312,5.6872239112854,25.61000061035156,11.81709098815918,1.1111401319503784,1.309664011001587,3.2664198875427246,12967.94546603334,9857.578952183301
Estonia,EST,15.470973014831545,2000,1397001.0,23525730943.0,55.49626159667969,99.6652374267578,0.3347599506378174,0.0099999997764825,0.1175088062882423,0.0,0.0,0.0250287801027297,16840.167575399017,39725.28408832899
Estonia,EST,15.869932174682615,2001,1388174.0,24618992841.0,57.84579849243164,99.8458023071289,0.154196634888649,0.0199999995529651,0.2355712652206421,0.0,0.0,0.0353404618799686,17734.803303476365,41670.42351494239
Estonia,EST,15.358015060424805,2002,1379438.0,25689833693.0,57.6070671081543,99.82023620605467,0.1797671765089035,0.0299999993294477,0.3516998887062073,0.0,0.0066585936583578,0.0266343746334314,18623.40583121532,41761.258648923904
Estonia,EST,17.250749588012695,2003,1370849.0,27160243367.0,62.81561279296875,99.78865051269533,0.2113476693630218,0.050000000745058,0.4921259880065918,0.0,0.0264625158160924,0.0555279031395912,19812.717058552764,45822.41573869095
Estonia,EST,17.322093963623047,2004,1362682.0,28392969678.0,64.10649871826172,99.72203063964844,0.277968555688858,0.0599999986588954,0.5819592475891113,0.0,0.0321317352354526,0.0947040542960167,20836.093584563383,47044.35717083055
Estonia,EST,17.089780807495117,2005,1354847.0,30566893529.0,64.46387481689453,99.52278137207033,0.47721928358078,0.1099999994039535,1.0784313678741455,0.0,0.2248191982507705,0.0896774232387542,22561.140504425963,47580.18788608199
Estonia,EST,16.438180923461914,2006,1346885.0,33162229951.0,63.6803092956543,99.41650390625,0.5834968686103821,0.1299999952316284,1.3360739946365356,0.0,0.320457398891449,0.0566995404660701,24621.42644026773,47279.69299209234
Estonia,EST,19.93049049377441,2007,1340709.0,35115520992.0,73.74552917480469,99.431884765625,0.5681164264678955,0.1400000005960464,1.1494252681732178,0.0,0.3282796144485473,0.0793642997741699,26191.75450601137,55004.873671173
Estonia,EST,17.814804077148438,2008,1337078.0,32659893005.0,67.85601043701172,99.1289520263672,0.8710477352142334,0.2000000029802322,1.890359163284301,0.0,0.5173890590667725,0.1089240163564682,24426.31843841571,50749.477919023215
Estonia,EST,14.404987335205078,2009,1334528.0,27402480486.0,58.72720718383789,97.27762603759766,2.722370386123657,0.5400000214576721,6.150341987609863,0.000447377533419,0.8723862171173096,0.143160805106163,20533.462382205544,44005.976033352534
Estonia,EST,18.96473503112793,2010,1331450.0,27586968284.0,73.1466064453125,95.61988067626952,4.380115509033203,1.0499999523162842,8.09560489654541,0.0003565172373782,0.9875528216362,0.0962596610188484,20719.49249615081,54937.554129191856
Estonia,EST,18.94802665710449,2011,1327366.0,29217295065.0,72.96272277832031,95.15325164794922,4.84674882888794,1.1799999475479126,9.154382705688477,0.0007113012834452,1.3087944984436035,0.1066951900720596,22011.483694022598,54968.051598670085
Estonia,EST,17.76141357421875,2012,1322615.0,30160490093.0,73.48786926269531,94.0002212524414,5.999778747558594,1.4700000286102295,12.290969848632812,0.0010542307281866,1.5251203775405884,0.1475923061370849,22803.680657636574,55562.555439561256
Estonia,EST,19.633819580078125,2013,1317920.0,30600421813.0,77.46337890625,95.29662322998048,4.703380107879639,1.2300000190734863,9.262048721313477,0.0046306462027132,1.7497228384017944,0.0859977230429649,23218.724818653634,58776.99625641162
Estonia,EST,18.78395271301269,2014,1314457.0,31521829560.0,74.1614761352539,94.37792205810548,5.622077941894531,1.3899999856948853,11.164658546447754,0.010658991523087,2.076784133911133,0.0928363800048828,23980.875418518826,56419.857123705006
Estonia,EST,15.779626846313477,2015,1314580.0,32106015454.0,68.62640380859375,93.34166717529295,6.6583356857299805,1.559999942779541,15.369458198547363,0.0218216311186552,2.644485712051392,0.099861703813076,24423.021386298286,52204.05285992009
Estonia,EST,17.43290901184082,2016,1315850.0,33119083785.0,70.76302337646484,93.4919662475586,6.508037567138672,1.590000033378601,13.064913749694824,0.0345239005982875,2.114143848419189,0.1245707795023918,25169.34588668921,53777.42400460907
Estonia,EST,18.61603736877441,2017,1317430.0,35037377711.0,78.48448181152344,93.10030364990234,6.899696350097656,1.8600000143051147,14.13373851776123,0.0463040769100189,2.308817148208618,0.083027996122837,26595.248105022656,59573.929401579924
Estonia,EST,17.800687789916992,2018,1321972.0,36363239216.0,77.87899780273438,92.20155334472656,7.798442840576172,1.9900000095367432,16.087308883666992,0.0986293703317642,2.0366322994232178,0.0480337813496589,27506.81498246559,58911.230950984114
Estonia,EST,12.288093566894531,2019,1326822.0,37723175050.0,62.76065826416016,89.62371063232422,10.376287460327148,2.140000104904175,28.120895385742188,0.2908853590488434,2.7188875675201416,0.0751948580145835,28431.225175645264,47301.49052710926
Estonia,EST,9.19824504852295,2020,1329675.0,37515273353.0,58.73331069946289,84.64823150634766,15.351765632629396,2.970000028610229,48.84868621826172,1.03526771068573,3.566391468048096,0.1267674714326858,28213.866811814918,44171.177693393416
Estonia,EST,10.390914916992188,2021,1331750.0,40521483538.0,61.443885803222656,85.7028579711914,14.29714012145996,2.869999885559082,39.91654968261719,1.4244377613067627,2.952223539352417,0.0926345661282539,30427.245006945748,46137.70287458056
Estonia,EST,11.966226577758787,2022,1350093.0,39999856613.0,63.30631637573242,86.75920867919922,13.240793228149414,2.859999895095825,31.99105262756348,2.324120283126831,2.604886531829834,0.0896892100572586,29627.48241269305,46890.337462480304
Finland,FIN,57.016998291015625,2000,5176197.0,169209765102.0,359.1098022460937,63.225563049316406,19.162656784057617,23.3799991607666,33.4143180847168,0.0012347598094493,0.0611112117767334,11.485773086547852,32689.977816145714,69377.15126493324
Finland,FIN,62.52000045776367,2001,5187970.0,173703951475.0,366.8936462402344,65.41832733154297,17.237998962402344,21.540000915527344,28.93217086791992,0.0013061255449429,0.0533112473785877,10.056785583496094,33482.065523701945,70720.07861268173
Finland,FIN,65.04900360107422,2002,5200548.0,176751491921.0,368.7680969238281,67.41654205322266,15.842105865478516,19.82999992370605,26.468233108520508,0.0014004313852638,0.048057697713375,8.091714859008789,33987.08980688189,70909.46894900847
Finland,FIN,72.65799713134766,2003,5212958.0,180408462125.0,394.9277038574219,69.92288970947266,14.247586250305176,19.059999465942383,22.61509132385254,0.0014603189192712,0.0647637918591499,6.6790266036987305,34607.695309457704,75758.85013027572
Finland,FIN,68.94599914550781,2004,5228147.0,187633923914.0,393.25396728515625,65.16300964355469,18.99897003173828,25.6299991607666,29.85787582397461,0.0016461330233141,0.0839060693979263,10.50681495666504,35889.18290055731,75218.61326492087
Finland,FIN,57.06399917602539,2005,5246078.0,192990732516.0,357.54766845703125,63.237525939941406,19.044958114624023,23.459999084472656,33.24829864501953,0.0020031277090311,0.1293863654136657,10.494531631469728,36787.62163200776,68155.23300588196
Finland,FIN,68.3740005493164,2006,5266248.0,200966858669.0,383.5122375488281,66.74365234375,17.11725616455078,22.459999084472656,27.293716430664062,0.0023807736579328,0.1096614524722099,8.098217964172363,38161.297885895234,72824.56837369378
Finland,FIN,66.76399993896484,2007,5288715.0,211541390078.0,382.19244384765625,65.16179656982422,18.35138320922852,24.31999969482422,29.961809158325195,0.0026824607048183,0.132615327835083,9.978955268859863,39998.636734632135,72265.65315916177
Finland,FIN,58.625,2008,5313379.0,213226105706.0,368.49554443359375,61.540069580078125,21.79477310180664,27.770000457763672,35.9017448425293,0.0028629405423998,0.1891108751296997,12.421656608581545,40130.03885211275,69352.39222227395
Finland,FIN,55.92100143432617,2009,5338854.0,195739132370.0,341.2877197265625,63.074195861816406,18.61506462097168,21.700000762939453,30.11379623413086,0.0033600041642785,0.2153017669916153,9.873780250549316,36663.13639031897,63925.276796586404
Finland,FIN,64.09200286865234,2010,5363347.0,201746033638.0,371.2906188964844,64.6961898803711,19.12249565124512,24.18000030517578,29.9851188659668,0.0033633005805313,0.2088787853717804,9.170827865600586,37615.6966233958,69227.40946958763
Finland,FIN,56.64599990844727,2011,5388236.0,207084301562.0,349.92291259765625,62.14509201049805,20.477798461914062,24.18000030517578,32.8979606628418,0.0039719962514936,0.3607719242572784,9.326725006103516,38432.67101923524,64942.01675606938
Finland,FIN,51.15399932861328,2012,5413978.0,204190196792.0,340.458740234375,57.95516586303711,24.39200782775879,28.559999465942383,40.56241607666016,0.0044149346649646,0.3796145021915436,12.946939468383787,37715.37246586521,62885.135520383534
Finland,FIN,51.71900177001953,2013,5439057.0,202349011206.0,341.8005065917969,59.95359802246094,22.14970016479492,25.6299991607666,35.966880798339844,0.0048915320076048,0.5865684151649475,9.73348331451416,37202.958381572396,62841.86883715263
Finland,FIN,47.62200164794922,2014,5461686.0,201610622550.0,329.8229064941406,57.36318206787109,24.194854736328125,26.280000686645508,38.590309143066406,0.0060628540813922,0.8659213185310364,10.477853775024414,36913.62384252775,60388.47830031617
Finland,FIN,44.19200134277344,2015,5479719.0,202706706722.0,328.8933410644531,54.31170654296875,27.51534843444824,30.530000686645508,44.49788665771485,0.0088429423049092,1.8195297718048096,13.109771728515623,36992.17181063481,60020.11071451896
Finland,FIN,47.25199890136719,2016,5495468.0,208405735062.0,334.0833435058594,56.33904647827149,25.93526840209961,30.40999984741211,44.23272705078125,0.0168570876121521,2.343797445297241,12.069575309753418,37923.20054670503,60792.519127735686
Finland,FIN,44.65700149536133,2017,5508398.0,215058877437.0,327.2159118652344,54.56124877929688,27.99019241333008,31.46999931335449,46.60841369628906,0.0376599207520484,3.722436189651489,11.466872215270996,39042.00049397302,59403.09902538531
Finland,FIN,45.73600006103516,2018,5515730.0,217509947213.0,333.8409729003906,54.76352691650391,27.990327835083008,32.13999938964844,45.763916015625,0.0682680457830429,4.417782783508301,10.064176559448242,39434.480515362426,60525.256475641596
Finland,FIN,42.44400024414063,2019,5521754.0,220173891564.0,326.99151611328125,53.0494499206543,28.590925216674805,31.8799991607666,46.46552658081055,0.1132051199674606,4.633936882019043,9.553215980529783,39873.90448107612,59218.77651798346
Finland,FIN,37.720001220703125,2020,5529616.0,214988893865.0,313.9499206542969,48.74965286254883,32.5881462097168,35.93000030517578,51.891971588134766,0.1750525832176208,6.614963054656982,12.726722717285156,38879.53410598494,56776.08004865019
Finland,FIN,37.81999969482422,2021,5541069.0,221538476826.0,320.5770568847656,46.49790573120117,35.035980224609375,38.18000030517578,52.9468879699707,0.2328163534402847,6.656763553619385,12.357011795043944,39981.179953904204,57854.7310789246
Finland,FIN,36.33700180053711,2022,5569300.0,226154847456.0,320.2315368652344,45.3002815246582,34.8967399597168,38.65999984741211,53.56796646118164,0.3066600859165191,9.396561622619627,10.545351028442385,40607.409810209545,57499.42306308412
France,FRA,407.4446411132813,2000,59483716.0,2031676031476.0,3117.9091796875,56.16044998168945,6.409308433532715,67.83000183105469,12.73659324645996,0.0004709186032414,0.0043275915086269,5.983166217803955,34155.16326310212,52416.18024817918
France,FRA,411.5916442871094,2001,59905131.0,2077786711965.0,3143.04638671875,55.47686767578125,7.072253704071045,76.08999633789062,14.023221015930176,0.0005479204701259,0.0116512579843401,6.605462551116943,34684.6201198525,52467.06474473364
France,FRA,407.0265808105469,2002,60327247.0,2107316572579.0,3118.91943359375,55.28369140625,5.879392623901367,62.68999862670898,11.372541427612305,0.0006316422368399,0.023563927039504,5.370530605316162,34931.42282091871,51700.0126591845
France,FRA,412.9890747070313,2003,60741119.0,2130940712046.0,3153.041748046875,55.76491165161133,5.674737930297852,61.470001220703125,10.993865966796877,0.0006790528423152,0.033920731395483,5.15306568145752,35082.34203005052,51909.51039355852
France,FRA,414.072998046875,2004,61175244.0,2196883540402.0,3180.1298828125,55.68943786621094,5.683584690093994,62.41999816894531,11.02242660522461,0.0007280014688149,0.051273874938488,5.132127285003662,35911.31635538716,51983.93459309292
France,FRA,416.3429260253906,2005,61625031.0,2238790479440.0,3154.0791015625,55.94652938842773,5.121811866760254,54.97999954223633,9.660188674926758,0.0009053947869688,0.0829454064369201,4.438699722290039,36329.23899770533,51181.7852320837
France,FRA,406.6690368652344,2006,62049831.0,2297018080700.0,3128.9306640625,55.3817024230957,5.702458381652832,60.90999984741211,10.736824035644531,0.0010291940998286,0.1886185258626938,4.866998195648193,37018.92565509163,50426.09486015361
France,FRA,396.461181640625,2007,62432438.0,2354672057875.0,3075.78955078125,55.19260787963867,6.355920314788818,64.30000305175781,11.444539070129396,0.0015739805530756,0.3558945059776306,5.037087917327881,37715.52310475205,49265.888844213485
France,FRA,389.7943115234375,2008,62780187.0,2362451821701.0,3084.8447265625,54.629520416259766,7.31891918182373,72.33000183105469,12.757064819335938,0.0036367652937769,0.493041455745697,5.511777400970459,37630.531774316,49137.23379897705
France,FRA,371.4042053222656,2009,63106460.0,2295352990111.0,2908.910400390625,55.18563461303711,7.408987522125244,68.1500015258789,12.885964393615724,0.0158847048878669,0.7222976684570312,5.203063011169434,36372.71033917922,46095.28723985825
France,FRA,377.0793762207031,2010,63417366.0,2342490492199.0,3001.230712890625,54.45502471923828,7.881732940673828,76.68000030517578,13.635394096374512,0.0544925741851329,0.8740783929824829,5.512011528015137,36937.68189929238,47325.060976052286
France,FRA,355.1268005371094,2011,63733776.0,2393401943613.0,2897.709716796875,53.03004837036133,6.929938316345215,66.0199966430664,11.63040542602539,0.1880629360675811,1.1368823051452637,4.059191703796387,37553.11694717413,45465.840856453804
France,FRA,358.1002502441406,2012,64058465.0,2400896391731.0,2894.8583984375,52.93218994140625,8.714423179626465,85.25,15.019908905029297,0.3620434105396271,1.3894615173339844,5.299549579620361,37479.76776732006,45190.87990068916
France,FRA,360.0133361816406,2013,64387736.0,2414733629218.0,2925.05322265625,52.57957458496094,9.85744571685791,99.43000030517578,17.23970603942871,0.4197193086147308,1.4528679847717283,6.280727386474609,37503.005684467615,45428.73230790799
France,FRA,327.80877685546875,2014,64692495.0,2437822780219.0,2797.7822265625,49.86149978637695,9.884686470031738,94.02999877929688,16.603979110717773,0.5453642010688782,1.6228336095809937,5.794313430786133,37683.23945797731,43247.40028286898
France,FRA,332.1310119628906,2015,64916337.0,2464953810985.0,2823.4267578125,50.68936920166016,9.568416595458984,91.83999633789062,15.996097564697266,0.6598900556564331,1.978678584098816,4.956737041473389,37971.23998208648,43493.31598627476
France,FRA,335.4963684082031,2016,65086853.0,2491956183265.0,2766.59716796875,52.51080703735352,10.36199188232422,99.0,17.715267181396484,0.751847505569458,2.001464605331421,5.517891883850098,38286.628841388294,42506.23652012719
France,FRA,338.3680419921875,2017,65284775.0,2549057506683.0,2756.22900390625,53.5944709777832,9.80320167541504,91.91000366210938,16.538311004638672,0.8363741636276245,2.3003649711608887,4.498987674713135,39045.206277926205,42218.55714301305
France,FRA,323.1017150878906,2018,65519537.0,2596599107835.0,2790.4287109375,51.16522216796875,11.513116836547852,113.8499984741211,19.75739288330078,0.9334388971328736,2.6303136348724365,5.77670431137085,39630.91356758214,42589.26174856059
France,FRA,316.32080078125,2019,65729460.0,2644453795826.0,2731.347412109375,51.56553649902344,11.75388526916504,112.9000015258789,19.963926315307617,1.0707741975784302,3.245980024337769,5.150549411773682,40232.398011880825,41554.38690823529
France,FRA,281.5154724121094,2020,65905273.0,2438594133224.0,2444.265380859375,49.73998641967773,13.971604347229004,125.02999877929688,23.713607788085938,1.3041476011276243,4.1580729484558105,6.328221321105957,37001.502644924934,37087.55414546838
France,FRA,307.2718505859375,2021,66083547.0,2604822841790.0,2597.560546875,50.61077117919922,12.914198875427246,122.0999984741211,22.1874942779541,1.430746078491211,3.604394435882568,5.639406204223633,39417.116060522596,39307.22040200112
France,FRA,295.3038024902344,2022,66277412.0,2671568767031.0,2306.19189453125,54.47090530395508,13.725915908813477,113.37000274658205,24.20108795166016,2.065751791000366,4.1933465003967285,4.777006149291992,40308.88784599797,34796.046268844206
Germany,DEU,898.9757690429688,2000,81797255.0,2718560455818.0,3988.17919921875,85.39959716796875,2.7381491661071777,35.40999984741211,6.223745346069336,0.0,0.6644306778907776,1.7415077686309814,33235.35069505694,48756.88309123271
Germany,DEU,915.2547607421876,2001,81933882.0,2793373055251.0,4062.799072265625,85.50872039794922,2.7976856231689453,37.880001068115234,6.54299259185791,0.0068261828273534,0.7167491912841797,1.583674430847168,34093.01484398115,49586.31243989666
Germany,DEU,898.8342895507812,2002,82068328.0,2822441773260.0,4011.722900390625,85.32731628417969,3.365451097488404,44.4900016784668,7.621283054351807,0.0137188732624053,1.083790898323059,1.625686526298523,34391.3643916323,48882.71758613901
Germany,DEU,894.5010986328125,2003,82111619.0,2831676106520.0,4010.470947265625,85.26161193847656,3.4766616821289062,46.66999816894531,7.752104759216309,0.0213553868234157,1.3022692203521729,1.2500200271606443,34485.693267355986,48841.69860620608
Germany,DEU,876.56982421875,2004,82092706.0,2894624877966.0,4009.893310546875,84.34241485595703,4.315670967102051,57.970001220703125,9.509514808654783,0.0378143079578876,1.7664101123809814,1.4084113836288452,35260.43931315895,48845.91464857883
Germany,DEU,867.8804931640625,2005,82046733.0,2945460930734.0,3962.63525390625,83.89347076416016,4.992346286773682,63.43000030517578,10.341734886169434,0.0891648903489112,1.893322467803955,1.338700532913208,35899.79543407292,48297.29483447257
Germany,DEU,886.434326171875,2006,81701971.0,3086359147617.0,4062.38720703125,83.1335220336914,5.797013759613037,72.55999755859375,11.51380443572998,0.1498144567012787,2.071870803833008,1.3249152898788452,37775.8224170259,49722.02209211391
Germany,DEU,846.1529541015625,2007,81298546.0,3220275669650.0,3893.42333984375,82.98074340820312,7.369626045227051,89.44000244140625,14.172080993652344,0.2153989821672439,2.7813727855682373,1.453616976737976,39610.495243666475,47890.44246675396
Germany,DEU,856.6425170898438,2008,81110780.0,3289020399474.0,3934.666259765625,82.44473266601562,7.522728443145752,94.37000274658205,14.925114631652832,0.3039897084236145,2.7907307147979736,1.3785407543182373,40549.73210064063,48509.78205074128
Germany,DEU,789.9839477539062,2009,80935276.0,3136502162046.0,3692.17822265625,82.20775604248047,8.146815299987793,96.08000183105467,16.34124755859375,0.4800123870372772,2.8178834915161133,1.3604044914245603,38753.21512520696,45618.89950997696
Germany,DEU,826.7047119140625,2010,80830916.0,3301123203586.0,3847.1513671875,81.96337890625,8.465435981750488,105.41000366210938,16.886945724487305,0.8146225810050964,2.6248648166656494,1.4267981052398682,40839.8588924317,47595.048498367876
Germany,DEU,804.5415649414062,2011,80857877.0,3467712967640.0,3710.584716796875,82.24610137939453,10.167926788330078,124.43000030517578,20.56694221496582,1.4045510292053225,3.50291109085083,1.2415496110916138,42886.52010539431,45890.207045590316
Germany,DEU,814.093017578125,2012,80916391.0,3482225441398.0,3761.916259765625,81.68093872070312,11.459871292114258,143.39999389648438,23.13612174987793,1.8443807363510127,3.564074277877808,1.500317931175232,43034.8585541587,46491.39949612465
Germany,DEU,831.7455444335938,2013,81041581.0,3497463140441.0,3868.51708984375,81.9204330444336,11.60320281982422,151.9499969482422,24.13092041015625,2.0383665561676025,3.510576009750366,1.5309218168258667,43156.403136323315,47734.96570660128
Germany,DEU,792.5836181640625,2014,81376078.0,3574741315261.0,3710.464599609375,80.45003509521484,12.839898109436035,161.92999267578125,26.170503616333008,2.4488933086395264,4.041212558746338,1.3531502485275269,43928.6508162878,45596.50318376581
Germany,DEU,800.822509765625,2015,82077546.0,3628073946157.0,3780.85986328125,79.48593139648438,14.318381309509276,188.13999938964844,29.43504905700684,2.570176601409912,5.442218780517578,1.2809706926345823,44203.00219693459,46064.484716456434
Germany,DEU,797.98828125,2016,82760102.0,3708979940863.0,3841.451171875,80.31843566894531,14.101187705993652,189.1300048828125,29.481544494628903,2.47625994682312,5.269800186157227,1.3547033071517944,44816.03878234708,46416.70417316547
Germany,DEU,784.5951538085938,2017,83104010.0,3808389445530.0,3949.555908203125,79.73907470703125,15.387794494628906,215.67999267578125,33.46677780151367,2.4747965335845947,6.7482428550720215,1.2865289449691772,45826.783154386896,47525.45524822599
Germany,DEU,758.7713623046875,2018,83368507.0,3845758522294.0,3845.41357421875,78.77617645263672,16.262758255004883,222.92999267578125,35.25811004638672,2.89290189743042,7.176837921142578,1.1548762321472168,46129.631688066576,46125.4940575912
Germany,DEU,708.6489868164062,2019,83559184.0,3886392581475.0,3753.70361328125,77.1878662109375,17.811208724975586,241.1699981689453,40.18896865844727,3.0124316215515137,8.38652515411377,1.314395785331726,46510.65742186999,44922.69351602632
Germany,DEU,647.1768188476562,2020,83628711.0,3742721113842.0,3498.9150390625,75.38958740234375,20.017168045043945,251.4900054931641,44.37406539916992,3.5312016010284424,9.42457675933838,1.3071496486663818,44754.021305458125,41838.681921840216
Germany,DEU,677.9976806640625,2021,83697080.0,3841041747482.0,3598.492431640625,77.13961791992188,18.08249855041504,232.5,40.16723251342773,3.410085916519165,7.923715114593506,1.3586031198501587,45892.18342482199,42994.2410373292
Germany,DEU,667.843017578125,2022,84086227.0,3909612753939.0,3455.449951171875,77.17733764648438,20.32915496826172,251.5399932861328,44.372703552246094,4.332230567932129,8.96676254272461,1.2661179304122925,46495.281015986126,41094.12533365155
Greece,GRC,102.97276306152344,2000,10782638.0,223530895992.0,373.0520935058594,96.90818786621094,3.0918128490448,4.139999866485596,7.820173740386963,0.0,0.3364883065223694,2.755324363708496,20730.631594235103,34597.47916102343
Greece,GRC,105.36145782470705,2001,10843166.0,234861781413.0,376.0252380371094,97.83551025390624,2.164491415023804,2.940000057220459,5.595736503601074,0.0,0.5561354160308838,1.5426137447357178,21659.88987100262,34678.546656678445
Greece,GRC,105.0002670288086,2002,10890287.0,246267119689.0,376.3705749511719,97.37892150878906,2.6210782527923584,3.5799999237060547,6.7091450691223145,0.0,0.4746747016906738,2.041611433029175,22613.464611997828,34560.20717830227
Greece,GRC,109.06655883789062,2003,10918467.0,262880256421.0,398.3160400390625,95.9484634399414,4.051534175872803,5.889999866485596,10.282821655273438,0.0,0.7002405524253845,3.26870346069336,24076.663548188586,36480.9492064282
Greece,GRC,109.48484802246094,2004,10947369.0,278667908011.0,398.23236083984375,95.9497299194336,4.05026912689209,5.909999847412109,10.151150703430176,0.0005287296371534,0.7646214365959167,3.187440156936645,25455.240250968065,36376.99257601016
Greece,GRC,113.88880920410156,2005,10981340.0,282859759866.0,399.6061706542969,95.66504669189452,4.334954738616943,6.409999847412109,10.914353370666504,0.0006428731721825,0.8543210625648499,3.384694814682007,25758.218930112354,36389.56362832741
Greece,GRC,112.41936492919922,2006,11016107.0,301538680337.0,411.3058776855469,94.85130310058594,5.148696422576904,7.670000076293945,12.910284996032717,0.0009038739372044,1.108225703239441,3.8247361183166495,27372.526459392597,37336.77220868923
Greece,GRC,114.54544830322266,2007,11045737.0,314210147911.0,419.3504028320313,96.8293914794922,3.170609951019287,4.590000152587891,7.355769157409668,0.0009022036683745,1.1550748348236084,1.6464722156524658,28446.281847105358,37964.9092525045
Greece,GRC,111.08003997802734,2008,11076874.0,315974328109.0,411.5850830078125,96.09174346923828,3.908256053924561,5.75,9.24734592437744,0.0033645099028944,1.440647840499878,2.128385543823242,28525.586560702955,37157.151287250585
Greece,GRC,104.3194808959961,2009,11108067.0,305101334774.0,396.3978271484375,94.3251724243164,5.6748247146606445,8.15999984741211,13.523366928100586,0.0332196541130542,1.689551591873169,3.5562026500701904,27466.64516643625,35685.58122204678
Greece,GRC,97.35414123535156,2010,11124666.0,290984350750.0,378.4373474121094,92.3040771484375,7.695921421051025,10.529999732971191,18.600954055786133,0.1090670078992843,1.8764169216156008,5.168045997619629,26156.681984879368,34017.86151711066
Greece,GRC,94.5052261352539,2011,11108838.0,266793942822.0,371.2845458984375,93.94216918945312,6.057834148406982,8.149999618530273,13.943540573120115,0.4274010360240936,2.321654796600342,2.809020757675171,24016.368122570515,33422.44669500424
Greece,GRC,91.39259338378906,2012,11048291.0,247887031358.0,349.302001953125,92.03297424316406,7.967023849487305,10.130000114440918,16.9086971282959,1.2558352947235107,2.854311227798462,3.2563953399658203,22436.685579516325,31615.93064059636
Greece,GRC,81.7132568359375,2013,10967534.0,241650188710.0,328.3033142089844,88.20521545410156,11.794785499572754,14.359999656677246,25.47454261779785,2.8627562522888184,3.2480835914611816,4.980587482452393,22033.229047660123,29934.104987409602
Greece,GRC,78.63569641113281,2014,10893169.0,242799798246.0,307.91021728515625,89.25450897216797,10.74549388885498,12.18000030517578,24.546554565429688,3.1538727283477783,3.067945718765259,3.724812269210816,22289.179415650302,28266.358236538537
Greece,GRC,74.92666625976562,2015,10820902.0,242323725826.0,311.7230834960937,87.20443725585938,12.795560836791992,14.850000381469728,29.089130401611328,3.1913766860961914,3.781740665435791,4.990628719329834,22394.041257004268,28807.49529901423
Greece,GRC,71.35961151123047,2016,10775506.0,241143085639.0,306.9926452636719,87.02482604980469,12.975171089172363,14.890000343322754,27.65601921081543,3.2418370246887207,4.245130062103272,4.572423934936523,22378.817815052025,28489.85887657358
Greece,GRC,74.84175109863281,2017,10753532.0,243776808141.0,322.19732666015625,88.55085754394531,11.449140548706056,13.800000190734863,25.18248176574707,3.118336200714112,4.325764179229736,3.0957348346710205,22669.464148244504,29962.000081476137
Greece,GRC,71.77809143066406,2018,10730846.0,247844015413.0,324.0658264160156,86.83647155761719,13.163528442382812,16.139999389648438,30.678577423095703,2.9325976371765137,4.874128341674805,4.443356990814209,23096.409678509972,30199.46669778092
Greece,GRC,65.736328125,2019,10718581.0,252514250712.0,316.8872985839844,86.5237808227539,13.476221084594728,16.100000381469727,33.57664108276367,3.487222671508789,5.721872329711914,3.1494765281677246,23558.552266573344,29564.295738772173
Greece,GRC,55.576927185058594,2020,10699370.0,229777821500.0,276.95611572265625,83.215087890625,16.784912109375,17.549999237060547,36.93959045410156,4.003777027130127,8.382460594177246,3.010527849197388,21475.82722160277,25885.27321913872
Greece,GRC,57.52791213989258,2021,10579561.0,249158215293.0,302.53619384765625,80.80044555664062,19.19955444335937,22.1299991607666,40.80014419555664,4.322983264923096,8.630345344543457,4.86013650894165,23550.903037753647,28596.289945079596
Greece,GRC,57.60904693603516,2022,10412481.0,263892672733.0,314.334228515625,81.21737670898438,18.782621383666992,22.450000762939453,43.44881439208984,5.640403270721436,8.597810745239258,3.045616865158081,25343.880361750482,30188.216287321437
Hong Kong,HKG,39.76544570922852,2000,6704665.0,218622146616.0,197.475326538086,100.0,0.0,0.0,0.0,0.0,0.0,0.0,32607.46757906622,29453.421839582737
Hong Kong,HKG,37.28852844238281,2001,6774243.0,219159408785.0,249.42022705078125,100.0,0.0,0.0,0.0,0.0,0.0,0.0,32351.867032965896,36818.90759613749
Hong Kong,HKG,39.00328063964844,2002,6821412.0,222182532288.0,243.4325256347656,100.0,0.0,0.0,0.0,0.0,0.0,0.0,32571.340404010196,35686.530242531255
Hong Kong,HKG,42.73318862915039,2003,6858906.0,225487397415.0,251.4054412841797,100.0,0.0,0.0,0.0,0.0,0.0,0.0,32875.12577297312,36653.86889457002
Hong Kong,HKG,41.157752990722656,2004,6888164.0,243895605092.0,281.5269470214844,100.0,0.0,0.0,0.0,0.0,0.0,0.0,35407.92656678906,40871.11558631362
Hong Kong,HKG,43.33409118652344,2005,6908483.0,259469641313.0,270.0904541015625,100.0,0.0,0.0,0.0,0.0,0.0,0.0,37558.121126302256,39095.47929720063
Hong Kong,HKG,41.9148063659668,2006,6931089.0,274690745926.0,285.7524719238281,99.99935150146484,0.0006493786931969,0.0,0.0,0.0,0.0006493786931969,0.0,39631.68643859572,41227.644302912304
Hong Kong,HKG,43.57243728637695,2007,6971344.0,291247413551.0,304.01446533203125,99.9992446899414,0.0007567183347418,0.0,0.0,0.0,0.0007567183347418,0.0,41777.799740050126,43609.16135138809
Hong Kong,HKG,42.794246673583984,2008,7020689.0,295823304243.0,282.853271484375,99.9992446899414,0.0007527890847995,0.0,0.0,0.0,0.0007527890847995,0.0,42135.93626537224,40288.534570378346
Hong Kong,HKG,41.58306503295898,2009,7064464.0,285619082956.0,308.8583068847656,99.9990692138672,0.0009339285315945,0.0,0.0,0.0,0.0009339285315945,0.0,40430.39683633464,43719.99162070408
Hong Kong,HKG,40.06290435791016,2010,7101614.0,302377330309.0,321.1756896972656,99.94710540771484,0.0528915263712406,0.0399999991059303,0.1046298742294311,0.0008108305628411,0.0008440746460109,0.0,42578.67722872575,45225.73174172317
Hong Kong,HKG,43.149715423583984,2011,7142969.0,314044556431.0,329.3310546875,99.86336517333984,0.1366362422704696,0.0399999991059303,0.1026430502533912,0.0023599669802933,0.0006828171317465,0.0,43965.549399836396,46105.625642152445
Hong Kong,HKG,42.738399505615234,2012,7201059.0,319384208506.0,316.4894714355469,99.93939208984376,0.0606064274907112,0.0399999991059303,0.1038152128458023,0.0024430647026747,0.0008575157262384,0.0,44352.39435005323,43950.40666040187
Hong Kong,HKG,44.31049728393555,2013,7264330.0,329290162080.0,325.02764892578125,99.8397445678711,0.1602533906698227,0.0399999991059303,0.1025378108024597,0.0023606319446116,0.0006578294560313,0.0,45329.73613258208,44742.96307103081
Hong Kong,HKG,45.49175262451172,2014,7319502.0,338386398632.0,317.207763671875,99.84929656982422,0.1507021784782409,0.0399999991059303,0.1006542444229126,0.0024065212346613,0.000721956428606,0.0,46230.79529618272,43337.34230441839
Hong Kong,HKG,42.40351867675781,2015,7366411.0,346466191769.0,326.451171875,99.79541778564452,0.2045787572860717,0.0700000002980232,0.1848917007446289,0.003102064365521,0.0006289434968493,0.0,47033.24207256424,44316.1767480799
Hong Kong,HKG,43.3658447265625,2016,7408006.0,354003396927.0,335.0529479980469,99.79442596435548,0.2055758088827133,0.1400000005960464,0.3672612905502319,0.0029996470548212,0.0003689565928652,0.0,47786.59695024545,45228.493065211725
Hong Kong,HKG,42.43117141723633,2017,7444889.0,367441685993.0,359.3407287597656,99.79090118408205,0.2091013491153717,0.1500000059604644,0.4060639142990112,0.0038995610084384,0.0007270368514582,0.0,49354.89111966612,48266.76781343088
Hong Kong,HKG,42.59702301025391,2018,7471190.0,377902310676.0,363.5733337402344,99.75987243652344,0.2401274740695953,0.1500000059604644,0.4101722836494446,0.0043673049658536,0.0004789461672771,0.0,50581.27429177949,48663.376749919946
Hong Kong,HKG,41.89659118652344,2019,7485817.0,371582312306.0,344.5447082519531,99.74708557128906,0.2529153525829315,0.1599999964237213,0.4331348240375519,0.0119258929044008,0.0005028990563005,0.0,49638.17741016111,46026.333298283025
Hong Kong,HKG,33.512996673583984,2020,7490240.0,347263059452.0,257.9467468261719,99.53790283203124,0.4620958566665649,0.1899999976158142,0.5531295537948608,0.0500038601458072,0.0009821760468184,0.0,46362.07377226898,34437.714522655064
Hong Kong,HKG,33.63699722290039,2021,7484604.0,369654417943.0,243.68637084960932,99.34587097167967,0.6541301012039185,0.2599999904632568,0.7178354263305664,0.1216666102409362,0.0008410389418713,0.0,49388.64072741858,32558.351898057575
Hong Kong,HKG,30.7637996673584,2022,7465913.0,356690492875.0,217.4092712402344,99.07333374023438,0.9266648292541504,0.3300000131130218,0.9141274690628052,0.2025172710418701,0.0009404267184436,0.0,47775.87052983339,29120.252438011856
Hungary,HUN,58.244407653808594,2000,10190598.0,134151505450.0,280.80230712890625,85.67926025390625,0.2492040693759918,0.2399999946355819,0.6820119619369507,0.0,0.0,0.1766384243965149,13164.242711762352,27555.03721458802
Hungary,HUN,59.827754974365234,2001,10166693.0,142043461403.0,287.644287109375,86.13789367675781,0.2563835680484772,0.2599999904632568,0.713893473148346,0.0,0.0009631690336391,0.1791494488716125,13971.451818501848,28292.807416273412
Hungary,HUN,58.84197998046875,2002,10138461.0,151456660939.0,280.9121398925781,86.1107177734375,0.2376596480607986,0.2300000041723251,0.6362378597259521,0.0,0.0009784008143469,0.1898097395896911,14938.821675104338,27707.57217417694
Hungary,HUN,61.61124801635742,2003,10108970.0,160456137012.0,284.3871154785156,89.07734680175781,0.345416396856308,0.3300000131130218,0.9668912887573242,0.0,0.0038417282048612,0.1642338782548904,15872.649440249601,28132.15544991385
Hungary,HUN,59.98492431640625,2004,10085788.0,171925388770.0,288.9267578125,87.81077575683594,0.9845927953720092,0.9399999976158142,2.788490056991577,0.0,0.0056422818452119,0.1927779614925384,17046.30206088012,28646.919587492815
Hungary,HUN,60.14208221435547,2005,10065703.0,183107031890.0,308.0772705078125,86.00833892822266,1.8823912143707275,1.870000004768372,5.230769157409668,0.0,0.0087532699108123,0.1768160611391067,18191.181668086174,30606.632294615934
Hungary,HUN,59.528564453125,2006,10049946.0,194033322767.0,302.060546875,86.4925765991211,1.5568606853485107,1.4900000095367432,4.156206607818604,0.0,0.0381750464439392,0.1651292741298675,19306.90202385167,30055.937303046205
Hungary,HUN,58.44858551025391,2007,10034084.0,198872162765.0,298.08551025390625,84.82073211669922,2.04237699508667,1.8799999952316284,4.704704761505127,0.0,0.0984573140740394,0.1879639774560928,19819.662937344354,29707.296675402184
Hungary,HUN,57.18442916870117,2008,10016653.0,204720371926.0,293.896484375,83.55403900146484,3.094543218612671,2.3499999046325684,5.872063636779785,0.0009010271169245,0.1847105473279953,0.1919187754392624,20438.001788222075,29340.787224534983
Hungary,HUN,51.45752716064453,2009,10001381.0,195180908684.0,272.6883850097656,81.14541625976562,3.946520566940308,2.890000104904175,8.047898292541504,0.0009664246463216,0.3198865354061126,0.2203447967767715,19515.395792241092,27265.07319436842
Hungary,HUN,51.99271774291992,2010,9979128.0,200496589291.0,277.8270568847656,81.16297149658203,3.999022483825684,3.0199999809265137,8.083511352539062,0.000941438076552,0.4961378574371338,0.17699034512043,20091.594104314525,27840.815037623088
Hungary,HUN,50.156009674072266,2011,9946675.0,208407605976.0,269.4639587402344,81.18356323242188,3.6717164516448975,2.7100000381469727,7.523598194122314,0.0009655528119765,0.6044359803199768,0.2143526971340179,20952.48974918754,27090.857873634595
Hungary,HUN,46.72018051147461,2012,9916621.0,205802052322.0,251.1159820556641,79.91111755371094,3.806859254837036,2.640000104904175,7.625650405883789,0.0082477107644081,0.7950596809387207,0.2195952832698822,20753.24370287016,25322.73665149289
Hungary,HUN,43.48653030395508,2013,9889344.0,209511661762.0,238.0414123535156,79.2900161743164,4.115047931671143,2.7799999713897705,9.18401050567627,0.0269931089133024,0.7751395106315613,0.2299812883138656,21185.597524163382,24070.495712710126
Hungary,HUN,43.63887405395508,2014,9862843.0,218378634753.0,238.26876831054688,78.38584899902344,4.8198676109313965,3.1600000858306885,10.751956939697266,0.0719051584601402,0.7046061158180237,0.3230366110801697,22141.550337260767,24158.223780967302
Hungary,HUN,46.56691360473633,2015,9839211.0,226474616785.0,251.03965759277344,79.36540985107422,4.592732906341553,3.220000028610229,10.616551399230955,0.1428473591804504,0.7020795941352844,0.2370658218860626,23017.558703131785,25514.20612819193
Hungary,HUN,47.03911972045898,2016,9810529.0,231459349147.0,255.4947967529297,79.56830596923828,4.567203998565674,3.25,10.194479942321776,0.2411209344863891,0.6759291887283325,0.2559439539909363,23592.95295360729,26042.91743624933
Hungary,HUN,49.42352294921875,2017,9785608.0,241347220007.0,269.29345703125,80.53302001953125,4.454482078552246,3.4800000190734863,10.57108211517334,0.3254747986793518,0.7069051265716553,0.2051703631877899,24663.487440637313,27519.338300824027
Hungary,HUN,49.36623001098633,2018,9774395.0,254289117363.0,271.2025756835937,80.66577911376953,4.840077877044678,3.7699999809265137,11.76287078857422,0.5794709920883179,0.5592032670974731,0.2045191675424575,26015.842142966394,27746.226306957484
Hungary,HUN,49.15895080566406,2019,9770346.0,266658311342.0,274.8924865722656,79.62572479248047,5.631988048553467,4.699999809265137,13.710618019104004,1.3549364805221558,0.659818708896637,0.1982171684503555,27292.61700066712,28135.389122582314
Hungary,HUN,47.10531997680664,2020,9749459.0,254563881936.0,270.3273010253906,78.44819641113281,6.806508541107178,5.519999980926514,15.807560920715332,2.258404016494751,0.6015674471855164,0.2240953743457794,26110.564897600983,27727.415544328214
Hungary,HUN,48.3262825012207,2021,9707848.0,272892486007.0,283.9583435058594,78.32614135742188,7.724250316619873,6.909999847412109,19.14127540588379,3.311615228652954,0.5792708992958069,0.1849479377269745,28110.502554943178,29250.39035488188
Hungary,HUN,45.26734161376953,2022,9684308.0,285385229433.0,267.0469970703125,76.40264129638672,8.957308769226074,7.659999847412109,21.40860939025879,4.381274223327637,0.5647881031036377,0.1648070216178894,29468.830342136993,27575.227581600306
Iceland,ISL,2.9327409267425537,2000,281293.0,9307402059.0,33.229618072509766,32.94619369506836,67.05380249023438,7.610000133514404,100.0,0.0,0.0,54.3248405456543,33087.9263223756,118131.69212355005
Iceland,ISL,2.8649919033050537,2001,285058.0,9632094658.0,33.599830627441406,31.01392936706543,68.98606872558594,7.960000038146973,100.0,0.0,0.0,55.20135498046875,33789.94681082446,117870.15494194657
Iceland,ISL,2.991995096206665,2002,287609.0,9623436669.0,34.91136169433594,30.939722061157227,69.0602798461914,8.34000015258789,99.88023376464844,0.0,0.0,55.96175003051758,33460.1374400662,121384.80261165657
Iceland,ISL,2.9854369163513184,2003,289616.0,9810546928.0,35.08639144897461,30.99075508117676,69.00924682617188,8.430000305175781,99.88152313232422,0.0,0.0,56.220890045166016,33874.326446052706,121147.97334737932
Iceland,ISL,3.1071701049804688,2004,292172.0,10591927126.0,35.780799865722656,31.7168083190918,68.28318786621094,8.539999961853027,100.0,0.0,0.0,55.081302642822266,36252.3688991416,122464.84901264549
Iceland,ISL,2.9763600826263428,2005,296852.0,11206862490.0,35.90419006347656,31.888187408447266,68.11181640625,8.609999656677246,100.0,0.0,0.0,53.424503326416016,37752.35635939795,120949.80011411937
Iceland,ISL,3.15438199043274,2006,303883.0,11775508947.0,39.38225555419922,29.23990249633789,70.76009368896484,9.850000381469728,100.0,0.0,0.0,49.75668716430664,38750.14050473373,129596.77097501083
Iceland,ISL,3.4943199157714844,2007,311662.0,12798725464.0,45.02045440673828,25.66277313232422,74.33722686767578,11.890000343322754,100.0,0.0,0.0,49.51725387573242,41066.04418889694,144452.81878040402
Iceland,ISL,3.811487913131714,2008,317519.0,13031114591.0,56.45076751708984,18.983604431152344,81.01639556884766,16.34000015258789,100.0,0.0,0.0,58.50283050537109,41040.424639155455,177787.0537419488
Iceland,ISL,3.730448961257935,2009,318619.0,12031037299.0,56.35503768920898,17.508806228637695,82.49119567871094,16.709999084472656,100.0,0.0,0.0,57.22694396972656,37759.949340748666,176872.80949726468
Iceland,ISL,3.6266369819641113,2010,318163.0,11531450215.0,56.38602828979492,16.953006744384766,83.0469970703125,16.739999771118164,100.0,0.0,0.0,58.25667190551758,36243.844240216495,177223.71328468402
Iceland,ISL,3.50347900390625,2011,319139.0,11716753534.0,56.37745666503906,16.680419921875,83.319580078125,16.850000381469727,100.0,0.0,3.637388363131322e-05,57.32387924194336,36713.63742444515,176654.8640718905
Iceland,ISL,3.499152898788452,2012,320851.0,11841375384.0,56.89812088012695,16.30109214782715,83.69890594482422,17.290000915527344,100.0,0.0,0.0,55.35367965698242,36906.15078026872,177335.02741187328
Iceland,ISL,3.4887969493865967,2013,323891.0,12380449213.0,58.71669387817383,16.718894958496094,83.2811050415039,17.989999771118164,100.0,0.0,0.023683151230216,55.54178237915039,38224.12235289032,181285.35179481315
Iceland,ISL,3.4452810287475586,2014,327517.0,12589333385.0,58.62973403930664,16.988157272338867,83.0118408203125,17.799999237060547,100.0,0.0,0.0360050350427627,55.27289962768555,38438.71733375672,179012.79640234442
Iceland,ISL,3.5410139560699463,2015,330962.0,13147880818.0,61.20731735229492,17.83161735534668,82.16838073730469,18.549999237060547,100.0,0.0,0.0447091795504093,56.555477142333984,39726.25503229978,184937.59812998146
Iceland,ISL,3.49366307258606,2016,335571.0,13976682094.0,61.44167709350586,19.64301300048828,80.35698699951172,18.170000076293945,100.0,0.0,0.037297073751688,54.54816436767578,41650.446832414,183095.9084471121
Iceland,ISL,3.610949039459229,2017,343537.0,14562998209.0,64.24559783935547,20.696802139282227,79.3031997680664,19.06999969482422,100.0,0.0,0.0312910340726375,54.13045883178711,42391.35292268373,187012.164160936
Iceland,ISL,3.6653549671173096,2018,352860.0,15275006901.0,66.45856475830078,21.30040740966797,78.69959259033203,19.690000534057617,100.0,0.0,0.016008673235774,50.6817626953125,43289.142722326134,188342.58560987582
Iceland,ISL,3.552639961242676,2019,360709.0,15550746271.0,63.328125,19.15692710876465,80.84307098388672,19.36000061035156,100.0,0.0,0.0251135267317295,51.46217727661133,43111.61149569321,175565.691457657
Iceland,ISL,3.3389060497283936,2020,366626.0,14424580947.0,58.08150863647461,13.873641967773438,86.12635803222656,18.88999938964844,100.0,0.0,0.0275843013077974,54.49092483520508,39344.12984076416,158421.6848681616
Iceland,ISL,3.49063491821289,2021,372647.0,15049658393.0,60.64458084106445,15.505682945251465,84.49431610107422,19.38999938964844,100.0,0.0,0.0241483338177204,54.76319885253906,40385.83000265667,162740.02163190488
Iceland,ISL,3.597685098648072,2022,380368.0,16019540441.0,63.723670959472656,17.924671173095703,82.07533264160156,19.8700008392334,100.0,2.25832609430654e-05,0.0216385256499052,53.430946350097656,42115.89944737728,167531.6297887116
India,IND,987.0650634765624,2000,1057922731.0,2804478499774.0,3725.401123046875,92.7778549194336,6.04160213470459,80.2699966430664,14.048197746276855,0.0005293654394336,0.1184402257204055,5.764068126678467,2650.9294276369983,3521.430265068078
India,IND,1001.1984252929688,2001,1077898579.0,2940745466088.0,3740.87353515625,92.9067840576172,5.693082809448242,76.19000244140625,12.999710083007812,0.0008236228022724,0.1545528173446655,5.338778018951416,2728.2209322663925,3470.5246004005076
India,IND,1032.7503662109375,2002,1097600380.0,3024984520809.0,3870.80859375,93.40775299072266,5.217525482177734,72.77999877929688,11.938192367553713,0.0009327923762612,0.1481095105409622,4.869136333465576,2755.9980626182,3526.6101071776234
India,IND,1068.39794921875,2003,1116803000.0,3251114494190.0,4008.7099609375,93.6188735961914,5.143730163574219,74.62999725341797,11.695108413696287,0.0011023429688066,0.1776449978351593,4.726518154144287,2911.090401968834,3589.4512827575677
India,IND,1134.6109619140625,2004,1135991509.0,3495022816540.0,4352.6513671875,91.78396606445312,6.886624336242676,109.1999969482422,15.637529373168944,0.0011371397413313,0.3268124461174011,6.294045925140381,3076.62758819089,3831.587941197807
India,IND,1195.393310546875,2005,1154676321.0,3752627653422.0,4608.4169921875,92.60253143310548,6.359037399291992,107.47000122070312,15.25435733795166,0.0010650735348463,0.3509470820426941,5.706770420074463,3249.939039342264,3991.08989105831
India,IND,1293.3214111328125,2006,1172878888.0,4069856052453.0,4854.86669921875,91.89070892333984,7.133749961853027,127.55999755859376,17.135257720947266,0.000398367003072,0.5166211724281311,6.230976581573486,3469.9712767385067,4139.273670018306
India,IND,1393.4852294921875,2007,1190676028.0,4403215224414.0,5268.9599609375,91.8193588256836,7.276436805725098,141.75,17.801973342895508,0.002991747111082,0.5924065113067627,6.217412948608398,3698.0800157790695,4425.1835403017785
India,IND,1490.366455078125,2008,1207930960.0,4649548164533.0,5576.52880859375,92.56427001953124,6.712008953094482,138.91000366210938,16.768268585205078,0.0029935757629573,0.683210015296936,5.472495079040527,3849.183702132281,4616.595644335293
India,IND,1613.32763671875,2009,1225524764.0,4993478894185.0,5988.3896484375,93.2955093383789,5.964695453643799,133.25,15.165655136108398,0.0032994621433317,0.715807318687439,4.678110599517822,4074.5638447049773,4886.388120703451
India,IND,1678.529541015625,2010,1243481565.0,5361371354007.0,6247.89013671875,92.97740936279295,6.056765079498291,141.52999877929688,15.114428520202637,0.0047282753512263,0.8141170740127563,4.550195217132568,4311.580891033957,5024.51368204944
India,IND,1765.69482421875,2011,1261224956.0,5720692888000.0,6587.01025390625,91.75987243652344,6.967135429382324,171.94000244140625,16.655689239501953,0.0326705016195774,0.946231722831726,5.202969551086426,4535.822781483243,5222.708464949095
India,IND,1926.986328125,2012,1278674501.0,6052427493607.0,6937.76806640625,92.55564880371094,6.208459854125977,161.8300018310547,14.868340492248535,0.0782785341143608,1.0230509042739868,4.3176774978637695,4733.360592452293,5425.749916011073
India,IND,1995.337158203125,2013,1295829507.0,6424470752490.0,7163.0615234375,92.05560302734376,6.749992370605469,182.9900054931641,16.034454345703125,0.1231046169996261,1.0760412216186523,4.732804298400879,4957.805573792973,5527.780842111585
India,IND,2148.052001953125,2014,1312277184.0,6875186158349.0,7652.73193359375,92.01297760009766,6.828800201416016,198.5,15.770488739013672,0.1639205813407898,1.1171208620071411,4.641342639923096,5239.12649109123,5831.6429081447395
India,IND,2231.8173828125,2015,1328024494.0,7391521519812.0,7892.48974609375,92.40953826904295,6.356804370880127,191.6699981689453,14.625044822692873,0.2284082919359207,1.054402232170105,4.298427104949951,5565.802101698284,5943.030254149628
India,IND,2352.5400390625,2016,1343944296.0,8057465593010.0,8262.8564453125,92.47314453125,6.369764804840088,201.3999938964844,14.437999725341797,0.3725788593292236,1.3266993761062622,3.9250338077545166,5995.386577398741,6148.213486158134
India,IND,2425.721923828125,2017,1359657398.0,8550029645172.0,8571.6708984375,92.11127471923828,6.79276704788208,225.9600067138672,15.45141887664795,0.655120313167572,1.541640043258667,3.98315954208374,6288.370627592467,6304.2873234434455
India,IND,2595.22705078125,2018,1374659067.0,9173201683791.0,9063.3603515625,91.615966796875,7.3073811531066895,256.0799865722656,16.293703079223633,1.0325483083724976,1.6628161668777466,3.85774302482605,6673.074003585647,6593.169585926501
India,IND,2611.174560546875,2019,1389030307.0,9595463242427.0,9281.5947265625,90.6812973022461,8.108067512512207,282.0400085449219,17.616710662841797,1.277316331863403,1.697197198867798,4.3502116203308105,6908.030151733039,6682.0678280294
India,IND,2422.73193359375,2020,1402617694.0,8945313249462.0,8792.2197265625,89.84748077392578,8.892712593078613,297.1600036621094,19.00692749023437,1.7069108486175537,1.706382393836975,4.629461288452148,6377.584774331244,6268.4363416867745
India,IND,2675.778076171875,2021,1414203896.0,9801621018003.0,9544.96875,90.20402526855467,8.656782150268555,315.45001220703125,18.79110336303711,1.820735573768616,1.7663028240203855,4.164910316467285,6930.840061837165,6749.358262268569
India,IND,2831.131591796875,2022,1425423209.0,10476248645535.0,10059.4775390625,89.44429016113281,9.421208381652832,364.3500061035156,20.18995857238769,2.393347978591919,1.7202527523040771,4.299985885620117,7349.570695488093,7057.186578377439
Indonesia,IDN,281.054443359375,2000,216077789.0,1138300071768.0,1164.1988525390625,96.30105590820312,3.698946237564087,19.600000381469727,19.991840362548828,0.0,0.0,2.3906283378601074,5268.01054858998,5387.869146231696
Indonesia,IDN,316.7593688964844,2001,219097905.0,1185220908414.0,1246.6851806640625,95.90414428710938,4.095854759216309,22.190000534057617,20.90241050720215,0.0,0.0,2.582951784133911,5409.54925339884,5690.0826170111595
Indonesia,IDN,308.2013244628906,2002,222088499.0,1244249942443.0,1281.019287109375,96.35327911376952,3.646719455718994,21.0,18.57749366760254,0.0,0.0,2.123976945877075,5602.49606821378,5768.057746697523
Indonesia,IDN,339.0238952636719,2003,225048005.0,1309811268640.0,1391.677734375,96.80467987060548,3.195319652557373,19.81999969482422,16.883892059326172,0.0,0.0,1.7807997465133667,5820.141656621217,6183.915002379159
Indonesia,IDN,342.7086181640625,2004,227926649.0,1387446383159.0,1376.7242431640625,96.5845184326172,3.415480613708496,20.96999931335449,16.805578231811523,0.0,0.0,1.903274416923523,6087.249513149294,6040.207449213463
Indonesia,IDN,347.3612670898437,2005,230871648.0,1474875329634.0,1416.8919677734375,96.5063018798828,3.493699312210083,22.65999984741211,17.05169677734375,0.0,0.0,2.033903121948242,6388.2912536493,6137.141481198408
Indonesia,IDN,346.3657531738281,2006,233951650.0,1565012923832.0,1441.1275634765625,96.76637268066406,3.2336275577545166,21.18000030517578,15.34782600402832,0.0,0.0,1.7841973304748535,6689.471623012703,6159.937591705648
Indonesia,IDN,387.5772399902344,2007,237062338.0,1674227359084.0,1546.6805419921875,96.62603759765624,3.3739655017852783,24.290000915527344,16.3679256439209,0.0,3.4368690648989286e-06,1.939425349235535,7062.39284235862,6524.362136309427
Indonesia,IDN,365.384033203125,2008,240157902.0,1809491142510.0,1564.58447265625,96.38024139404295,3.619757413864136,26.34000015258789,16.89544677734375,1.6847023289301433e-05,4.548696233541705e-05,1.942167043685913,7534.589232504205,6514.815709275516
Indonesia,IDN,398.6244201660156,2009,243220024.0,1905717479305.0,1607.2708740234375,96.26405334472656,3.735944271087648,26.790000915527344,16.448701858520508,1.6307447367580608e-05,0.000598483311478,1.8564152717590328,7835.364243303421,6608.299956517714
Indonesia,IDN,445.3700866699219,2010,246305327.0,2039334560589.0,1739.4896240234375,95.58268737792967,4.417315483093262,34.630001068115234,19.503267288208008,7.778935105307028e-05,0.0005445255083031,2.6113617420196533,8279.701399186548,7062.330503405789
Indonesia,IDN,500.4576721191406,2011,249470029.0,2178184530109.0,1837.593994140625,96.44639587402344,3.5536041259765625,30.459999084472656,15.874504089355469,0.0001084157556761,0.0006603504880331,1.7485769987106323,8731.247351997543,7365.9910230764635
Indonesia,IDN,515.7695922851562,2012,252698525.0,2309530044109.0,1937.1455078125,96.42330169677734,3.576701402664185,31.11000061035156,14.888016700744627,0.0003999511536676,0.0006125497748143,1.700670599937439,9139.467846553516,7665.836228416846
Indonesia,IDN,493.4351196289063,2013,255852464.0,2437876929100.0,1824.5107421875,95.46623229980467,4.53377103805542,35.5,15.765166282653809,0.00077015243005,1.4002772331878076e-05,2.369658231735229,9528.448118052911,7131.104831523139
Indonesia,IDN,498.02880859375,2014,258877395.0,2559933272409.0,1856.6339111328125,95.29237365722656,4.707625865936279,34.40999984741211,14.485981941223145,0.0009319283417426,0.0,2.074777603149414,9888.5932949418,7171.865705512111
Indonesia,IDN,551.1600341796875,2015,261799249.0,2684763880628.0,1896.4610595703125,95.99691009521484,4.003093719482422,33.560001373291016,13.794804573059082,0.0007036623428575,0.0004930967115797,1.831191897392273,10255.04806023336,7243.951488838352
Indonesia,IDN,547.9688720703125,2016,264627429.0,2819889903036.0,1884.2283935546875,94.19023895263672,5.809764385223389,39.58000183105469,15.367891311645508,0.0028081010095775,0.0007576146745122,2.4867987632751465,10656.075652067042,7120.3064651120785
Indonesia,IDN,570.9281616210938,2017,267346654.0,2962852274581.0,2023.71142578125,94.48226928710938,5.517729759216309,43.18999862670898,16.24722671508789,0.0035811970010399,0.0,2.296945095062256,11082.436343418758,7569.61568623653
Indonesia,IDN,607.3783569335938,2018,269951847.0,3116158974437.0,2131.561767578125,91.97095489501952,8.02904224395752,48.380001068115234,17.04781723022461,0.0105153173208236,0.0221302770078182,2.5203657150268555,11543.388234113472,7896.081435509219
Indonesia,IDN,665.04931640625,2019,272489381.0,3272568062078.0,2253.93896484375,91.38706970214844,8.612932205200195,48.040000915527344,16.2604923248291,0.0129658877849578,0.0530562214553356,2.3196749687194824,12009.892092191292,8271.657987449244
Indonesia,IDN,623.3040161132812,2020,274814861.0,3204972631957.0,2116.310302734375,89.3564682006836,10.643528938293455,52.88999938964844,18.12418556213379,0.0199035629630088,0.055297378450632,2.831807851791382,11662.297374656897,7700.858297959276
Indonesia,IDN,632.946044921875,2021,276758056.0,3323654666991.0,2196.6806640625,88.9239501953125,11.07604694366455,56.20000076293945,18.16653823852539,0.0215500127524137,0.0488908514380455,2.7630603313446045,12009.242711948375,7937.187794318443
Indonesia,IDN,758.0205078125,2022,278830527.0,3500093638879.0,2749.242431640625,89.79218292236328,10.207818984985352,65.41000366210938,19.61084175109864,0.0395872592926025,0.0317604467272758,2.4351162910461426,12552.763417037906,9859.904728583126
Iran,IRN,367.2133483886719,2000,66418661.0,595554549032.0,1396.5679931640625,99.24032592773438,0.7596740126609802,3.819999933242798,3.2006702423095703,0.0,0.0072634192183613,0.7524105906486511,8966.675028754344,21026.74116185604
Iran,IRN,389.9123840332031,2001,67452005.0,636570203280.0,1492.1416015625,99.2302703857422,0.7697288990020752,4.150000095367432,3.252606153488159,0.0,0.0062419953756034,0.7634868621826172,9437.380004938326,22121.530732296244
Iran,IRN,397.0314331054688,2002,68011318.0,698059655739.0,1626.36767578125,98.6440200805664,1.355980634689331,8.039999961853027,5.81639289855957,0.0,0.0051087639294564,1.3508719205856323,10263.874841228631,23913.19156292854
Iran,IRN,410.9667053222656,2003,68769343.0,779969698412.0,1656.194580078125,98.41641235351562,1.5835846662521362,9.619999885559082,6.343554496765137,0.0,0.0045454194769263,1.579039216041565,11341.82274232284,24083.3270732007
Iran,IRN,442.119384765625,2004,70256316.0,849441950372.0,1831.9578857421875,98.22590637207033,1.7740964889526367,11.979999542236328,7.360530853271484,0.0,0.0068568838760256,1.7672395706176758,12090.613324672475,26075.347955081896
Iran,IRN,466.7953186035156,2005,71828455.0,908856025194.0,1940.2999267578125,97.98584747314452,2.0141496658325195,14.520000457763672,8.200146675109863,0.0,0.00983567815274,2.0043141841888428,12653.14735217401,27012.97037166973
Iran,IRN,501.0149841308594,2006,73392747.0,995245162302.0,2120.2705078125,97.6465301513672,2.353466510772705,18.63999938964844,9.636561393737791,1.2629687262233348e-05,0.0158249996602535,2.3376288414001465,13560.538377205039,28889.37387522094
Iran,IRN,507.7710571289063,2007,74602648.0,1098784519617.0,2253.991455078125,97.86141967773438,2.1385772228240967,18.100000381469727,8.910988807678223,1.18153429866652e-05,0.016647819429636,2.121917486190796,14728.492206027326,30213.290218305992
Iran,IRN,528.5281982421875,2008,75514201.0,1132365762681.0,2323.367431640625,99.13256072998048,0.8674408793449402,7.639999866485596,3.629626035690308,2.272572419315111e-05,0.0222484860569238,0.8451696634292603,14995.401496481436,30767.29146138519
Iran,IRN,543.4059448242188,2009,76457831.0,1208128386676.0,2379.289794921875,99.23278045654295,0.7672217488288879,6.949999809265137,3.133312225341797,3.3110227377619594e-05,0.0249651111662387,0.742000162601471,15801.238027220521,31118.98106188593
Iran,IRN,561.4960327148438,2010,77420851.0,1310507059384.0,2458.392822265625,98.89393615722656,1.1060675382614136,10.43000030517578,4.425492286682129,7.420468318741769e-05,0.0179151315242052,1.086780667304993,16927.055727971783,31753.62696885914
Iran,IRN,576.36572265625,2011,78383602.0,1345049307937.0,2554.11767578125,98.88037872314452,1.108755588531494,10.90999984741211,4.630926609039307,7.105300755938515e-05,0.0215189103037118,1.0844719409942627,17159.830291251477,32584.846965584078
Iran,IRN,599.2783203125,2012,79370583.0,1324570752684.0,2573.83642578125,98.57037353515624,1.2841341495513916,12.800000190734863,5.145935535430908,7.015426672296599e-05,0.0283623673021793,1.2529553174972534,16688.43421099729,32428.09021298546
Iran,IRN,609.9965209960938,2013,80414689.0,1287095594893.0,2674.243896484375,98.16930389404295,1.4233077764511108,14.859999656677246,5.7405548095703125,6.70139561407268e-05,0.0209657941013574,1.400017261505127,16005.727447295109,33255.664229260095
Iran,IRN,644.2276000976562,2014,81502045.0,1352737013920.0,2787.064208984375,98.2790985107422,1.3490135669708252,14.75,5.351376533508301,6.396924436558038e-05,0.0182769279927015,1.325442671775818,16597.583703819946,34196.248805589785
Iran,IRN,641.958740234375,2015,82619365.0,1331012211481.0,2762.902587890625,98.44922637939452,1.2302250862121582,13.40999984741211,4.785184383392334,0.0001375616702716,0.0129307974129915,1.2153115272521973,16110.17237279662,33441.34378048809
Iran,IRN,644.6804809570312,2016,83812230.0,1413723685657.0,2920.457275390625,98.0980987548828,1.3443362712860107,15.600000381469728,5.451876640319824,0.0004305978363845,0.0134346531704068,1.3281360864639282,16867.749320797215,34845.24007284647
Iran,IRN,696.407470703125,2017,85026761.0,1486668357750.0,3023.70751953125,97.96192169189452,1.4622106552124023,17.65999984741211,5.786938190460205,0.0071019167080521,0.0263202525675296,1.4262598752975464,17484.71116934585,35561.8335212281
Iran,IRN,664.5232543945312,2018,86117999.0,1483607175221.0,3121.93994140625,98.58666229248048,0.8643441796302795,10.829999923706056,3.467264175415039,0.0176859963685274,0.0597995482385158,0.7844106554985046,17227.608542332713,36251.886686385384
Iran,IRN,727.2685546875,2019,87051649.0,1438754460224.0,3297.1015625,96.87715911865234,2.640697717666626,35.11000061035156,11.010411262512209,0.0383927039802074,0.0543016605079174,2.5469887256622314,16527.595706130734,37875.2338453692
Iran,IRN,745.5957641601562,2020,87723448.0,1446203709942.0,3421.37548828125,97.7402572631836,1.8023287057876587,24.93000030517578,7.393019676208496,0.0421888306736946,0.0813619196414947,1.6767348051071167,16485.94238956499,39001.835498773944
Iran,IRN,779.5252685546875,2021,88455490.0,1525523070071.0,3375.39697265625,98.60211944580078,1.1396211385726929,15.600000381469728,4.376981735229492,0.0452496334910392,0.0825672149658203,1.009734272956848,17246.22259252648,38159.2705286721
Iran,IRN,767.178466796875,2022,89524247.0,1572209055082.0,3490.11962890625,98.42546844482422,1.1119308471679688,15.770000457763672,4.296300411224365,0.043654840439558,0.0796571895480156,0.9866169691085817,17561.823838428933,38985.188324524526
Iraq,IRQ,83.7216567993164,2000,24424060.0,83019213791.0,322.61285400390625,97.24276733398438,2.7572290897369385,0.6100000143051147,1.9122257232666016,0.0,0.0,2.7572290897369385,3399.075083790328,13208.813522563663
Iraq,IRQ,96.802001953125,2001,25197842.0,97219510326.0,360.39447021484375,97.15805053710938,2.8419463634490967,0.6200000047683716,1.922480583190918,0.0,0.0,2.8419463634490967,3858.2474771450666,14302.59266705632
Iraq,IRQ,97.09049224853516,2002,26006558.0,112141846978.0,342.5389709472656,96.34403228759766,3.6559691429138175,0.5199999809265137,1.535735249519348,0.0,0.0,3.6559691429138175,4312.060326399211,13171.25361023422
Iraq,IRQ,101.4243392944336,2003,26802660.0,94480598969.0,304.0223693847656,95.7258071899414,4.274190425872803,0.4300000071525574,1.5178256034851074,0.0,0.0,4.274190425872803,3525.045609987964,11342.992426302673
Iraq,IRQ,113.01583862304688,2004,27577876.0,155937247290.0,326.0093994140625,95.20573425292967,4.794266223907471,0.4900000095367431,1.5174976587295532,0.0,0.0,4.794266223907471,5654.432824703396,11821.410735694892
Iraq,IRQ,114.2818603515625,2005,28407450.0,170895694120.0,308.2674865722656,95.7205581665039,4.279441833496094,6.0,19.73684310913086,0.0,0.0,4.279441833496094,6015.875910016563,10851.642318204049
Iraq,IRQ,98.83811950683594,2006,28616518.0,190082841273.0,299.6321716308594,95.53368377685548,4.466319561004639,6.099999904632568,18.03133201599121,0.0,0.0,4.466319561004639,6642.41684725584,10470.60203588918
Iraq,IRQ,61.361419677734375,2007,28391606.0,200529416438.0,302.1607666015625,95.97056579589844,4.029431343078613,5.739999771118164,17.26835060119629,0.0,0.0,4.029431343078613,7062.982503983748,10642.609178274823
Iraq,IRQ,94.3354034423828,2008,28971042.0,231588128927.0,345.8792724609375,97.7600555419922,2.239945888519287,3.4800000190734863,9.43600845336914,0.0,0.0,2.239945888519287,7993.779751760396,11938.792966471054
Iraq,IRQ,105.21145629882812,2009,30058207.0,259745648872.0,339.4805603027344,97.80876922607422,2.191228151321411,3.2300000190734863,8.533685684204102,0.0,0.0,2.191228151321411,8641.421920875055,11294.105476841461
Iraq,IRQ,113.98342895507812,2010,31045367.0,297507194079.0,392.2660827636719,97.5962371826172,2.4037625789642334,4.769999980926514,9.752606391906738,0.0,0.0,2.4037625789642334,9582.982030104524,12635.253523131869
Iraq,IRQ,123.52560424804688,2011,32161425.0,344220720679.0,405.1003723144531,97.8228988647461,2.177102565765381,3.400000095367432,6.307977676391602,0.0,0.0,2.177102565765381,10702.906375541506,12595.846493569645
Iraq,IRQ,134.03955078125,2012,33654843.0,392191319237.0,441.3037109375,97.4278793334961,2.5721189975738525,4.389999866485596,9.53933048248291,0.0,0.0,2.5721189975738525,11653.339735888829,13112.636149795737
Iraq,IRQ,141.70437622070312,2013,35281987.0,422107689937.0,485.4475402832031,97.5435791015625,2.456417798995972,4.809999942779541,8.166383743286133,0.0244321469217538,0.0,2.43198561668396,11963.829869814304,13759.075992041013
Iraq,IRQ,137.51271057128906,2014,36550058.0,425222855485.0,477.1953430175781,98.4561004638672,1.5438971519470217,2.990000009536743,4.33144998550415,0.0305843539535999,0.0,1.5133126974105835,11633.985792443886,13055.939419236438
Iraq,IRQ,142.52999877929688,2015,37560535.0,436010743372.0,471.3194580078125,98.600341796875,1.399660348892212,2.609999895095825,3.694790363311768,0.0308082643896341,0.0,1.3688520193099976,11608.214403016358,12548.262638107059
Iraq,IRQ,153.13214111328125,2016,38469628.0,502280002568.0,504.6836242675781,98.29119873046876,1.7088043689727783,3.430000066757202,4.186500549316406,0.0285611562430858,0.0,1.6802432537078855,13056.533912103336,13119.014934783829
Iraq,IRQ,167.47235107421875,2017,39337358.0,485207548291.0,598.4613647460938,99.06646728515624,0.93353271484375,2.240000009536743,2.393673896789551,0.0239528901875019,0.0,0.909579873085022,12334.523032558516,15213.562760012856
Iraq,IRQ,186.1564483642578,2018,40265629.0,508026800522.0,622.6895141601562,99.12294006347656,0.8770614862442017,1.8799999952316284,1.910374879837036,0.150508627295494,0.0,0.7265529036521912,12616.884751061507,15464.542082781229
Iraq,IRQ,191.77761840820312,2019,41192172.0,537548265143.0,667.8232421875,98.0182876586914,1.981715559959412,5.019999980926514,4.357260704040527,0.1397437751293182,0.0,1.841971755027771,13049.767444722263,16212.382347488256
Iraq,IRQ,172.09803771972656,2020,42116602.0,453147782672.0,594.7683715820312,98.11331939697266,1.88667905330658,4.539999961853027,3.876365900039673,0.1569362878799438,0.0,1.7297427654266355,10759.362369072414,14121.94582036868
Iraq,IRQ,193.1151580810547,2021,43071208.0,487935979007.0,618.4329223632812,98.51612091064452,1.483875751495361,3.7300000190734863,3.096463680267334,0.1501066833734512,0.0,1.3337689638137815,11328.588206929326,14358.383502113087
Iraq,IRQ,217.64390563964844,2022,44070556.0,527639326800.0,680.0043334960938,98.9054718017578,1.0945245027542114,3.0299999713897705,2.263558864593506,0.1361448317766189,0.0,0.9583797454833984,11972.604266667297,15429.901394847248
Ireland,IRL,45.24951553344727,2000,3802589.0,147722370991.0,173.34884643554688,98.07976531982422,1.920232892036438,1.190000057220459,5.035971641540527,0.0,0.3915165960788727,1.3572272062301636,38847.84050840099,45587.05830042292
Ireland,IRL,47.60771179199219,2001,3862981.0,158384851025.0,183.1675262451172,98.43035888671876,1.569638967514038,1.0399999618530271,4.229361534118652,0.0,0.5042779445648193,0.8996872305870056,41000.680827837365,47416.1085040587
Ireland,IRL,46.08138656616211,2002,3928441.0,169226186783.0,181.35397338867188,97.89360809326172,2.106391668319702,1.3799999952316284,5.564516067504883,0.0,0.5870308876037598,1.3795769214630127,43077.18679827443,46164.36224667034
Ireland,IRL,45.683963775634766,2003,3992935.0,177468844871.0,176.85467529296875,98.22516632080078,1.7748370170593262,1.149999976158142,4.631494045257568,0.0,0.7003558874130249,0.9223291873931884,44445.71345914722,44291.89939054073
Ireland,IRL,46.1667366027832,2004,4066066.0,191402766075.0,180.36187744140625,97.87747192382812,2.122525930404663,1.409999966621399,5.595237731933594,0.0,0.9855926036834716,0.9478039145469666,47073.20689703512,44357.83320816884
Ireland,IRL,48.15299224853516,2005,4155283.0,204898243531.0,188.1739959716797,97.28384399414062,2.716156244277954,1.8899999856948853,7.3828125,0.0,1.591369867324829,0.9032992124557496,49310.29812674612,45285.48259448988
Ireland,IRL,47.59738540649414,2006,4268775.0,219162994472.0,194.2944183349609,96.54866027832033,3.451337575912476,2.5,9.225091934204102,0.0,2.2373220920562744,0.9988281726837158,51340.957176707605,45515.2633565744
Ireland,IRL,47.6581916809082,2007,4393518.0,230371638354.0,197.32437133789065,96.0658950805664,3.9341013431549072,2.8399999141693115,10.014103889465332,0.0,2.6460728645324707,0.9004890322685242,52434.43599275114,44912.61247544466
Ireland,IRL,47.36107635498047,2008,4485992.0,223067117042.0,196.3790283203125,94.79749298095705,5.202509880065918,3.640000104904175,12.161710739135742,0.0,3.2484638690948486,1.3049705028533936,49725.25966207697,43776.05406347414
Ireland,IRL,42.17707061767578,2009,4533750.0,215181048184.0,176.61155700683594,93.29622650146484,6.703775405883789,4.159999847412109,14.867762565612791,0.000632851908449,4.409224987030029,1.3451573848724363,47462.0453673008,38954.85128355907
Ireland,IRL,41.79090118408203,2010,4559084.0,221852442105.0,178.30044555664062,93.85089874267578,6.149101257324219,3.7699999809265137,13.387784004211426,0.0006977508310228,4.125723838806152,0.8781940340995789,48661.62634972289,39108.83097495914
Ireland,IRL,38.054386138916016,2011,4579603.0,224397469453.0,170.26165771484375,90.96832275390624,9.031673431396484,5.5,20.2205867767334,0.0008290936239063,6.700742721557617,1.080852746963501,48999.32798825575,37178.257092338295
Ireland,IRL,38.22391891479492,2012,4600135.0,217871560184.0,167.4685821533203,91.13899993896484,8.861001014709473,5.320000171661377,19.587629318237305,0.0009989793179556,6.203634738922119,1.2408955097198486,47361.99267717143,36405.145099724316
Ireland,IRL,37.27870559692383,2013,4624686.0,222738952818.0,164.99734497070312,90.35246276855467,9.647536277770996,5.710000038146973,22.28727531433105,0.0010901215719059,7.079278469085693,0.9343231320381165,48163.043462410205,35677.52382987799
Ireland,IRL,36.849876403808594,2014,4658236.0,236178350686.0,164.5530242919922,89.06231689453125,10.937682151794434,6.46999979019165,25.019332885742188,0.0014720940962433,7.998200416564941,1.102503776550293,50701.241990744995,35325.179808835834
Ireland,IRL,38.71539688110352,2015,4702497.0,249955928768.0,173.91299438476562,87.49395751953125,12.506040573120115,7.96999979019165,28.30255699157715,0.0023699761368334,9.637786865234377,1.182318925857544,53153.87309508119,36983.11649848275
Ireland,IRL,40.369022369384766,2016,4753506.0,255118282428.0,181.909408569336,88.46276092529297,11.537235260009766,7.610000133514404,25.11551284790039,0.0065843765623867,8.687249183654785,0.9468169212341307,53669.49835090142,38268.471433366445
Ireland,IRL,39.04044723510742,2017,4810258.0,266528546717.0,182.72999572753903,86.30752563476562,13.69247817993164,9.010000228881836,29.26274681091309,0.0137181803584098,10.431668281555176,0.9534252285957336,55408.368265693854,37987.56651463165
Ireland,IRL,38.92236328125,2018,4872559.0,282500483309.0,186.8528289794922,84.85796356201172,15.14203643798828,10.34000015258789,33.31185531616211,0.0243676099926233,11.790491104125977,0.93181174993515,57977.847637966006,38347.98695705731
Ireland,IRL,37.19983673095703,2019,4933493.0,294503693886.0,187.796127319336,82.6097640991211,17.390233993530273,11.949999809265137,38.71072006225586,0.04500612616539,13.55727195739746,1.1801398992538452,59694.7626936939,38065.55057832979
Ireland,IRL,35.05256652832031,2020,4982602.0,274762344680.0,176.5830078125,79.18087768554688,20.819122314453125,13.649999618530272,42.44403076171875,0.0779758244752883,16.610225677490234,1.319529414176941,55144.349213523376,35439.91830222442
Ireland,IRL,37.47368240356445,2021,5028428.0,287639621097.0,179.88182067871094,82.2014389038086,17.79856300354004,11.760000228881836,37.05104064941406,0.1170241981744766,13.741609573364258,1.036070704460144,57202.692590407976,35772.97331864172
Ireland,IRL,36.6756706237793,2022,5110015.0,308390920561.0,186.4515686035156,80.57979583740234,19.420204162597656,13.25,39.21278381347656,0.1979298293590545,15.169084548950195,0.9335674047470092,60350.2965374857,36487.4797047593
Israel,ISR,59.519378662109375,2000,6111194.0,158656383479.0,227.3711395263672,99.96212768554688,0.037873413413763,0.0299999993294477,0.0703234896063804,0.0,0.0,0.037873413413763,25961.601526477476,37205.681823612074
Israel,ISR,63.02356719970703,2001,6259977.0,158567053954.0,227.21246337890625,99.9756851196289,0.0243162158876657,0.0199999995529651,0.0455062538385391,0.0,0.0121581079438328,0.0121581079438328,25330.293378713694,36296.05402366594
Israel,ISR,59.30490112304688,2002,6387714.0,158018046039.0,231.7825164794922,99.9115982055664,0.0884002372622489,0.0299999993294477,0.0659340620040893,0.0,0.0130025902763009,0.0248231254518032,24737.80855545505,36285.67535733319
Israel,ISR,62.414676666259766,2003,6502821.0,159162904545.0,238.83599853515625,99.90074920654295,0.0992539897561073,0.0399999991059303,0.0850340127944946,0.0,0.0136908087879419,0.0353679209947586,24475.97812472464,36728.05979668766
Israel,ISR,58.67923355102539,2004,6615084.0,166466423998.0,243.4890289306641,99.90602111816406,0.093979425728321,0.0399999991059303,0.0846023708581924,0.0,0.0122433109208941,0.0311647932976484,25164.672738547237,36808.15374841258
Israel,ISR,56.52767181396485,2005,6728212.0,172697410123.0,244.6494903564453,99.88282775878906,0.1171703711152076,0.0399999991059303,0.0822875946760177,0.0,0.0120869725942611,0.0307668410241603,25667.652880586997,36361.73924906726
Israel,ISR,62.148963928222656,2006,6844029.0,181910800706.0,245.959701538086,99.93226623535156,0.0677360445261001,0.0199999995529651,0.0395569615066051,0.0,0.0108710611239075,0.0163065921515226,26579.49004979377,35937.85203687564
Israel,ISR,62.7997932434082,2007,6962456.0,192596811708.0,255.084701538086,99.94007873535156,0.0599194131791591,0.0199999995529651,0.0371816307306289,0.0,0.0104264048859477,0.0145969679579138,27662.19444805109,36637.17250609354
Israel,ISR,67.98027801513672,2008,7082621.0,197785749719.0,262.42742919921875,99.9312744140625,0.0687277689576149,0.0399999991059303,0.0704349353909492,0.0,0.0090490281581878,0.0160871632397174,27925.502397911732,37052.30439398335
Israel,ISR,63.86094665527344,2009,7206096.0,199771084186.0,254.9559936523437,99.85114288330078,0.1488589346408844,0.0900000035762786,0.1644436419010162,0.0247082617133855,0.0092655969783663,0.0247082617133855,27722.512187736604,35380.599100031926
Israel,ISR,68.28690338134766,2010,7336735.0,210327630432.0,265.0588073730469,99.77840423583984,0.2215994298458099,0.1700000017881393,0.2903501391410827,0.0687799602746963,0.0078605664893984,0.0304596945643425,28667.74259013035,36127.62453230857
Israel,ISR,68.59473419189453,2011,7471023.0,220210380263.0,270.0618591308594,99.64736938476562,0.3526269495487213,0.3000000119209289,0.5033557415008545,0.1842129379510879,0.0067160972394049,0.0278238300234079,29475.264667636548,36147.90894511493
Israel,ISR,74.78118896484375,2012,7607781.0,225909436249.0,282.7274780273437,99.49832153320312,0.5016818046569824,0.4900000095367431,0.7776543498039246,0.3364632427692413,0.0054709473624825,0.0300902109593153,29694.52409960276,37162.9359503571
Israel,ISR,63.095306396484375,2013,7749369.0,235885601546.0,267.1832275390625,99.41655731201172,0.5834451913833618,0.5699999928474426,0.9295498728752136,0.464314728975296,0.0057452842593193,0.0265240613371133,30439.33016301069,34478.0623479231
Israel,ISR,60.27881622314453,2014,7897173.0,245129958334.0,260.6221008300781,99.01258850097656,0.9874087572097778,0.959999978542328,1.5773906707763672,0.8209837079048157,0.0404435135424137,0.0124065848067402,31040.21633235083,33001.9490303781
Israel,ISR,62.93562316894531,2015,8052916.0,251223879854.0,275.0286865234375,98.73058319091795,1.2694154977798462,1.2200000286102295,1.8994238376617432,1.120353937149048,0.0060798679478466,0.0225692074745893,31196.63484059687,34152.68289442451
Israel,ISR,61.16435241699219,2016,8210006.0,262584215516.0,280.57037353515625,98.2542724609375,1.7457271814346311,1.7000000476837158,2.5369348526000977,1.4661184549331665,0.0269109606742858,0.0227515064179897,31983.437711982184,34174.19835444167
Israel,ISR,58.849098205566406,2017,8361796.0,273812314306.0,285.6855163574219,98.24980926513672,1.750194072723389,1.690000057220459,2.5059311389923096,1.439191818237305,0.0266316179186105,0.0215975120663642,32745.63434769277,34165.568779413166
Israel,ISR,59.985931396484375,2018,8510067.0,284956472967.0,292.2115478515625,98.10955810546876,1.8904427289962769,1.8799999952316284,2.723848342895508,1.5577943325042725,0.0344042479991912,0.0195893477648496,33484.63331334524,34337.161840390036
Israel,ISR,58.95014953613281,2019,8657466.0,296799271432.0,301.5059814453125,97.0972671508789,2.9027321338653564,3.509999990463257,4.827396392822266,2.5613114833831787,0.0504970699548721,0.0181291345506906,34282.464572428005,34826.12365388585
Israel,ISR,59.28537368774414,2020,8800380.0,291287719910.0,285.1354064941406,95.97596740722656,4.0240325927734375,4.440000057220459,6.103931903839111,3.6135213375091553,0.0541467741131782,0.0207571908831596,33099.447968155924,32400.35163187733
Israel,ISR,58.9500846862793,2021,8942925.0,316373426613.0,292.0443420410156,95.11125183105467,4.888744831085205,5.820000171661377,7.8521318435668945,4.525697231292725,0.0365812219679355,0.0201272293925285,35376.951792953645,32656.467771005082
Israel,ISR,62.26730346679688,2022,9103143.0,336722563455.0,307.8379821777344,94.61265563964844,5.38734245300293,7.46999979019165,9.71770477294922,4.870689392089844,0.1520920991897583,0.0187983326613903,36989.70382592035,33816.66993232276
Italy,ITA,469.5982666015625,2000,57272200.0,1863751547560.0,2100.080322265625,93.14717864990234,6.852819919586182,50.869998931884766,18.84492874145508,0.0023885569535195,0.0747087523341178,5.865234375,32541.993280509567,36668.406701080545
Italy,ITA,469.6792602539063,2001,57305760.0,1910272015654.0,2096.657470703125,92.70503997802734,7.294962882995605,54.34999847412109,19.98896598815918,0.0025119089987128,0.155870571732521,6.18868350982666,33334.72962672513,36587.20293916571
Italy,ITA,477.1363220214844,2002,57420636.0,1929301903714.0,2101.48583984375,93.5474090576172,6.452591419219971,48.310001373291016,17.407127380371094,0.002745633944869,0.1835652440786361,5.166891098022461,33599.45201084154,36598.09410407349
Italy,ITA,495.0937805175781,2003,57739697.0,1947667703883.0,2170.0517578125,93.94042205810548,6.059579372406006,46.86000061035156,16.369163513183594,0.0030206104274839,0.1835020780563354,4.615241050720215,33731.8656847645,37583.358946488755
Italy,ITA,500.6872253417969,2004,58176736.0,1994293720592.0,2224.656005859375,93.1069564819336,6.893043041229248,53.869998931884766,18.34122085571289,0.0035421357024461,0.225597396492958,5.171274185180664,34279.91767348378,38239.61533110718
Italy,ITA,501.365478515625,2005,58519696.0,2029243417217.0,2222.93017578125,93.83939361572266,6.1606035232543945,48.43000030517578,16.437564849853516,0.0037573270965367,0.2839812040328979,4.371468544006348,34676.246732672706,37986.01714850416
Italy,ITA,496.0746154785156,2006,58754434.0,2086553648584.0,2221.86376953125,93.57290649414062,6.427093982696533,50.63999938964844,16.570138931274414,0.0042214603163301,0.3583416640758514,4.461962699890137,35513.126525633794,37816.103709402596
Italy,ITA,489.7936401367188,2007,59108723.0,2134371774096.0,2175.280029296875,93.82701110839844,6.172990322113037,47.720001220703125,15.586112022399902,0.0047776345163583,0.4941788911819458,4.0199503898620605,36109.25199815263,36801.33690753013
Italy,ITA,478.1319580078125,2008,59561687.0,2129113318512.0,2150.093994140625,92.19717407226562,7.802824020385742,58.15999984741211,18.666751861572266,0.0237510539591312,0.5982065796852112,5.122228145599365,35746.35685708499,36098.60805555466
Italy,ITA,424.0320434570313,2009,59904016.0,2029023036275.0,1994.809814453125,89.87337493896484,10.12662410736084,69.26000213623047,24.18634033203125,0.0894169881939888,0.8641881942749023,6.490062236785889,33871.23554913246,33300.10152329562
Italy,ITA,435.6720275878906,2010,60164212.0,2080545936781.0,2062.27001953125,89.07926177978516,10.920738220214844,76.97000122070312,25.948150634765625,0.2416775226593017,1.1573306322097778,6.48256778717041,34581.12169375708,34277.354443389864
Italy,ITA,423.8971252441406,2011,60367882.0,2110883320816.0,2020.390869140625,88.08759307861328,11.912408828735352,82.94999694824219,27.80105209350586,1.3906205892562866,1.2696270942687988,5.902573585510254,34966.99322358204,33467.976715509496
Italy,ITA,403.4435119628906,2012,60531522.0,2047959835066.0,1959.9749755859373,86.50092315673828,13.499079704284668,92.22000122070312,31.23454666137696,2.493349075317383,1.7722992897033691,5.535502433776856,33832.9479814831,32379.410112733283
Italy,ITA,369.4605407714844,2013,60653864.0,2010255414011.0,1863.062744140625,83.04019165039062,16.95980453491211,112.0,39.15810394287109,2.9848296642303467,2.059652090072632,7.296508312225342,33143.07253386198,30716.30760639792
Italy,ITA,349.3889465332031,2014,60664169.0,2010164047423.0,1816.3160400390625,81.48326110839844,18.516735076904297,120.68000030517578,43.64083480834961,3.1491618156433105,2.142834424972534,8.265235900878906,33135.936427695895,29940.508045846018
Italy,ITA,361.2437133789063,2015,60575314.0,2025809415322.0,1838.4654541015625,83.3400650024414,16.65993309020996,108.88999938964844,38.93099594116211,3.17895245552063,2.056823253631592,6.309837341308594,33442.82153158959,30350.077163472277
Italy,ITA,358.1331481933594,2016,60478103.0,2052012434345.0,1834.5379638671875,83.5881118774414,16.41188621520996,108.01000213623048,37.77233505249024,3.046206474304199,2.437690019607544,5.847578525543213,33929.84125750439,30333.920425169214
Italy,ITA,352.6662292480469,2017,60390317.0,2086237040647.0,1847.6258544921875,84.32527923583984,15.674721717834473,103.88999938964844,35.567806243896484,3.317174196243286,2.414213418960572,4.925711631774902,34545.886564016546,30594.73681007814
Italy,ITA,349.04833984375,2018,60277496.0,2105551772855.0,1859.7816162109373,82.9407730102539,17.059223175048828,114.41000366210938,39.9951057434082,3.049446821212769,2.384819269180298,6.572346687316895,34930.97611179801,30853.664130489713
Italy,ITA,339.637939453125,2019,60130136.0,2115725732767.0,1839.95263671875,82.58775329589844,17.412242889404297,115.83000183105467,39.9427604675293,3.20809006690979,2.7358736991882324,6.277869701385498,35185.77993515597,30599.50898362761
Italy,ITA,302.60009765625,2020,59912763.0,1925751927111.0,1663.422607421875,80.6005859375,19.3994140625,116.9000015258789,42.23113250732422,3.729210138320923,2.8052022457122803,7.122127532958984,32142.59918393348,27764.07770447634
Italy,ITA,335.930419921875,2021,59729353.0,2060299944789.0,1785.1416015625,81.98605346679688,18.013944625854492,116.33000183105467,40.74748992919922,3.477524518966675,2.9064738750457764,6.303709506988525,34493.92704436293,29887.174595085602
Italy,ITA,340.1147155761719,2022,59619106.0,2136009300257.0,1755.46484375,84.04890441894531,15.951094627380373,100.45999908447266,35.8568000793457,3.956500291824341,2.883391857147217,3.9953453540802,35827.59694949132,29444.669025228253
Japan,JPN,1260.2030029296875,2000,127027794.0,4209651870326.0,6253.32373046875,81.14391326904297,4.60254430770874,101.02999877929688,9.187301635742188,0.0153674939647316,0.0048684775829315,3.772757768630981,33139.612503433695,49227.995964951966
Japan,JPN,1245.9351806640625,2001,127260144.0,4224163277272.0,6185.70361328125,81.10173034667969,4.508246421813965,98.31999969482422,9.077312469482422,0.0224349685013294,0.0113131236284971,3.660469055175781,33193.13607936826,48606.76264267979
Japan,JPN,1275.4202880859375,2002,127484599.0,4226576076119.0,6165.896484375,81.44608306884766,4.5137038230896,98.63999938964844,8.942316055297852,0.0310337450355291,0.0184517242014408,3.600990295410156,33153.62098067234,48365.81463753908
Japan,JPN,1283.844970703125,2003,127671254.0,4288493482445.0,6162.91259765625,84.67998504638672,5.098414421081543,112.12999725341795,10.262770652770996,0.04238111525774,0.036963053047657,4.108230113983154,33590.12579640676,48271.732316941525
Japan,JPN,1279.12158203125,2004,127815769.0,4380398118363.0,6247.1064453125,82.5128402709961,5.022812366485596,112.43000030517578,10.027738571166992,0.0554454252123832,0.0627870559692382,3.996875524520874,34271.18697977712,48875.86636757238
Japan,JPN,1286.4122314453125,2005,127913331.0,4450600710060.0,6353.93603515625,83.01995849609375,4.520285606384277,102.79000091552734,8.914463996887207,0.0693100988864898,0.0812117233872413,3.2978551387786865,34793.87703585016,49673.759454800296
Japan,JPN,1263.4404296875,2006,127997247.0,4514225078439.0,6336.10205078125,82.08084106445312,5.010627746582031,114.47000122070312,9.831236839294434,0.0846580937504768,0.0905704051256179,3.767347574234009,35268.141965889314,49501.86194849371
Japan,JPN,1298.9735107421875,2007,128087683.0,4590814009043.0,6275.4208984375,83.62267303466797,4.498927593231201,101.76000213623048,8.6229248046875,0.0984500423073768,0.1166516318917274,3.172147035598755,35841.18239567969,48993.16430321798
Japan,JPN,1228.686767578125,2008,128155992.0,4542408020234.0,6158.08447265625,84.60263061523438,4.560847282409668,101.9800033569336,8.61535930633545,0.1116595268249511,0.1267698258161544,3.2355096340179443,35444.36705100765,48051.47521043144
Japan,JPN,1160.2528076171875,2009,128192471.0,4298103109270.0,5622.33203125,82.35882568359375,4.755564689636231,97.27999877929688,8.732338905334473,0.1428844034671783,0.1607966125011444,3.3060197830200195,33528.51439512388,43858.519828750315
Japan,JPN,1211.09033203125,2010,128185273.0,4480295644398.0,5983.1689453125,81.79851531982422,5.404294013977051,118.23999786376952,10.228019714355469,0.1742761135101318,0.1718401610851287,3.874012470245361,34951.71902000006,46675.94650527834
Japan,JPN,1261.1805419921875,2011,128096430.0,4468738319171.0,5669.59423828125,87.07562255859375,5.4469499588012695,113.5,10.278935432434082,0.2496257424354553,0.2046443819999694,3.785668611526489,34885.73662178563,44260.36102865045
Japan,JPN,1302.112548828125,2012,127928283.0,4530172048567.0,5615.28466796875,93.79275512695312,5.379161834716797,111.33000183105467,10.058000564575195,0.339303195476532,0.2175866514444351,3.548645734786988,35411.80997924439,43894.00479930423
Japan,JPN,1311.8756103515625,2013,127723642.0,4621006950566.0,5576.220703125,93.49919891357422,5.828955173492432,120.5500030517578,11.08240795135498,0.5939029455184937,0.236165165901184,3.649860858917236,36179.73053544777,43658.484958681336
Japan,JPN,1260.2723388671875,2014,127486601.0,4634693421103.0,5431.794921875,93.3955078125,6.604490280151367,133.89999389648438,12.599743843078612,1.1068284511566162,0.2356704324483871,3.840527296066284,36354.357122620284,42606.79066873075
Japan,JPN,1219.982421875,2015,127275868.0,4707025000790.0,5363.2607421875,92.10037231445312,7.685226917266846,154.02000427246094,14.951656341552734,1.6367623805999756,0.2474942207336425,4.064169406890869,36982.85523214817,42138.86596465797
Japan,JPN,1199.9329833984375,2016,127159950.0,4742508721138.0,5295.8193359375,91.56472778320312,7.593000888824463,151.77000427246094,14.268121719360352,2.064213752746582,0.2544561624526977,3.784174919128418,37295.616435347765,41646.912694897255
Japan,JPN,1184.3917236328125,2017,127064686.0,4821960242931.0,5354.1962890625,90.60784912109376,8.028501510620117,163.3000030517578,15.16446018218994,2.534709453582764,0.2918127477169037,3.716801404953003,37948.86206959973,42137.56361120272
Japan,JPN,1138.5498046875,2018,126913432.0,4852985093686.0,5317.67041015625,89.04158020019531,8.649889945983887,175.33999633789062,16.19125747680664,2.878114938735962,0.3463477790355682,3.80776572227478,38238.54589076119,41899.98116319359
Japan,JPN,1102.06298828125,2019,126699421.0,4833467877373.0,5205.60009765625,87.99147033691406,8.870975494384766,176.41000366210938,16.8426570892334,3.223273754119873,0.3563723266124725,3.5335123538970947,38149.09207338051,41086.21852073223
Japan,JPN,1037.28466796875,2020,126304533.0,4626661481209.0,4825.23974609375,87.32939147949219,10.457499504089355,193.02999877929688,19.092409133911133,3.9075021743774414,0.4325980246067047,4.031612873077393,36631.001052107924,38203.21908869059
Japan,JPN,1058.5018310546875,2021,125679342.0,4725883595048.0,5029.7080078125,86.16989135742188,10.814117431640623,208.13999938964844,20.11655807495117,4.1470208168029785,0.4697808027267456,3.922605514526367,37602.70796968367,40020.16503088073
Japan,JPN,1029.6448974609375,2022,124997585.0,4774494846664.0,4996.771484375,86.28501892089844,11.154245376586914,213.19000244140625,20.48781013488769,4.504342555999756,0.4656884968280792,3.702970027923584,38196.69673349289,39974.94419092177
Kazakhstan,KAZ,142.1969757080078,2000,15501108.0,142758090799.0,369.7473754882813,94.32146453857422,5.678532123565674,7.53000020980835,14.581720352172852,0.0,0.0,5.678532123565674,9209.54107274138,23852.964284119647
Kazakhstan,KAZ,138.0364990234375,2001,15575550.0,162896083567.0,416.1916809082031,94.6178970336914,5.382101058959961,8.079999923706055,14.59010410308838,0.0,0.0,5.382101058959961,10458.448245294709,26720.83367253183
Kazakhstan,KAZ,156.76821899414062,2002,15656680.0,179807015103.0,423.9436340332031,94.2334976196289,5.76650333404541,8.890000343322754,15.24087142944336,0.0,0.0,5.76650333404541,11484.364188512507,27077.492420692197
Kazakhstan,KAZ,175.02197265625,2003,15747377.0,197584132991.0,464.6907348632813,94.92633819580078,5.073659896850586,8.619999885559082,13.498276710510254,0.0,0.0,5.073659896850586,12547.113909256126,29509.088076273358
Kazakhstan,KAZ,185.4758453369141,2004,15850164.0,217713169930.0,490.6227111816406,95.53720092773438,4.462796211242676,8.0600004196167,12.038836479187012,0.0,0.0,4.462796211242676,13735.704559902346,30953.793991130984
Kazakhstan,KAZ,198.44854736328125,2005,15968118.0,240059743236.0,504.6253356933594,95.80362701416016,4.196374893188477,7.860000133514404,11.57243824005127,0.0,0.0,4.196374893188477,15033.690459702264,31602.054524732306
Kazakhstan,KAZ,219.63314819335932,2006,16103718.0,267135182235.0,543.3905029296875,96.1682586669922,3.831741333007813,7.769999980926514,10.84286880493164,0.0,0.0,3.831741333007813,16588.416552935167,33743.17054792486
Kazakhstan,KAZ,225.71240234375,2007,16257212.0,292456722644.0,602.8878173828125,96.38704681396484,3.612957000732422,8.170000076293945,10.66301155090332,0.0,0.0,3.612957000732422,17989.352826548613,37084.33016576351
Kazakhstan,KAZ,226.10238647460932,2008,16426527.0,303717015928.0,635.4324951171875,96.89618682861328,3.103814125061035,7.460000038146973,9.284380912780762,0.0,0.0,3.103814125061035,18489.4235968443,38683.313588878984
Kazakhstan,KAZ,223.1892242431641,2009,16619851.0,309012285175.0,569.0059814453125,96.82039642333984,3.179605484008789,6.880000114440918,8.738726615905762,0.0,0.0,3.179605484008789,18592.963629758175,34236.52723753736
Kazakhstan,KAZ,248.0927734375,2010,16836808.0,333341740713.0,611.1952514648438,96.57428741455078,3.4257125854492188,8.020000457763672,9.703569412231444,0.0,0.0,3.4257125854492188,19798.392944375206,36301.135670421834
Kazakhstan,KAZ,238.15695190429688,2011,17065996.0,360244945296.0,694.015625,97.05157470703124,2.9484267234802246,7.880000114440918,9.10140895843506,0.0,5.497816891875118e-05,2.948371648788452,21108.931778490984,40666.5760967013
Kazakhstan,KAZ,245.26290893554688,2012,17306115.0,378260779954.0,729.8533935546875,97.2974624633789,2.702540874481201,7.639999866485596,8.43080997467041,7.42849715607008e-06,0.0009427116601727,2.701590776443481,21857.059192892222,42173.15056294769
Kazakhstan,KAZ,253.53273010253903,2013,17556502.0,400574375261.0,731.60546875,97.29080963134766,2.7091927528381348,7.730000019073486,8.346830368041992,0.000275748578133,0.0015929612563923,2.7073240280151367,22816.297646364863,41671.482664940886
Kazakhstan,KAZ,299.1373291015625,2014,17816285.0,417799078586.0,769.1109008789062,97.25666809082033,2.743335247039795,8.270000457763672,8.738377571105957,0.0004106384876649,0.0043964502401649,2.738528251647949,23450.4038628704,43168.98280864424
Kazakhstan,KAZ,303.0522766113281,2015,18084175.0,421977118608.0,635.9098510742188,96.2297134399414,3.770285606384277,9.449999809265137,10.310965538024902,0.0184254758059978,0.0525664612650871,3.699059009552002,23334.05414446609,35163.88505830201
Kazakhstan,KAZ,301.7388000488281,2016,18363600.0,425774884998.0,711.3265991210938,95.7543487548828,4.245649337768555,11.979999542236328,12.659832954406738,0.0313127003610134,0.0973999202251434,4.116117477416992,23185.80697673659,38735.68358715577
Kazakhstan,KAZ,317.7204284667969,2017,18651931.0,442384368842.0,764.9259033203125,96.1846160888672,3.8153812885284415,11.640000343322754,11.287819862365724,0.0303537640720605,0.1113179475069046,3.672831535339356,23717.885769682507,41010.54755780045
Kazakhstan,KAZ,329.5721130371094,2018,18932725.0,460522121041.0,789.197509765625,96.55489349365234,3.4451048374176025,10.90999984741211,10.169649124145508,0.0446240119636058,0.1217178702354431,3.277799367904663,24324.133004678406,41684.30639359231
Kazakhstan,KAZ,296.03961181640625,2019,19209556.0,481245619523.0,798.7120361328125,96.55289459228516,3.4471077919006348,11.09000015258789,10.415101051330566,0.1215125322341919,0.2196344137191772,3.104012966156006,25052.407224976985,41578.891054681975
Kazakhstan,KAZ,281.7891845703125,2020,19482116.0,468733212615.0,735.9368896484375,95.9857940673828,4.014204025268555,11.9399995803833,10.990427017211914,0.4162427484989166,0.346006691455841,3.249176263809204,24059.66644562634,37774.9978312642
Kazakhstan,KAZ,244.9037170410156,2021,19743607.0,487951301251.0,822.205322265625,96.22032928466795,3.779671907424927,12.59000015258789,10.940215110778809,0.4891653954982757,0.5244760513305664,2.7650535106658936,24714.394955845706,41644.12927514334
Kazakhstan,KAZ,274.3455810546875,2022,20034612.0,503634062609.0,819.2827758789062,96.00487518310548,3.995128154754639,13.279999732971191,11.706628799438477,0.5328516960144043,0.6950055360794067,2.766143083572388,25138.19896332407,40893.36873002114
Kuwait,KWT,54.97988128662109,2000,1954713.0,71053965539.0,218.16189575195312,100.0,0.0,0.0,0.0,0.0,0.0,0.0,36350.075708812496,111608.14695147223
Kuwait,KWT,59.11935806274414,2001,2008127.0,75867443155.0,219.8207092285156,100.0,0.0,0.0,0.0,0.0,0.0,0.0,37780.20172777917,109465.54138683241
Kuwait,KWT,60.11354446411133,2002,2059983.0,83636154969.0,232.869873046875,100.0,0.0,0.0,0.0,0.0,0.0,0.0,40600.4102795994,113044.5605846626
Kuwait,KWT,62.49080276489258,2003,2109886.0,104974065782.0,278.1132507324219,100.0,0.0,0.0,0.0,0.0,0.0,0.0,49753.43017679628,131814.34955842252
Kuwait,KWT,65.85519409179688,2004,2157329.0,123477836787.0,309.8948059082031,100.0,0.0,0.0,0.0,0.0,0.0,0.0,57236.44227978208,143647.44826041977
Kuwait,KWT,74.61527252197266,2005,2236797.0,142799938874.0,341.361328125,100.0,0.0,0.0,0.0,0.0,0.0,0.0,63841.26001331368,152611.67111946235
Kuwait,KWT,76.2219009399414,2006,2364741.0,159619963672.0,328.6332702636719,100.0,0.0,0.0,0.0,0.0,0.0,0.0,67499.97723725346,138972.20467851317
Kuwait,KWT,77.29495239257812,2007,2507890.0,174545824817.0,319.66436767578125,100.0,0.0,0.0,0.0,0.0,0.0,0.0,69598.67650375415,127463.47235157095
Kuwait,KWT,84.44237518310547,2008,2651433.0,183755530386.0,345.3060913085937,100.0,0.0,0.0,0.0,0.0,0.0,0.0,69304.23298872722,130233.76087896382
Kuwait,KWT,88.83209228515625,2009,2795489.0,175302339443.0,350.1612548828125,100.0,0.0,0.0,0.0,0.0,0.0,0.0,62709.00706209182,125259.39285857054
Kuwait,KWT,89.72100067138672,2010,2943374.0,176036955078.0,405.018798828125,100.0,0.0,0.0,0.0,0.0,0.0,0.0,59807.87867189151,137603.57971094566
Kuwait,KWT,87.15087127685547,2011,3132815.0,201228682118.0,409.91107177734375,100.0,0.0,0.0,0.0,0.0,0.0,0.0,64232.54552790382,130844.32747460152
Kuwait,KWT,101.20057678222656,2012,3337025.0,214560063974.0,422.8001098632813,100.0,0.0,0.0,0.0,0.0,0.0,0.0,64296.810474599384,126699.7130268072
Kuwait,KWT,83.04668426513672,2013,3507755.0,217029672079.0,448.585205078125,99.99989318847656,0.0001037647161865,0.0099999997764825,0.0163961295038461,0.0001037647161865,0.0,0.0,61871.38841766315,127883.8473833335
Kuwait,KWT,74.99373626708984,2014,3665769.0,218112639263.0,437.2347106933594,99.9980926513672,0.0019076658645644,0.0099999997764825,0.0153491934761404,0.0019076658645644,0.0,0.0,59499.831894208284,119275.03088529565
Kuwait,KWT,93.31747436523438,2015,3834465.0,219406044434.0,468.6684875488281,99.99725341796876,0.0027495126705616,0.0099999997764825,0.0146412877365946,0.0027495126705616,0.0,0.0,57219.46723571607,122225.26155508737
Kuwait,KWT,104.01882934570312,2016,4003976.0,225825859800.0,465.9547729492188,99.9736785888672,0.0263223741203546,0.0199999995529651,0.0285306703299283,0.0263223741203546,0.0,0.0,56400.402949468225,116373.01845695848
Kuwait,KWT,100.01036071777344,2017,4154686.0,215180426540.0,466.9910278320313,99.97151184082033,0.0284882206469774,0.0399999991059303,0.0580635778605937,0.0274389311671257,0.001049289945513,0.0,51792.22365781674,112401.0401344485
Kuwait,KWT,102.45301055908205,2018,4323389.0,220424403170.0,482.3821411132813,99.97154998779295,0.0284528005868196,0.0900000035762786,0.1214083433151245,0.02744204364717,0.0010107567068189,0.0,50984.17079055343,111575.00310827485
Kuwait,KWT,104.65421295166016,2019,4442201.0,219207651814.0,442.8558349609375,99.96524810791016,0.0347549580037593,0.1000000014901161,0.1332622617483139,0.0327192954719066,0.0020356636960059,0.0,49346.63060361294,99692.88534240965
Kuwait,KWT,90.10260772705078,2020,4400146.0,199796812404.0,419.6788635253906,99.96266174316406,0.0373400673270225,0.0900000035762786,0.1205787807703018,0.0345353856682777,0.0028046802617609,0.0,45406.85977328934,95378.39506357076
Kuwait,KWT,87.86885070800781,2021,4360748.0,202410138854.0,469.1353759765625,99.88868713378906,0.1113119572401046,0.209999993443489,0.2599009573459625,0.0929139852523803,0.0183979757130146,0.0,46416.380596631585,107581.40024981093
Kuwait,KWT,115.84888458251952,2022,4589514.0,218961227193.0,468.641357421875,99.90719604492188,0.0928031802177429,1.899999976158142,2.227693796157837,0.0744312927126884,0.0183718837797641,0.0,47709.022609583495,102111.32538693094
Latvia,LVA,7.081629753112793,2000,2368320.0,26727290777.0,38.05562973022461,79.10907745361328,20.89092254638672,2.819999933242798,68.1159439086914,0.0,0.0369881764054298,20.85393524169922,11285.337613582624,16068.61814713578
Latvia,LVA,7.496506214141846,2001,2338299.0,28242589693.0,40.96589279174805,80.61788177490234,19.382118225097656,2.8299999237060547,66.2763442993164,0.0,0.0204784404486417,19.33847427368164,12078.262742703137,17519.52713992011
Latvia,LVA,7.520418167114258,2002,2311358.0,30014856985.0,41.312721252441406,83.33183288574219,16.66816520690918,2.4800000190734863,62.46851348876953,0.0,0.0737408921122551,16.517959594726562,12985.810499714886,17873.78729406756
Latvia,LVA,7.726039886474609,2003,2288983.0,32298352002.0,40.83142852783203,84.2168960571289,15.783100128173828,2.3399999141693115,58.94206237792969,0.0,0.3235450387001037,15.274022102355955,14110.350318023331,17838.24018257542
Latvia,LVA,7.731197834014893,2004,2264179.0,34720425840.0,45.924076080322266,80.8790054321289,19.120990753173828,3.200000047683716,68.23027801513672,0.0,0.2926238477230072,18.56668472290039,15334.664723946296,20282.882263426287
Latvia,LVA,7.810763835906982,2005,2239787.0,38143684659.0,47.37080764770508,80.26956176757812,19.730440139770508,3.4200000762939453,69.51219940185547,0.0,0.2700993418693542,19.11383819580078,17030.050026631998,21149.693094792085
Latvia,LVA,8.310114860534668,2006,2219039.0,42361248688.0,44.934173583984375,83.11595153808594,16.884050369262695,2.789999961853028,57.055213928222656,0.0,0.2766386866569519,16.225461959838867,19089.907247236304,20249.384343395664
Latvia,LVA,8.637232780456543,2007,2200774.0,46228816935.0,46.30575942993164,83.50296020507812,16.49704360961914,2.819999933242798,59.24369430541992,0.0,0.3075339496135711,15.85830783843994,21005.708416675225,21040.669977894886
Latvia,LVA,8.198058128356934,2008,2177710.0,44217430207.0,46.600128173828125,81.50560760498047,18.494394302368164,3.2100000381469727,60.91081619262695,0.0,0.3322942554950714,17.812118530273438,20304.553961271242,21398.684018454303
Latvia,LVA,7.456195831298828,2009,2142044.0,37590730012.0,44.07756042480469,78.38397979736328,21.61602020263672,3.559999942779541,63.913822174072266,0.0,0.289716511964798,20.865623474121094,17548.99993277449,20577.33661157506
Latvia,LVA,8.554520606994629,2010,2097834.0,35881177042.0,49.960227966308594,80.11283111572266,19.88716697692871,3.640000104904175,54.90196228027344,0.0,0.258601039648056,18.577056884765625,17103.916249808135,23815.148370323197
Latvia,LVA,7.808430194854736,2011,2059940.0,37869724459.0,44.63749694824219,81.14012145996094,18.85988044738769,3.0799999237060547,50.57471084594727,0.0011740430491045,0.416785329580307,16.94731330871582,18383.89684117013,21669.31898416565
Latvia,LVA,7.519718170166016,2012,2034639.0,40536567235.0,46.28651809692383,75.97710418701172,24.02289390563965,4.110000133514404,66.61264038085938,0.001129405805841,0.6098791360855103,20.89400863647461,19923.223350677934,22749.253354980334
Latvia,LVA,7.368745803833008,2013,2013004.0,41350512828.0,44.5827751159668,78.26905822753906,21.730939865112305,3.5299999713897705,56.93548583984375,0.0011614597169682,0.6910685300827026,16.910852432250977,20541.694317547306,22147.38525902919
Latvia,LVA,7.172200202941895,2014,1994153.0,42137028688.0,41.01544189453125,81.04174041748047,18.95825958251953,2.799999952316284,54.474708557128906,0.0012526704231277,0.6325985789299011,12.489123344421388,21130.288743140572,20567.851059839064
Latvia,LVA,7.262421131134033,2015,1977874.0,43774190659.0,42.11407470703125,81.33682250976562,18.663179397583008,2.7799999713897705,50.18050384521485,0.0012131335679441,0.8916532397270203,11.330669403076172,22131.940992702264,21292.597358088155
Latvia,LVA,7.210681915283203,2016,1959863.0,44810998817.0,44.97923278808594,78.86573028564453,21.13426971435547,3.4800000190734863,54.20560836791992,0.0021575049031525,0.7342294454574585,14.283586502075195,22864.35267005908,22950.192328793357
Latvia,LVA,7.215320110321045,2017,1942599.0,46295495418.0,49.30099105834961,70.39314270019531,29.606857299804688,5.460000038146973,72.50995635986328,0.0022676843218505,0.773074209690094,22.576961517333984,23831.730284016412,25378.882135916683
Latvia,LVA,7.843188762664795,2018,1927586.0,48143398790.0,43.99867248535156,77.61326599121094,22.3867301940918,3.490000009536743,51.93452453613281,0.0072744833305478,0.6973788738250732,13.895057678222656,24976.00563087717,22825.789606975544
Latvia,LVA,7.63345193862915,2019,1914267.0,49380620266.0,45.26303863525391,80.10592651367188,19.89407539367676,3.190000057220459,49.53416061401367,0.0173180624842643,0.8501639366149902,11.634922981262209,25796.09859335192,23645.102086205276
Latvia,LVA,6.999268054962158,2020,1901119.0,48292861660.0,41.22076034545898,75.1063461303711,24.89365577697754,3.640000104904175,63.63636779785156,0.029387105256319,1.0721837282180786,15.782105445861816,25402.334972192693,21682.367250792286
Latvia,LVA,7.218348979949951,2021,1885593.0,50255494980.0,43.07699966430664,75.8349609375,24.16504096984864,3.7200000286102295,63.58974456787109,0.0393171645700931,0.8181348443031311,15.663214683532717,26652.355508320194,22845.332828615
Latvia,LVA,6.607996940612793,2022,1881059.0,51248480035.0,38.51331329345703,73.35406494140625,26.645931243896484,3.819999933242798,75.94432830810547,0.4859018623828888,1.2294648885726929,17.776620864868164,27244.483046517944,20474.271829568894
Lithuania,LTU,11.843034744262695,2000,3500410.0,36684799266.0,78.49861145019531,68.78341674804688,1.2093429565429688,0.3400000035762787,3.05480694770813,0.0,0.0,1.2093429565429688,10480.143544899027,22425.547707324375
Lithuania,LTU,12.59373664855957,2001,3473008.0,39077069410.0,90.34825134277344,63.97864532470703,1.0099818706512451,0.3300000131130218,2.2980504035949707,0.0,0.0,1.0030101537704468,11251.649696747027,26014.409221854206
Lithuania,LTU,12.66602897644043,2002,3444051.0,41716677051.0,97.9764404296875,59.06615829467773,1.0099884271621704,0.3499999940395355,2.0242912769317627,0.0,0.0,0.9971081614494324,12112.676917676306,28448.02252628881
Lithuania,LTU,12.659430503845217,2003,3415276.0,46106059871.0,102.2303695678711,57.44308471679688,0.8963008522987366,0.3300000131130218,1.7534538507461548,0.0,0.0,0.874700665473938,13499.951357079193,29933.267345851724
Lithuania,LTU,13.254142761230469,2004,3376703.0,49123583277.0,103.36662292480467,58.913272857666016,1.1437073945999146,0.4300000071525574,2.2933332920074463,0.0,0.0031739436089992,1.1122026443481443,14547.7950761438,30611.70109565593
Lithuania,LTU,13.862545013427734,2005,3322264.0,52913078254.0,94.33820343017578,68.96100616455078,1.3632121086120603,0.4600000083446502,3.190013885498047,0.0,0.0051671955734491,1.2938085794448853,15926.813237599421,28395.757661093696
Lithuania,LTU,14.19526481628418,2006,3269809.0,56827410871.0,89.7048568725586,72.47998809814453,1.5711004734039309,0.4300000071525574,3.562551975250244,0.0,0.041092574596405,1.191084861755371,17379.428239080633,27434.28037312228
Lithuania,LTU,15.473504066467283,2007,3231378.0,63122228308.0,99.0915985107422,71.22189331054688,2.2205681800842285,0.5799999833106995,4.309063911437988,0.0,0.2865639925003052,1.1359925270080566,19534.151779209984,30665.430819527213
Lithuania,LTU,14.918790817260742,2008,3198482.0,64776249050.0,97.82635498046876,70.72782135009766,2.4034101963043213,0.6000000238418579,4.501125335693359,0.0,0.3560342192649841,1.091458082199097,20252.184958364625,30585.244806901763
Lithuania,LTU,12.82912540435791,2009,3163255.0,55174536683.0,90.02716064453125,65.3740234375,2.736781597137451,0.6800000071525574,4.644808769226074,0.0,0.4633843898773193,1.2467596530914309,17442.329715119395,28460.291896964125
Lithuania,LTU,13.801892280578612,2010,3097721.0,56073777524.0,66.19811248779297,95.50556182861328,4.494437217712402,0.9100000262260436,18.200000762939453,0.0,0.8830720782279968,2.128834247589112,18101.622942802143,21369.94018757434
Lithuania,LTU,13.959649085998535,2011,3028642.0,59460372771.0,68.6968994140625,94.9106903076172,5.089308738708496,1.1100000143051147,26.117647171020508,0.0003780574188567,1.7957727909088137,1.814297556877136,19632.68447409763,22682.409942826685
Lithuania,LTU,14.054137229919434,2012,2988334.0,61745948022.0,68.6315689086914,94.3458023071289,5.654197692871094,1.1799999475479126,26.22222137451172,0.0086590694263577,2.033375263214112,1.589880347251892,20662.33159412569,22966.498694152462
Lithuania,LTU,13.148174285888672,2013,2958359.0,63937849304.0,63.41551208496094,92.44377136230467,7.556228637695312,1.5299999713897705,36.51551055908203,0.1813077181577682,2.439155578613281,2.109321117401123,21612.606618736943,21436.0434568492
Lithuania,LTU,12.845803260803224,2014,2933171.0,66199372603.0,61.2045783996582,92.1147232055664,7.885272979736328,1.5099999904632568,40.9214096069336,0.3045342564582824,2.666134834289551,1.661171793937683,22569.216933823496,20866.351944587685
Lithuania,LTU,13.045220375061035,2015,2905771.0,67539660018.0,64.11228942871094,91.692138671875,8.307860374450684,1.6799999475479126,39.71631240844727,0.2904820442199707,3.211154222488404,1.3854368925094604,23243.283802474456,22063.779089512194
Lithuania,LTU,13.101517677307127,2016,2869109.0,69240911932.0,65.72639465332031,90.53160095214844,9.468398094177246,2.0999999046325684,57.85123443603516,0.2553867995738983,4.362313747406006,1.743158936500549,24133.24552395883,22908.294753988193
Lithuania,LTU,13.277398109436035,2017,2829317.0,72206131673.0,69.15023803710938,89.10791015625,10.892090797424316,2.5299999713897705,71.06741333007812,0.2471350729465484,4.956511974334717,2.189326047897339,25520.693394554233,24440.611651896685
Lithuania,LTU,13.414423942565918,2018,2802485.0,75089601435.0,70.96944427490234,90.46702575683594,9.532973289489746,2.200000047683716,75.34246826171875,0.3048293590545654,4.030364990234375,1.5171068906784058,26793.935180741377,25323.755265381384
Lithuania,LTU,13.647339820861816,2019,2795057.0,78562641002.0,70.59712219238281,89.56436920166016,10.43563461303711,2.470000028610229,73.95209503173828,0.3209887146949768,5.283100605010986,1.2170088291168213,28107.70621207367,25257.84704654782
Lithuania,LTU,13.499604225158691,2020,2795766.0,78545278418.0,70.29448699951172,88.64371490478516,11.356285095214844,2.569999933242798,54.680850982666016,0.4546896815299988,5.477810382843018,1.060824990272522,28094.367846951427,25143.19402965474
Lithuania,LTU,13.778095245361328,2021,2794490.0,83242845981.0,70.14949035644531,87.98899841308594,12.01100254058838,2.619999885559082,60.93022537231445,0.673224151134491,4.804661750793457,1.3538581132888794,29788.206785853592,25102.788113911774
Lithuania,LTU,12.895064353942873,2022,2816923.0,84814257826.0,65.06572723388672,85.61787414550781,14.382125854492188,3.0199999809265137,74.75247192382812,1.2993578910827637,5.746049404144287,1.76439106464386,30108.83074404235,23098.15612066312
Luxembourg,LUX,8.702319145202637,2000,436142.0,21937467256.0,37.204200744628906,98.70411682128906,1.2958810329437256,0.1599999964237213,40.0,0.0002988775959238,0.1848782300949096,0.9228144288063048,50298.91011642997,85302.95349823889
Luxembourg,LUX,9.205365180969238,2001,441754.0,22387796714.0,39.86669158935547,98.813720703125,1.1862815618515017,0.1700000017881393,19.54022979736328,0.0003189547278452,0.1646083444356918,0.8184100389480591,50679.32993023266,90246.36243102602
Luxembourg,LUX,9.978490829467772,2002,446392.0,23160273686.0,43.582149505615234,99.0245590209961,0.9754445552825928,0.1500000059604644,5.357142925262451,0.0003710995661094,0.1539685875177383,0.6272903680801392,51883.263333572286,97632.01290707548
Luxembourg,LUX,10.450939178466797,2003,451845.0,23454191347.0,45.70389938354492,99.12825012207033,0.8717486262321472,0.1400000005960464,5.017921447753906,0.0083444640040397,0.1560814529657364,0.473707914352417,51907.604038995676,101149.50787005482
Luxembourg,LUX,11.815994262695312,2004,458305.0,24195538088.0,51.77977752685547,98.94349670410156,1.056504726409912,0.1899999976158142,5.637982368469238,0.0481723584234714,0.2063205540180206,0.5449199676513672,52793.52851921755,112981.04434133485
Luxembourg,LUX,12.075891494750977,2005,465369.0,24872864640.0,52.5529670715332,98.89163208007812,1.1083695888519287,0.209999993443489,6.268656730651856,0.0905827656388282,0.2674336433410644,0.4756849408149719,53447.618212644156,112927.52003578494
Luxembourg,LUX,11.90562343597412,2006,472869.0,26045643731.0,51.62663650512695,98.67868041992188,1.3213212490081787,0.25,7.06214714050293,0.1094287037849426,0.3005272448062897,0.5769029259681702,55080.04062647372,109177.46036455542
Luxembourg,LUX,11.302203178405762,2007,480277.0,28135947926.0,50.12565231323242,97.51603698730467,2.4839627742767334,0.2599999904632568,8.150469779968262,0.1109812930226326,0.3413493931293487,0.6196707487106323,58582.75104991494,104368.21316288813
Luxembourg,LUX,11.166763305664062,2008,488995.0,27660465282.0,49.76074981689453,97.41548919677734,2.584507465362549,0.2800000011920929,10.29411792755127,0.1063006594777107,0.3215341866016388,0.7011035084724426,56565.947058763384,101761.26507815935
Luxembourg,LUX,10.619787216186523,2009,498196.0,26344603078.0,47.59295654296875,97.44551849365234,2.554478883743286,0.270000010728836,8.571428298950195,0.1121267825365066,0.3503107130527496,0.5841399431228638,52879.997185846536,95530.58744544064
Luxembourg,LUX,11.190506935119627,2010,507418.0,27526699944.0,50.11573791503906,97.5721435546875,2.427855968475342,0.270000010728836,8.333333969116211,0.1099730357527732,0.2864405512809753,0.5598546862602234,54248.56813120544,98766.18077214262
Luxembourg,LUX,11.08950901031494,2011,518583.0,28143126706.0,48.82111740112305,97.5093231201172,2.4906795024871826,0.2399999946355819,9.09090805053711,0.1366989016532898,0.3401011526584625,0.3345257341861725,54269.28130308938,94143.30473834091
Luxembourg,LUX,10.85797119140625,2012,530951.0,28607408843.0,47.95294189453125,97.09793853759766,2.9020607471466064,0.3100000023841858,11.231884002685549,0.2059052437543869,0.416716456413269,0.5288004875183105,53879.56486191758,90315.1927287664
Luxembourg,LUX,10.323408126831056,2013,543358.0,29514812514.0,45.69236755371094,96.44871520996094,3.5512845516204834,0.3600000143051147,19.56521797180176,0.4132108986377716,0.4652642905712127,0.6679415702819824,54319.27479488661,84092.56430145675
Luxembourg,LUX,9.806854248046877,2014,556285.0,30289014849.0,44.27421569824219,95.75796508789062,4.242031574249268,0.4000000059604645,20.94240951538086,0.5451634526252747,0.4596265256404876,0.6202391386032104,54448.73553843803,79589.08778457479
Luxembourg,LUX,9.333976745605469,2015,569540.0,30976491415.0,43.03446578979492,95.096923828125,4.903073787689209,0.4300000071525574,32.08955383300781,0.6109916567802429,0.5999583005905151,0.5846718549728394,54388.61434666573,75560.04106787042
Luxembourg,LUX,9.077204704284668,2016,583511.0,32518554202.0,42.459232330322266,94.70306396484376,5.296939373016357,0.4600000083446502,58.22784805297852,0.5943251252174377,0.6014246940612793,0.6839467287063599,55729.11942019945,72765.09325500678
Luxembourg,LUX,9.251006126403809,2017,596506.0,32946911821.0,44.35489654541016,93.4736785888672,6.526318550109863,0.6000000238418579,66.66667175292969,0.6124504208564758,1.3259586095809937,0.4836282134056091,55233.16080810587,74357.83805260998
Luxembourg,LUX,9.556161880493164,2018,608109.0,33348602359.0,46.43095016479492,93.03570556640624,6.964297771453857,0.6800000071525574,70.83333587646484,0.6372874975204468,1.3664978742599487,0.4980101287364959,54839.84344747406,76353.00606436498
Luxembourg,LUX,9.74996852874756,2019,620167.0,34122291521.0,47.28824615478516,92.28182220458984,7.718179702758789,0.800000011920929,74.76634979248047,0.6839607357978821,1.4755265712738037,0.5608441233634949,55021.13385749322,76250.82623678003
Luxembourg,LUX,8.069083213806152,2020,630597.0,33850190319.0,40.540794372558594,89.39517974853516,10.604822158813477,0.9700000286102296,79.50819396972656,0.985073983669281,2.144932270050049,0.5595570802688599,53679.59301899628,64289.545260378014
Luxembourg,LUX,8.409504890441895,2021,640276.0,35577396523.0,43.21451950073242,90.0722427368164,9.92775821685791,0.9900000095367432,80.48780059814453,1.0298172235488892,1.796383500099182,0.6104593873023987,55565.7193507175,67493.58011347048
Luxembourg,LUX,7.274378776550293,2022,653315.0,36128358732.0,38.82216262817383,88.96524810791016,11.034748077392578,1.0399999618530271,85.95040893554688,1.7540397644042969,1.982307195663452,0.406917005777359,55300.06005066469,59423.34498392633
Malaysia,MYS,122.88138580322266,2000,22967817.0,305803211129.0,612.310791015625,96.52845001220705,3.471553087234497,7.559999942779541,10.81545066833496,0.0,0.0,3.179569959640503,13314.42213811613,26659.511916854135
Malaysia,MYS,130.89004516601562,2001,23526535.0,309934494308.0,626.8919067382812,97.03559112548828,2.964406967163086,6.639999866485596,8.762206077575684,0.0,0.0,2.677722215652466,13173.826673073616,26646.16386298625
Malaysia,MYS,132.0352325439453,2002,24102477.0,329700338274.0,660.2869262695312,97.55807495117188,2.441925287246704,5.809999942779541,7.1843695640563965,0.0,0.0,2.250241756439209,13679.106021924634,27394.982111985057
Malaysia,MYS,153.38433837890625,2003,24679604.0,350966698067.0,715.3270874023438,97.87644958496094,2.1235485076904297,5.510000228881836,6.613852500915527,0.0,0.0,1.941360592842102,14220.92097049045,28984.544784525056
Malaysia,MYS,169.6743927001953,2004,25256773.0,377079435469.0,772.9276733398438,97.8101577758789,2.189842700958252,6.150000095367432,6.402248859405518,0.0,0.0,1.956515908241272,14929.834285203418,30602.78814478175
Malaysia,MYS,169.9783172607422,2005,25836075.0,399781035415.0,836.4248046875,97.8452377319336,2.1547605991363525,6.599999904632568,6.683544158935547,0.0,0.0,1.9331047534942627,15473.752704890352,32374.298522027824
Malaysia,MYS,170.16644287109375,2006,26417909.0,426608936099.0,845.2024536132812,97.75751495361328,2.242482900619507,6.940000057220459,6.673718929290772,0.0,0.0,2.002950668334961,16148.474737307937,31993.54095788888
Malaysia,MYS,175.45445251464844,2007,26998383.0,458125848157.0,901.44970703125,97.9367904663086,2.0632104873657227,6.71999979019165,6.190695285797119,0.0,0.0,1.759565353393555,16968.64023882467,33389.025817999915
Malaysia,MYS,192.84706115722656,2008,27570052.0,485245105845.0,934.6126098632812,97.47303009033205,2.5269665718078613,8.609999656677246,7.563910484313965,0.0,0.0,2.2072978019714355,17600.44216982253,33899.559197903625
Malaysia,MYS,192.12274169921875,2009,28124779.0,483081319364.0,905.2376098632812,97.51216888427734,2.487831354141236,8.279999732971191,7.131168365478516,0.0,0.0,2.000471830368042,17176.35965651499,32186.47904267199
Malaysia,MYS,199.34640502929688,2010,28655772.0,525056610488.0,935.1865844726562,97.79839324951172,2.2016031742095947,7.619999885559082,6.09404993057251,0.0,0.0,1.7735440731048584,18322.89182395784,32635.19072083126
Malaysia,MYS,203.4527740478516,2011,29162034.0,557469657636.0,951.1708374023438,97.29652404785156,2.703472375869751,9.600000381469728,7.554891109466553,0.0,0.0,2.19755220413208,19116.28172561626,32616.752226622593
Malaysia,MYS,212.9936370849609,2012,29662835.0,587985572583.0,1040.6785888671875,97.1233367919922,2.8766632080078125,10.760000228881836,8.025059700012207,0.0017363141523674,0.0,2.294663190841675,19822.298596307468,35083.58485853383
Malaysia,MYS,241.67108154296875,2013,30174269.0,615585637854.0,1089.0438232421875,96.6723861694336,3.3276143074035645,13.039999961853027,9.250194549560549,0.033176202327013,0.0,2.776142120361328,20401.012460450987,36091.80468438813
Malaysia,MYS,245.05337524414065,2014,30696133.0,652563833807.0,1097.6156005859375,96.32109832763672,3.678901672363281,14.3100004196167,9.703668594360352,0.0527337826788425,0.0,3.1101315021514893,21258.828719793466,35757.45520082082
Malaysia,MYS,235.94175720214844,2015,31232796.0,685237676618.0,1114.57470703125,96.15101623535156,3.8489832878112793,14.9399995803833,9.9527006149292,0.0621397458016872,0.0,3.1693546772003174,21939.684062163375,35686.03678746053
Malaysia,MYS,237.2938842773437,2016,31789692.0,715730748101.0,1172.30322265625,95.0392608642578,4.960741996765137,21.09000015258789,13.463134765625,0.0666343867778778,0.0,4.3041510581970215,22514.554343621825,36876.834876420005
Malaysia,MYS,244.45709228515625,2017,32355642.0,757336192678.0,1188.4910888671875,93.6881866455078,6.311814308166504,27.940000534057617,17.392929077148438,0.0696757361292839,0.0,5.66822624206543,23406.61924365463,36732.112713671006
Malaysia,MYS,262.6470642089844,2018,32910963.0,794013962862.0,1210.1297607421875,93.66827392578124,6.331725120544434,28.309999465942383,16.596317291259766,0.1303841024637222,0.0,5.430952072143555,24126.123652534872,36769.80709261493
Malaysia,MYS,277.6728820800781,2019,33440590.0,829053844392.0,1241.2978515625,93.5692367553711,6.430762767791748,28.799999237060547,16.13445281982422,0.2919998466968536,0.0,5.242788314819336,24791.842619762392,37119.49614413203
Malaysia,MYS,262.1588134765625,2020,33889554.0,783174020832.0,1196.8951416015625,92.82516479492188,7.174838542938232,30.59000015258789,17.579450607299805,0.4264349043369293,0.0,5.653835296630859,23109.599519427138,35317.524143326365
Malaysia,MYS,273.3321533203125,2021,34282404.0,807389756202.0,1251.3338623046875,92.35445404052734,7.645544052124023,33.72999954223633,19.251182556152344,0.4227814972400665,0.0,6.148022174835205,23551.141751961153,36500.76179910509
Malaysia,MYS,281.8838195800781,2022,34695494.0,877584198429.0,1355.5087890625,92.16740417480467,7.832596778869629,35.7599983215332,19.473939895629883,0.5078210234642029,0.0,5.95719575881958,25293.89546749212,39068.727168504935
Mexico,MEX,391.4352722167969,2000,98625553.0,1241194674661.0,1696.1773681640625,91.9853057861328,6.664580345153809,39.459999084472656,19.37923622131348,0.0011495931539684,0.0031203238759189,5.431807041168213,12584.919799243104,17198.153182107508
Mexico,MEX,407.4846801757813,2001,100099101.0,1251502726420.0,1680.2728271484375,92.6525421142578,5.909592628479004,34.720001220703125,16.51603126525879,0.0013182329712435,0.0029660239815711,4.685548782348633,12502.637025880982,16786.093085375836
Mexico,MEX,410.3010559082031,2002,101548627.0,1275458026881.0,1721.10205078125,93.3205795288086,5.124882221221924,30.959999084472656,14.351272583007812,0.0012759590754285,0.0033493924420326,3.965296268463135,12560.071608658973,16948.55067593627
Mexico,MEX,435.96868896484375,2003,102978517.0,1306677417369.0,1741.965576171875,93.94501495361328,4.410450458526611,26.82999992370605,11.929746627807615,0.0012527988292276,0.0029753970447927,3.1088523864746094,12688.835064200817,16915.815326529464
Mexico,MEX,438.5884399414063,2004,104394131.0,1373060298988.0,1843.897216796875,93.65750885009766,4.989391803741455,32.470001220703125,13.794129371643066,0.0013245603768154,0.0029434675816446,3.7052950859069824,13152.657968751137,17662.843678414018
Mexico,MEX,463.4355163574219,2005,105811504.0,1427140428046.0,2020.163330078125,93.55553436279295,5.004691123962402,35.880001068115234,14.46949291229248,0.0011992699000984,0.002531792037189,3.692344903945923,13487.573412112166,19092.095412216473
Mexico,MEX,474.5225524902344,2006,107253666.0,1510732401129.0,2049.435302734375,93.40248107910156,5.177594661712647,38.0,14.829268455505373,0.0013067328836768,0.0058802985586225,3.978541135787964,14085.601522739558,19108.300715188376
Mexico,MEX,473.5952453613281,2007,108774356.0,1572479287017.0,2068.57763671875,93.81327056884766,4.845501899719238,35.849998474121094,13.617714881896973,0.0011583678424358,0.0319194719195365,3.518822193145752,14456.341961859098,19017.14441516666
Mexico,MEX,472.9812927246094,2008,110374286.0,1607479004533.0,2153.625244140625,92.7536392211914,6.042779922485352,47.38999938964844,17.598127365112305,0.0023325330112129,0.0313050486147403,4.815319061279297,14563.890402271776,19512.01971209694
Mexico,MEX,460.2901611328125,2009,111999720.0,1543820957956.0,2117.243896484375,94.1380844116211,4.558758735656738,34.900001525878906,13.03406047821045,0.0033506210893392,0.0740056335926055,3.316123008728028,13784.150156411106,18904.010621494188
Mexico,MEX,456.4089660644531,2010,113623898.0,1638271507559.0,2125.45361328125,93.32567596435548,5.952629566192627,46.470001220703125,16.863229751586914,0.0038053344469517,0.1521042585372924,4.565910339355469,14418.370927205824,18706.0438049859
Mexico,MEX,483.3016052246094,2011,115243503.0,1716088331953.0,2221.88671875,93.21926879882812,5.602265357971191,45.93000030517578,15.721376419067385,0.0047889966517686,0.1925318539142608,4.236136436462402,14890.97682107945,19279.930416120726
Mexico,MEX,501.4922790527344,2012,116818208.0,1774999946047.0,2241.890625,93.79669189453124,5.193530559539795,43.060001373291016,14.528155326843262,0.0079450262710452,0.4246916770935058,3.6679537296295166,15194.548661857576,19191.277313550298
Mexico,MEX,495.41156005859375,2013,118343572.0,1803059285337.0,2242.857421875,93.8185577392578,4.834019660949707,40.119998931884766,13.50296115875244,0.0121041005477309,0.4778315424919128,3.192528486251831,15235.802459444101,18952.084882776733
Mexico,MEX,484.0445251464844,2014,119784265.0,1854551091374.0,2230.57373046875,92.46739959716795,6.426185131072998,53.63999938964844,17.683712005615234,0.0252674259245395,0.7347214221954346,4.446583271026611,15482.42660564808,18621.592163785033
Mexico,MEX,479.4337158203125,2015,121072310.0,1916008739051.0,2205.421142578125,92.8071060180664,5.8616557121276855,48.2400016784668,15.543241500854492,0.0232504308223724,1.005587100982666,3.5521702766418457,15825.325700409945,18215.73522945193
Mexico,MEX,478.8277282714844,2016,122251344.0,1961906742138.0,2276.17919921875,93.10025787353516,5.731222152709961,48.97999954223633,15.28952693939209,0.027896661311388,1.147608518600464,3.3208484649658203,16048.140478013886,18618.848061242992
Mexico,MEX,464.4066162109375,2017,123400052.0,2007719438156.0,2329.706298828125,93.05998229980467,5.7701096534729,50.77999877929688,15.430429458618164,0.1275498569011688,1.1416305303573608,3.319370746612549,16270.004798344817,18879.29754541858
Mexico,MEX,468.4205932617188,2018,124573713.0,2051539127317.0,2284.33837890625,92.17794036865234,6.342581748962402,55.2400016784668,15.81493854522705,0.3505496680736542,1.3572747707366943,3.518265724182129,16468.475394299276,18337.24245584821
Mexico,MEX,468.23583984375,2019,125762978.0,2047701179708.0,2260.1669921875,92.13042449951172,6.641045570373535,57.5,16.68746566772461,1.0939795970916748,1.836442232131958,2.591303586959839,16282.225598283781,17971.640208674926
Mexico,MEX,428.9368286132813,2020,126799053.0,1880176557054.0,2070.561767578125,89.99392700195312,8.668187141418457,69.37000274658203,21.29677963256836,1.895359754562378,2.358232021331787,3.209718704223633,14828.001570753057,16329.473435248172
Mexico,MEX,446.8375549316406,2021,127648151.0,1973141022977.0,2198.545166015625,89.12051391601562,9.537885665893556,82.08999633789062,24.982500076293945,2.2723612785339355,2.371375799179077,3.906426429748535,15457.654556837255,17223.47835665575
Mexico,MEX,453.7991027832031,2022,128613116.0,2033437602787.0,2296.86279296875,89.59188842773438,9.242801666259766,83.12999725341797,24.439218521118164,2.184852361679077,2.204906225204468,3.819225788116455,15810.499473374084,17858.697964900795
Morocco,MAR,33.19903564453125,2000,28423439.0,136639290851.0,117.46337890625,98.14851379394533,1.851485133171081,0.7699999809265137,5.620438098907471,0.0,0.1515281945466995,1.6999568939208984,4807.275110200423,4132.623744306591
Morocco,MAR,36.808929443359375,2001,28814646.0,146692867628.0,126.90544891357422,97.67156219482422,2.328437328338623,1.0700000524520874,6.858974456787109,0.0,0.4486399888992309,1.879797339439392,5090.913406605793,4404.199479444384
Morocco,MAR,37.30951690673828,2002,29198146.0,151385794465.0,130.09197998046875,97.81507110595705,2.1849255561828613,1.0299999713897705,6.821191787719727,0.0002130302600562,0.4089350402355194,1.7757775783538818,5184.774213575068,4455.487686802742
Morocco,MAR,36.570125579833984,2003,29571415.0,160559931983.0,130.45016479492188,96.55718231201172,3.442817211151123,1.6399999856948853,10.03671932220459,0.0002114536182489,0.4245396554470062,3.018065929412842,5429.565409129053,4411.360254317282
Morocco,MAR,42.22555541992188,2004,29953021.0,168466885680.0,148.56301879882812,96.7274398803711,3.2725636959075928,1.7899999618530271,10.246136665344238,0.0001846404629759,0.3635773956775665,2.908801794052124,5624.370432618466,4959.86761398218
Morocco,MAR,44.660770416259766,2005,30358145.0,174390745088.0,161.3339080810547,98.04620361328124,1.953792929649353,1.6399999856948853,8.515056610107422,0.0001685190654825,0.3441782593727112,1.6094461679458618,5744.446674459194,5314.35330060696
Morocco,MAR,46.24941635131836,2006,30771179.0,188101125607.0,164.6647491455078,98.1046905517578,1.895309567451477,1.7799999713897705,8.95822811126709,0.0001642179267946,0.2978387475013733,1.5973066091537476,6112.89952871159,5351.265518474538
Morocco,MAR,48.912715911865234,2007,31186468.0,195286744421.0,163.2283477783203,98.0733871459961,1.9266161918640137,1.6100000143051147,8.176739692687988,0.0001647819881327,0.4549812078475952,1.4714702367782593,6261.906427524912,5233.9478705418105
Morocco,MAR,51.37232208251953,2008,31606769.0,207385199268.0,180.13079833984375,98.21955108642578,1.7804509401321411,1.6699999570846558,8.206387519836426,0.0001481289800722,0.4373034238815307,1.3429994583129885,6561.417247931922,5699.120917416259
Morocco,MAR,50.85973358154297,2009,32030779.0,216763299753.0,175.78968811035156,95.56871032714844,4.431293487548828,3.3399999141693115,15.95795440673828,0.0001512435410404,0.585598349571228,3.84554386138916,6767.343989760599,5488.149011622589
Morocco,MAR,54.36520004272461,2010,32467009.0,225643836837.0,194.95639038085932,94.46760559082033,5.5323920249938965,4.289999961853027,18.77461624145508,0.0001354174746666,0.8832090497016907,4.649047374725342,6949.942227108139,6004.753637172408
Morocco,MAR,54.867637634277344,2011,32912585.0,238103276789.0,204.7474670410156,96.57902526855467,3.4209775924682617,2.8299999237060547,11.61740493774414,0.0001280917786061,0.8777847290039062,2.543064594268799,7234.414336917018,6220.947611408086
Morocco,MAR,56.95354080200195,2012,33355246.0,245270189355.0,208.4218139648437,97.07731628417967,2.922682523727417,2.549999952316284,9.619011878967283,0.000125478953123,0.9019166827201844,2.0206403732299805,7353.271786842765,6248.546749283267
Morocco,MAR,56.60641860961914,2013,33787573.0,256393198875.0,213.9791717529297,95.20402526855467,4.795974254608154,4.349999904632568,16.146991729736328,0.0001211104317917,1.4566569328308103,3.33919644355774,7588.387567079766,6333.073161334485
Morocco,MAR,57.1749153137207,2014,34204784.0,263251716082.0,217.02508544921875,95.81321716308594,4.186784744262695,3.9600000381469727,14.102563858032228,0.0001187508678412,2.261683702468872,1.9249823093414309,7696.342011164286,6344.875191997083
Morocco,MAR,58.49884033203125,2015,34607590.0,274689990243.0,220.8587951660156,94.92848205566406,5.071516990661621,4.809999942779541,16.08157730102539,0.0065548736602067,2.89725399017334,2.167708396911621,7937.275905169935,6381.802233730104
Morocco,MAR,58.45747756958008,2016,35023459.0,276121131010.0,223.32423400878903,94.74215698242188,5.25784158706665,5.090000152587891,16.488500595092773,0.4532719552516937,3.3869519233703613,1.417617917060852,7883.890937499919,6376.418560165317
Morocco,MAR,61.103763580322266,2017,35446395.0,290087315215.0,233.8007202148437,95.0280532836914,4.971946716308594,5.059999942779541,15.842204093933104,0.4454991817474365,3.255587577819824,1.270860195159912,8183.831253220532,6595.8955830301975
Morocco,MAR,62.3149299621582,2018,35839760.0,298981397583.0,241.81399536132807,93.30108642578124,6.698910713195801,6.849999904632568,19.820600509643555,0.9815961718559264,3.967834949493408,1.7494797706604004,8342.17075066909,6747.087462676314
Morocco,MAR,68.74348449707031,2019,36210907.0,307624970074.0,263.8409729003906,92.89038848876952,7.10960865020752,7.989999771118164,19.78702163696289,1.490511775016785,4.428938865661621,1.190158128738403,8495.367709900223,7286.229336934052
Morocco,MAR,64.54182434082031,2020,36584208.0,285515953096.0,242.40440368652344,92.8584976196289,7.141504764556885,7.440000057220459,19.17525863647461,1.5551420450210571,4.698568820953369,0.8877938985824585,7804.349710016956,6625.930064866334
Morocco,MAR,70.27531433105469,2021,36954443.0,308157391278.0,268.8798522949219,92.87354278564452,7.12645435333252,8.180000305175781,19.806297302246094,1.6747980117797852,4.698720455169678,0.7529361844062805,8338.845515219915,7275.981734995217
Morocco,MAR,69.77945709228516,2022,37329068.0,311654947615.0,266.76385498046875,93.38439178466795,6.615607261657715,7.53000020980835,18.18401336669922,1.3388235569000244,4.952920913696289,0.3238630592823028,8348.854239141465,7146.276863394199
Netherlands,NLD,172.1538848876953,2000,16058757.0,603803040978.0,1006.8194580078124,98.02264404296876,0.8954774737358093,2.970000028610229,3.372700452804565,0.0021283123642206,0.2288418859243393,0.0393069721758365,37599.61253402116,62695.976905797404
Netherlands,NLD,177.46421813964844,2001,16182705.0,620170874924.0,1045.5572509765625,97.9921646118164,0.9577013850212096,3.309999942779541,3.5923593044281006,0.003452357603237,0.2180853635072708,0.0310141183435916,38323.0661946813,64609.54772249525
Netherlands,NLD,176.7382354736328,2002,16288060.0,624424625610.0,1046.0611572265625,97.82440185546876,1.149994730949402,3.9800000190734863,4.205410003662109,0.0044656018726527,0.2479142844676971,0.0287318509072065,38336.34119778537,64222.57513949252
Netherlands,NLD,180.1686553955078,2003,16366914.0,629811489833.0,1053.076171875,97.83541870117188,1.1242951154708862,3.9600000381469727,4.147899627685547,0.0079588033258914,0.3412395119667053,0.0186472609639167,38480.77223556011,64341.767291928096
Netherlands,NLD,182.0904083251953,2004,16425562.0,646331449347.0,1088.7442626953125,97.59579467773438,1.452175855636597,5.300000190734863,5.3095574378967285,0.0082548717036843,0.4650526642799377,0.0238459687680006,39349.122382966256,66283.53189347875
Netherlands,NLD,178.1297607421875,2005,16465707.0,664118269501.0,1112.2420654296875,97.01956939697266,2.013442039489746,7.460000038146973,7.571298122406006,0.0082727996632456,0.5000110864639282,0.0212873611599206,40333.41960360402,67549.00141425373
Netherlands,NLD,173.27935791015625,2006,16493851.0,691453801614.0,1089.5758056640625,96.90788269042967,2.2399110794067383,8.0600004196167,8.264971733093262,0.0086519010365009,0.6715582609176636,0.0258402563631534,41921.91390682504,66059.51549241366
Netherlands,NLD,173.02818298339844,2007,16531360.0,721200009128.0,1107.5240478515625,96.64935302734376,2.340998649597168,7.590000152587891,7.320601940155029,0.0085842823609709,0.8261699080467224,0.0257201567292213,43626.17528914742,66995.33782166516
Netherlands,NLD,175.90365600585938,2008,16597259.0,737705013303.0,1094.3887939453125,96.1771469116211,2.81652307510376,9.529999732971191,8.972789764404297,0.009387438185513,1.0279215574264526,0.0241390578448772,44447.40021849391,65937.92348154068
Netherlands,NLD,170.43341064453125,2009,16684148.0,713986817901.0,1079.291015625,95.64240264892578,3.323091506958008,10.829999923706056,9.639519691467283,0.0108225364238023,1.116085171699524,0.0236744843423366,42794.3229645889,64689.60930009731
Netherlands,NLD,182.478744506836,2010,16771232.0,728193221597.0,1170.6507568359375,96.07727813720705,3.0386908054351807,11.1899995803833,9.475021362304688,0.0132396752014756,0.8893541097640991,0.0232006125152111,43419.18480389514,69801.11877505109
Netherlands,NLD,169.3461151123047,2011,16851061.0,744614396708.0,1115.0919189453125,95.49098205566406,3.5456225872039795,12.31999969482422,10.9375,0.0233461018651723,1.1866092681884766,0.0132616590708494,44187.98298267391,66173.39519127682
Netherlands,NLD,165.7518768310547,2012,16915191.0,736942199791.0,1095.699462890625,95.4076156616211,3.670233726501465,12.470000267028809,12.193214416503906,0.0597739964723587,1.1735185384750366,0.0245896130800247,43566.886107936945,64776.06211426315
Netherlands,NLD,164.9253692626953,2013,16967066.0,735982982299.0,1062.885009765625,95.69302368164062,3.610311508178711,12.100000381469728,12.032617568969728,0.1243265643715858,1.3560844659805298,0.0275480095297098,43377.15090511229,62644.00750050863
Netherlands,NLD,157.50282287597656,2014,17030085.0,746458868661.0,1016.3306884765624,95.3227310180664,3.6512746810913086,11.649999618530272,11.410381317138672,0.1967985928058624,1.4538257122039795,0.0280679762363433,43831.77586377285,59678.54467412009
Netherlands,NLD,163.95809936523438,2015,17107429.0,761083250759.0,1026.468017578125,94.96109771728516,4.03118896484375,13.6899995803833,12.560785293579102,0.2739239931106567,1.8656290769577024,0.0229068957269191,44488.46467572655,60001.30221660572
Netherlands,NLD,164.81175231933594,2016,17204693.0,777764090323.0,1044.0428466796875,94.9062271118164,4.1387152671813965,14.779999732971191,12.969462394714355,0.3862917125225067,1.970383286476136,0.0241350326687097,45206.50791751995,60683.60805273814
Netherlands,NLD,162.29574584960938,2017,17315376.0,800404023156.0,1052.10205078125,94.3948745727539,4.79465913772583,17.43000030517578,15.020682334899902,0.5250744819641113,2.517484903335572,0.0144722964614629,46225.04432800073,60761.14378233831
Netherlands,NLD,158.26425170898438,2018,17421285.0,819300805024.0,1026.1390380859375,93.64051818847656,5.5051445960998535,18.8799991607666,16.693191528320312,0.9012590050697328,2.5640435218811035,0.0175857450813055,47028.724059333166,58901.45520757725
Netherlands,NLD,152.7270965576172,2019,17537505.0,835323029559.0,1021.5366821289062,92.3409652709961,6.708576679229736,22.799999237060547,18.99208641052246,1.3125920295715332,2.797569513320923,0.0180335957556962,47630.665226267934,58248.689430389684
Netherlands,NLD,136.97413635253906,2020,17636732.0,802861622095.0,989.3432006835938,89.24028778076172,9.734892845153809,32.72999954223633,26.836668014526367,2.147991418838501,3.830556154251098,0.0115500437095761,45522.130862735794,56095.6077737981
Netherlands,NLD,139.88568115234375,2021,17730565.0,841906706612.0,1015.0262451171876,87.583251953125,11.4828519821167,40.43999862670898,33.45189666748047,2.7577672004699707,4.40262508392334,0.0215276107192039,47483.3546822676,57247.25890670645
Netherlands,NLD,127.50314331054688,2022,17904421.0,879609110665.0,954.0977783203124,84.50537109375,14.41684627532959,48.09999847412109,40.09669876098633,4.3193206787109375,5.592329978942871,0.0129651157185435,49128.039977668086,53288.390522112524
New Zealand,NZL,32.221126556396484,2000,3857576.0,104942102861.0,229.5572204589844,64.6361312866211,35.363868713378906,27.920000076293945,71.75533294677734,0.0,0.1477913707494735,30.041889190673828,27204.156926785112,59508.15238869809
New Zealand,NZL,34.35628128051758,2001,3891763.0,107226686179.0,227.4829864501953,68.23326873779297,31.76673126220703,25.0,63.64562225341797,0.0,0.1710440069437027,26.681697845458984,27552.213785628777,58452.42540468043
New Zealand,NZL,34.51920700073242,2002,3951116.0,112775904669.0,235.2923583984375,65.86056518554688,34.139434814453125,28.0,69.6344223022461,0.0,0.1838688254356384,29.4139461517334,28542.797697916234,59550.86066783094
New Zealand,NZL,36.21956253051758,2003,4022585.0,118221542739.0,228.0709381103516,66.63446807861328,33.36553192138672,26.68000030517578,66.08868408203125,0.0,0.1776211261749267,28.63300514221192,29389.44552793788,56697.60567156482
New Zealand,NZL,35.80575942993164,2004,4083912.0,123732222489.0,234.6801300048828,63.00971984863281,36.99028015136719,30.600000381469727,72.39176940917969,0.0,0.4243330657482147,31.97150230407715,30297.475187761145,57464.541352723274
New Zealand,NZL,37.401248931884766,2005,4135002.0,127087212440.0,228.7587738037109,66.2126693725586,33.787330627441406,27.36000061035156,64.40678405761719,0.0,0.7317507863044739,27.783769607543945,30734.498421040666,55322.530389032676
New Zealand,NZL,37.30442810058594,2006,4181943.0,130823651084.0,230.2644500732422,65.95291900634766,34.047080993652344,27.8799991607666,64.77694702148438,0.0,0.7316645979881287,27.71974372863769,31282.98283453409,55061.59459209324
New Zealand,NZL,36.382659912109375,2007,4223270.0,136252900902.0,229.44967651367188,65.29875946044922,34.70124053955078,28.40999984741211,65.49100494384766,0.0039952620863914,1.0907891988754272,27.73132705688477,32262.417724180552,54329.86205326012
New Zealand,NZL,37.485450744628906,2008,4261819.0,135932629621.0,230.10494995117188,66.16442108154297,33.83557891845703,27.8700008392334,64.23139190673828,0.0040019839070737,1.2258106470108032,25.880678176879883,31895.448779265378,53992.19205488827
New Zealand,NZL,34.59421920776367,2009,4304304.0,136500728040.0,229.52297973632807,62.63827133178711,37.36172866821289,30.790000915527344,71.6880111694336,0.0041451924480497,1.7048603296279907,27.96372985839844,31712.6132447894,53324.063480722565
New Zealand,NZL,34.78691864013672,2010,4347766.0,139478805582.0,235.1334686279297,61.68864440917969,38.31135559082031,32.400001525878906,73.1211929321289,0.0042741866782307,1.8277521133422847,27.604808807373047,32080.568637318567,54081.44518999635
New Zealand,NZL,34.24114227294922,2011,4382699.0,142521900112.0,236.08824157714844,60.81321334838867,39.18678665161133,33.33000183105469,75.9917984008789,0.0045601893216371,2.162726640701294,27.747283935546875,32519.207938304684,53868.23087260805
New Zealand,NZL,35.91824722290039,2012,4411682.0,146280651356.0,237.8507080078125,63.30379486083984,36.69620513916016,31.3799991607666,71.72571563720703,0.0052482020109891,2.262524127960205,24.91551780700684,33157.569234591254,53913.83785318446
New Zealand,NZL,35.21921157836914,2013,4453857.0,149512485774.0,239.5727386474609,63.231143951416016,36.768856048583984,31.68000030517578,74.1920394897461,0.0071785990148782,2.1656649112701416,24.66689109802246,33569.21557517451,53789.94849800092
New Zealand,NZL,35.39933776855469,2014,4522976.0,154422989929.0,250.6748809814453,62.54772567749024,37.452274322509766,33.95000076293945,79.10065460205078,0.0191148035228252,2.248219966888428,24.728269577026367,34141.89903483901,55422.55386308601
New Zealand,NZL,35.80509567260742,2015,4614035.0,160782215776.0,252.21728515625,61.85688400268555,38.14311599731445,34.88999938964844,80.07803344726562,0.0369673483073711,2.372889757156372,24.620838165283203,34846.33640100259,54663.06284114663
New Zealand,NZL,34.13495635986328,2016,4714768.0,167418113760.0,255.68443298339844,61.18292236328125,38.81707763671875,36.38999938964844,84.3337173461914,0.0558035187423229,2.3018832206726074,25.50424194335937,35509.300512771784,54230.543895987765
New Zealand,NZL,35.66126251220703,2017,4812749.0,174187918857.0,259.83465576171875,62.91455078125,37.08544921875,35.459999084472656,81.218505859375,0.0741156935691833,2.0102458000183105,24.2029972076416,36193.01959379141,53988.823385910786
New Zealand,NZL,35.68679428100586,2018,4900840.0,181445758308.0,258.44549560546875,61.90248107910156,38.09751892089844,36.470001220703125,83.39813232421875,0.096805565059185,1.9887254238128664,25.2485580444336,37023.39972494511,52734.93841983593
New Zealand,NZL,36.71061325073242,2019,4989410.0,187274507980.0,263.5646667480469,63.10026550292969,36.89973449707031,36.060001373291016,82.42285919189453,0.1199663132429122,2.115697860717773,24.010196685791016,37534.39945404366,52824.81631055513
New Zealand,NZL,34.10895919799805,2020,5069895.0,184971347287.0,239.30291748046875,60.724708557128906,39.27529144287109,35.08000183105469,80.9227294921875,0.1657312661409378,2.3753137588500977,24.961811065673828,36484.25604218628,47200.76401591527
New Zealand,NZL,34.59651565551758,2021,5107694.0,196312458906.0,235.8500518798828,59.68354415893555,40.31645584106445,35.59000015258789,81.72216033935547,0.2189332693815231,2.75066876411438,25.20903968811035,38434.655424933444,46175.446665341115
New Zealand,NZL,31.965866088867188,2022,5131731.0,200602760076.0,232.7096405029297,56.7050666809082,43.2949333190918,37.59999847412109,86.93640899658203,0.3004982769489288,3.015240430831909,27.64778709411621,39090.66162587244,45347.201656308505
North Macedonia,MKD,8.467602729797363,2000,2057254.0,16307994486.0,30.847715377807617,89.39227294921875,10.607728004455566,1.1699999570846558,17.18061637878418,0.0,0.0,10.607728004455566,7927.069037658937,14994.607072246605
North Macedonia,MKD,8.291523933410645,2001,2066300.0,15872667390.0,29.024566650390625,94.0193862915039,5.980612754821777,0.6299999952316284,9.89011001586914,0.0,0.0,5.980612754821777,7681.685810385714,14046.637298742015
North Macedonia,MKD,7.837296009063721,2002,2074482.0,16017432272.0,28.36149406433105,92.65223693847656,7.347762107849121,0.7599999904632568,12.479474067687988,0.0,0.0,7.347762107849121,7721.171970641346,13671.602869695207
North Macedonia,MKD,8.53332805633545,2003,2081417.0,16466000239.0,31.97560691833496,88.20260620117188,11.797395706176758,1.3700000047683716,20.35661125183105,0.0,0.0,11.797395706176758,7910.956929341886,15362.42229132123
North Macedonia,MKD,8.229344367980957,2004,2086581.0,17324217189.0,31.57707595825196,87.17781066894531,12.82219123840332,1.4800000190734863,22.22222328186035,0.0,0.0,12.82219123840332,8302.681366790937,15133.40529711138
North Macedonia,MKD,8.595744132995605,2005,2089809.0,18219129334.0,32.58406448364258,87.59149169921875,12.408507347106934,1.4900000095367432,21.46973991394043,0.0,0.0,12.408507347106934,8718.083487055515,15591.886379876141
North Macedonia,MKD,8.650704383850098,2006,2089232.0,19227779553.0,33.184112548828125,86.59077453613281,13.40922737121582,1.649999976158142,23.53780174255371,0.0,0.0,13.40922737121582,9203.27639678121,15883.402393237384
North Macedonia,MKD,9.01329517364502,2007,2081972.0,20547244002.0,32.87805938720703,91.78750610351562,8.212494850158691,1.0099999904632568,15.538461685180664,0.0,0.0,8.212494850158691,9869.126002655175,15791.787491477806
North Macedonia,MKD,8.936495780944824,2008,2070837.0,21752220835.0,31.796241760253903,92.95133209228516,7.048670291900635,0.8399999737739563,13.31220245361328,0.0,0.0,7.002236843109131,10504.071945305208,15354.294790103664
North Macedonia,MKD,8.247512817382812,2009,2060601.0,21758909955.0,31.13931655883789,89.15052795410156,10.849470138549805,1.2699999809265137,18.621700286865234,0.0,0.0,10.778450012207031,10559.496940455721,15111.764266268865
North Macedonia,MKD,8.18184757232666,2010,2051510.0,22583127369.0,33.89861297607422,81.07669067382812,18.923309326171875,2.430000066757202,33.471073150634766,0.0002022236585617,0.0,18.90791130065918,11008.051322684267,16523.737625492548
North Macedonia,MKD,8.822912216186523,2011,2040445.0,23201482935.0,33.79075241088867,88.91551971435547,11.084478378295898,1.4299999475479126,21.153844833374023,0.0090577490627765,0.0,11.065434455871582,11370.795554401124,16560.48186101006
North Macedonia,MKD,8.456512451171875,2012,2027288.0,23095684802.0,31.354475021362305,91.364013671875,8.635990142822266,1.0399999618530271,16.61341667175293,0.0234402120113372,0.0,8.604111671447754,11392.404434890355,15466.216453391084
North Macedonia,MKD,7.452442169189453,2013,2013280.0,23771197646.0,30.120229721069336,86.31716918945312,13.682828903198242,1.590000033378601,26.108373641967773,0.0775415822863578,0.0,13.570136070251465,11807.199021497257,14960.775312459935
North Macedonia,MKD,7.166783809661865,2014,1997842.0,24633991465.0,27.962751388549805,88.14314270019531,11.856857299804688,1.2899999618530271,23.97769355773925,0.1318745166063308,0.6476632356643677,11.06428337097168,12330.300126336317,13996.477893922445
North Macedonia,MKD,6.719776153564453,2015,1980366.0,25583815729.0,29.47651672363281,82.3271484375,17.672855377197266,2.0299999713897705,35.929203033447266,0.1962709724903106,1.0488077402114868,16.19837188720703,12918.731047190267,14884.378303623072
North Macedonia,MKD,6.606192111968994,2016,1961268.0,26312536822.0,30.592130661010746,82.75933074951172,17.240671157836914,2.069999933242798,36.76731491088867,0.1968147009611129,0.9091925024986268,15.75634479522705,13416.084299544988,15598.138888214537
North Macedonia,MKD,7.090023040771484,2017,1940877.0,26597107306.0,29.4331169128418,88.79937744140625,11.200620651245115,1.2899999618530271,23.03571319580078,0.2031463533639907,0.9449543356895448,9.496405601501465,13703.654227444604,15164.854296713187
North Macedonia,MKD,6.653823852539063,2018,1919730.0,27363281668.0,30.42636108398437,83.64920806884766,16.350788116455078,1.9600000381469729,34.9376106262207,0.1881999373435974,0.803888201713562,14.794424057006836,14253.713630562632,15849.291871244586
North Macedonia,MKD,7.624612808227539,2019,1897643.0,28433274864.0,31.05750274658203,89.09730529785156,10.902691841125488,1.340000033378601,22.827939987182617,0.1863692253828048,0.8169277310371399,9.33773708343506,14983.468894834275,16366.356973667876
North Macedonia,MKD,6.979919910430908,2020,1872021.0,27100243788.0,27.70799446105957,86.60375213623047,13.396245956420898,1.4800000190734863,27.7153549194336,0.2170898467302322,1.0501878261566162,11.474867820739746,14476.463558902384,14801.11305431914
North Macedonia,MKD,6.518256187438965,2021,1851109.0,28165634846.0,28.997852325439453,85.6518783569336,14.34812355041504,1.649999976158142,29.83724975585937,0.436955839395523,0.8853707313537598,12.437335968017578,15215.54638111532,15665.124163644308
North Macedonia,MKD,7.352170944213867,2022,1840236.0,28770256385.0,30.73417282104492,86.94705963134766,13.052943229675291,1.6100000143051147,27.10437774658203,0.8127964735031128,0.8673222661018372,10.83842658996582,15634.003673985293,16701.212681984765
Norway,NOR,42.13100051879883,2000,4490864.0,242751277829.0,583.1774291992188,29.206993103027344,70.79300689697266,142.11000061035156,99.71231842041016,0.0026396291796118,0.0154393399134278,70.6314926147461,54054.470994668285,129858.62613501961
Norway,NOR,43.51900100708008,2001,4513650.0,255455331302.0,519.15966796875,33.00236129760742,66.99763488769531,120.73999786376952,99.5219268798828,0.0029398610349744,0.0149766504764556,66.81970977783203,56596.17633223666,115019.9213427603
Norway,NOR,42.57099914550781,2002,4538016.0,267081351259.0,543.4374389648438,31.676008224487305,68.32398986816406,129.6999969482422,99.58537292480467,0.0027911534998565,0.0394974574446678,68.13153076171875,58854.21101622383,119752.20866670451
Norway,NOR,43.91899871826172,2003,4564666.0,277856282106.0,479.9303894042969,37.34956741333008,62.65043258666992,106.02999877929688,99.40001678466795,0.0036616036668419,0.1287467032670974,62.29450607299805,60871.10910327284,105140.30805414829
Norway,NOR,44.25699996948242,2004,4591739.0,297743119876.0,486.4991149902344,36.58706665039063,63.412933349609375,109.38999938964844,99.35513305664062,0.0035920403897762,0.1459990441799163,63.02350234985352,64843.215147028175,105950.95126056476
Norway,NOR,43.27899932861328,2005,4623120.0,314940774381.0,558.4365234375,31.315473556518555,68.68452453613281,136.52000427246094,99.46812438964844,0.0031179024372249,0.2509408593177795,68.23579406738281,68122.99364520064,120792.13246411514
Norway,NOR,43.85900115966797,2006,4660487.0,332457531096.0,511.1966552734375,34.338138580322266,65.661865234375,120.4000015258789,99.32354736328124,0.0038697316776961,0.3466407358646393,65.06000518798828,71335.36282710369,109687.39002456986
Norway,NOR,45.60499954223633,2007,4709017.0,352692911227.0,552.7203979492188,32.20227813720703,67.79772186279297,134.94000244140625,99.1404037475586,0.0035622683353722,0.4475413262844085,67.05895233154297,74897.35357230606,117374.89967634832
Norway,NOR,44.69200134277344,2008,4768097.0,364943654963.0,559.906982421875,30.68267059326172,69.31732940673828,140.35000610351562,99.40505981445312,0.0036436105147004,0.4495427310466766,68.46245574951172,76538.63899224365,117427.76676352746
Norway,NOR,43.09799957275391,2009,4828625.0,370113292846.0,513.9429321289062,32.37248611450195,67.62751770019531,126.4800033569336,96.57173919677734,0.0041018021292984,0.5204494595527649,66.73844909667969,76649.83154541925,106436.7044715434
Norway,NOR,45.65900039672852,2010,4889160.0,383760934305.0,497.9322204589844,35.37052536010742,64.62947845458984,117.95999908447266,95.79340362548828,0.0044152624905109,0.4791377186775207,63.63373947143555,78492.2019948212,101844.12464697093
Norway,NOR,44.775001525878906,2011,4952969.0,399420041611.0,504.03802490234375,34.376068115234375,65.62393188476562,121.91000366210938,96.80775451660156,0.0045535592362284,0.6873195767402649,64.43499755859375,80642.54825963982,101764.82528001766
Norway,NOR,44.257999420166016,2012,5018453.0,410276121127.0,560.9417724609375,30.79771041870117,69.20228576660156,143.58999633789062,98.22821044921876,0.0042688837274909,0.742497980594635,67.97789764404297,81753.50474080359,111775.83459702373
Norway,NOR,44.53900146484375,2013,5080126.0,414445317738.0,523.2360229492188,33.12656784057617,66.8734359741211,130.4199981689453,97.95703887939452,0.004998980090022,0.9594981074333192,65.36318969726562,81581.70048105106,102996.66247435965
Norway,NOR,44.97499847412109,2014,5137397.0,422933730082.0,541.9393310546875,32.08573532104492,67.91426086425781,137.94000244140625,97.91311645507812,0.0056843240745365,1.0863919258117676,66.38212585449219,82324.5176656583,105489.08932961333
Norway,NOR,45.52299880981445,2015,5189777.0,430788988142.0,549.2698364257812,32.324344635009766,67.6756591796875,140.07000732421875,97.95105743408205,0.0064409347251057,1.2088770866394043,65.99652099609375,83007.22519329829,105836.88594438283
Norway,NOR,44.70800018310547,2016,5235974.0,435806553454.0,557.6338500976562,30.95377922058105,69.04621887207031,145.14999389648438,98.054443359375,0.0112029695883393,0.9960286617279052,67.22111511230469,83233.13932689505,106500.50021212027
Norway,NOR,44.196998596191406,2017,5276807.0,446543702505.0,560.1580200195312,31.10565948486328,68.89434051513672,145.47999572753906,98.11829376220705,0.0186138153076171,1.3293919563293457,66.31401824951172,84623.84591761646,106154.72955890394
Norway,NOR,44.47200012207031,2018,5311751.0,450245217440.0,551.6292114257812,31.86840438842773,68.131591796875,143.0500030517578,98.01973724365234,0.0286255776882171,1.8230726718902588,65.34807586669922,84763.99165548234,103850.72858757521
Norway,NOR,42.86600112915039,2019,5347733.0,455304831150.0,515.9449462890625,33.25859451293945,66.74140167236328,131.07000732421875,97.93768310546876,0.0525273606181144,2.763413429260254,62.665489196777344,85139.78374574796,96479.1896471014
Norway,NOR,41.275001525878906,2020,5379275.0,449485260525.0,556.3814697265625,29.037094116210938,70.96290588378906,152.02999877929688,98.5160675048828,0.0619701370596885,4.59439754486084,65.32740783691406,83558.70642884032,103430.56819488919
Norway,NOR,41.05799865722656,2021,5408082.0,467007972731.0,569.2003173828125,28.69457626342773,71.30542755126953,156.05999755859375,99.31903076171876,0.0492114163935184,5.3165364265441895,65.033935546875,86353.71518608631,105249.94210198967
Norway,NOR,40.83300018310547,2022,5456796.0,482328451592.0,533.5675048828125,30.351593017578125,69.64840698242188,143.4499969482422,98.64530181884766,0.0829475298523902,7.106320858001709,61.53422927856445,88390.41290750103,97780.36504989603
Oman,OMN,23.984355926513672,2000,2282139.0,58124187550.0,110.95964813232422,100.0,0.0,0.0,0.0,0.0,0.0,0.0,25469.170611430767,48620.89825918764
Oman,OMN,22.51173973083496,2001,2310223.0,64949142360.0,123.19215393066406,100.0,0.0,0.0,0.0,0.0,0.0,0.0,28113.79782817503,53324.78896221882
Oman,OMN,26.978979110717773,2002,2337144.0,68131998222.0,131.16111755371094,100.0,0.0,0.0,0.0,0.0,0.0,0.0,29151.818724905268,56120.25512921366
Oman,OMN,34.56336212158203,2003,2363801.0,69978417960.0,136.1285858154297,100.0,0.0,0.0,0.0,0.0,0.0,0.0,29604.19170649306,57588.85194457135
Oman,OMN,29.247371673583984,2004,2404822.0,74745449481.0,141.45143127441406,100.0,0.0,0.0,0.0,0.0,0.0,0.0,31081.48939131462,58819.91734706937
Oman,OMN,31.83534049987793,2005,2459808.0,80936605625.0,156.1228790283203,100.0,0.0,0.0,0.0,0.0,0.0,0.0,32903.6272851377,63469.53869095487
Oman,OMN,40.44971466064453,2006,2514794.0,90553430362.0,170.5869598388672,100.0,0.0,0.0,0.0,0.0,0.0,0.0,36008.2894909086,67833.3731664968
Oman,OMN,45.30841064453125,2007,2570175.0,100681198254.0,172.05459594726562,100.0,0.0,0.0,0.0,0.0,0.0,0.0,39172.896107852575,66942.75523933803
Oman,OMN,47.43562316894531,2008,2626536.0,115217924982.0,201.0054626464844,100.0,0.0,0.0,0.0,0.0,0.0,0.0,43866.874462029074,76528.72934027342
Oman,OMN,44.50390625,2009,2684665.0,127016653137.0,199.4219970703125,100.0,0.0,0.0,0.0,0.0,0.0,0.0,47311.9190427856,74281.8925528185
Oman,OMN,51.42915344238281,2010,2757450.0,135198273857.0,237.0828399658203,100.0,0.0,0.0,0.0,0.0,0.0,0.0,49030.18145641807,85979.01683287832
Oman,OMN,57.30513000488281,2011,3076762.0,132756531310.0,259.8641357421875,100.0,0.0,0.0,0.0,0.0,0.0,0.0,43148.131480433,84460.26561111568
Oman,OMN,63.10491180419922,2012,3547104.0,144522749866.0,283.4504699707031,100.0,0.0,0.0,0.0,0.0,0.0,0.0,40743.87158256426,79910.39168028429
Oman,OMN,65.58698272705078,2013,3833915.0,152076951430.0,317.619873046875,99.99903106689452,0.0009662669617682,0.0,0.0,0.0009662669617682,0.0,0.0,39666.229279991865,82844.78739014168
Oman,OMN,66.1900405883789,2014,4002444.0,154041791696.0,315.9684753417969,99.99903106689452,0.000966373947449,0.0,0.0,0.000966373947449,0.0,0.0,38486.93240829853,78943.88412225053
Oman,OMN,67.88322448730469,2015,4184898.0,161770059399.0,337.4244384765625,99.99722290039062,0.002776060020551,0.0,0.0,0.002776060020551,0.0,0.0,38655.6755741717,80629.07112110319
Oman,OMN,66.23981475830078,2016,4390880.0,169932976616.0,338.6443176269531,99.99688720703124,0.0031132174190133,0.0,0.0,0.0031132174190133,0.0,0.0,38701.34838938891,77124.47564655675
Oman,OMN,66.34371948242188,2017,4537397.0,170449577065.0,351.9158020019531,99.98894500732422,0.0110538592562079,0.0199999995529651,0.0553250312805175,0.0110538592562079,0.0,0.0,37565.49780964725,77558.96211020397
Oman,OMN,70.67793273925781,2018,4597878.0,172643265345.0,376.00726318359375,99.98960876464844,0.0103947026655077,0.050000000745058,0.1324152648448944,0.0103947026655077,0.0,0.0,37548.46591079624,81778.43413496263
Oman,OMN,72.03490447998047,2019,4591248.0,170692383655.0,373.4090270996094,99.98326110839844,0.0167411733418703,0.0599999986588954,0.1542813032865524,0.0109740691259503,0.0057671037502586,0.0,37177.77468239572,81330.61579326783
Oman,OMN,71.84515380859375,2020,4522502.0,165230251016.0,361.5533447265625,99.8907470703125,0.109249547123909,0.1000000014901161,0.2617801129817962,0.0380155779421329,0.0712339729070663,0.0,36535.141613204374,79945.4250604118
Oman,OMN,75.04139709472656,2021,4500429.0,170025212745.0,398.3431091308594,99.50358581542967,0.4964174926280975,0.699999988079071,1.7073169946670532,0.4227701127529144,0.0736473575234413,0.0,37779.77893774127,88512.25274987327
Oman,OMN,77.99378967285156,2022,4730229.0,177355008173.0,424.5609130859375,98.86404418945312,1.1359578371047974,1.899999976158142,4.4811320304870605,1.0692940950393677,0.0666638389229774,0.0,37493.95815149753,89754.83281801737
Pakistan,PAK,103.9397201538086,2000,154879124.0,459798536606.0,483.7543029785156,88.69983673095703,10.75340747833252,17.190000534057617,25.853513717651367,0.0,0.0,10.150700569152832,2968.757342700363,3123.4312958699043
Pakistan,PAK,105.4006805419922,2001,159270910.0,477964444881.0,495.150146484375,87.99880981445312,10.829426765441896,18.940000534057617,26.26542854309082,0.0,0.0,10.275238037109377,3000.9525586373557,3108.8548843249214
Pakistan,PAK,110.56624603271484,2002,163222552.0,504824722487.0,514.1093139648438,87.43110656738281,11.550942420959473,22.350000381469727,29.497163772583008,0.0,0.0,10.962531089782717,3092.8613497416704,3149.7443684426876
Pakistan,PAK,113.1418228149414,2003,167110250.0,543920300431.0,554.2310180664062,86.2722396850586,12.78365993499756,28.13999938964844,34.28362274169922,0.0,0.0,12.19184398651123,3254.8589953698233,3316.5590863900106
Pakistan,PAK,124.63683319091795,2004,171285999.0,592025705114.0,618.9048461914062,86.81951141357422,12.114919662475586,26.8700008392334,31.25872611999512,0.0,0.0,11.567255973815918,3456.3578375953543,3613.2833378366568
Pakistan,PAK,129.9474334716797,2005,175453212.0,641139042718.0,641.3386840820312,85.94729614257812,12.979694366455078,31.86000061035156,33.692893981933594,0.0,0.0,12.979694366455078,3654.188118927113,3655.3259799087136
Pakistan,PAK,137.91159057617188,2006,179682690.0,685965623310.0,679.6268920898438,87.00008392333984,11.99549961090088,33.0099983215332,33.16587829589844,0.0,0.0,11.99549961090088,3817.6500101929687,3782.3726486387964
Pakistan,PAK,148.34901428222656,2007,184493231.0,719253757580.0,717.0552978515625,87.2939453125,11.839750289916992,29.959999084472656,31.159645080566406,7.54958891775459e-05,0.0,11.839674949645996,3898.5373809188695,3886.6211728470544
Pakistan,PAK,147.9014129638672,2008,189499112.0,746912719652.0,718.677490234375,89.24922943115234,10.105119705200195,29.059999465942383,31.24395179748535,0.0006068829679861,0.0,10.10451316833496,3941.5103942650667,3792.5111239274565
Pakistan,PAK,148.35498046875,2009,194376535.0,774880575078.0,745.3619384765625,88.90447235107422,10.193737030029297,29.100000381469727,30.277807235717773,0.0034049609676003,0.0,10.19033145904541,3986.49237716888,3834.629208080916
Pakistan,PAK,147.5039825439453,2010,199239048.0,805491514683.0,749.4698486328125,88.674560546875,10.435932159423828,32.81999969482422,34.7154655456543,0.0046735983341932,0.0,10.43125820159912,4042.8396078413302,3761.661462229093
Pakistan,PAK,149.48829650878906,2011,203746069.0,845096928750.0,753.3283081054688,88.02877044677734,10.606112480163574,29.68000030517578,31.29811286926269,0.0092929573729634,0.0,10.596818923950195,4147.7950121825415,3697.388184237649
Pakistan,PAK,150.55506896972656,2012,207667129.0,878485024934.0,701.7944946289062,95.01131439208984,3.9887890815734863,31.11000061035156,31.71253967285156,0.0242782346904277,0.0069969273172318,3.9575138092041016,4230.255549658993,3379.420219311195
Pakistan,PAK,148.18304443359375,2013,211073979.0,918328534363.0,775.3792724609375,88.02456665039062,10.55919075012207,33.7599983215332,32.18916702270508,0.0481569394469261,0.0502911023795604,10.460742950439451,4350.742515556595,3673.4953125649727
Pakistan,PAK,150.80950927734375,2014,214264649.0,961516822345.0,786.3077392578125,87.74471282958984,10.733071327209473,35.43000030517578,32.832916259765625,0.0776177272200584,0.1021447032690048,10.553309440612791,4487.5196483998625,3669.7968746949596
Pakistan,PAK,144.8955535888672,2015,217290884.0,1010825281718.0,829.312255859375,88.26954650878906,10.407176971435549,37.95000076293945,33.64659881591797,0.11736711114645,0.1839927732944488,10.075586318969728,4651.945185689428,3816.5993924502372
Pakistan,PAK,176.74098205566406,2016,220138863.0,1061146810870.0,900.4373168945312,88.22781372070312,10.285707473754885,35.849998474121094,29.170055389404297,0.1258489042520523,0.2579795122146606,9.715867042541504,4820.352010585246,4090.315106672152
Pakistan,PAK,211.9807281494141,2017,223273974.0,1117267177186.0,951.99267578125,88.88027954101562,8.975143432617188,32.63999938964844,25.038354873657227,0.1740588694810867,0.4657739102840423,7.980176448822021,5004.018861535559,4263.787035838087
Pakistan,PAK,203.4996795654297,2018,226928893.0,1165406508457.0,967.4801635742188,88.72831726074219,8.87948226928711,33.130001068115234,25.67819023132324,0.1869593262672424,0.7324702739715576,7.625240325927734,5135.558073061238,4263.362636569239
Pakistan,PAK,190.82586669921875,2019,230800908.0,1172330212219.0,973.635498046875,87.21043395996094,10.43825626373291,40.77999877929688,30.214120864868164,0.1793016344308853,0.8061373233795166,9.253015518188477,5079.40034715548,4218.508092034348
Pakistan,PAK,215.50955200195312,2020,235001745.0,1202026422230.0,959.6697998046876,86.05559539794922,11.468368530273438,42.29999923706055,28.94088554382324,0.184061050415039,0.7083866000175476,10.367783546447754,5114.968070683901,4083.6709523356417
Pakistan,PAK,243.55235290527344,2021,239477805.0,1278204948031.0,1066.0113525390625,86.42150115966797,9.92747688293457,45.77000045776367,28.04362297058105,0.1669205129146576,0.7984552383422852,8.754359245300293,5337.467278151309,4451.399379324787
Pakistan,PAK,211.9697113037109,2022,243700667.0,1318834969356.0,979.1012573242188,83.8046875,10.570693969726562,50.54999923706055,28.726486206054688,0.2137513756752014,1.1733896732330322,8.873323440551758,5411.70028622039,4017.6388082032568
Peru,PER,28.677526473999023,2000,26598328.0,128561599053.0,147.35916137695312,68.54984283447266,31.450159072875977,16.329999923706055,81.97791290283203,0.0,0.0015384081052616,31.10680389404297,4833.4466381871825,5540.166335904765
Peru,PER,25.260149002075195,2001,26964610.0,130005019162.0,146.0758819580078,65.60792541503906,34.39207458496094,17.770000457763672,85.55609130859375,0.0,0.002318515907973,34.03348922729492,4821.3202105278,5417.3185504262
Peru,PER,25.59174346923828,2002,27288211.0,137911092694.0,149.57688903808594,65.70677947998047,34.2932243347168,18.229999542236328,82.90131378173828,0.0,0.0022467046510428,33.7756462097168,5053.870797686224,5481.373954418849
Peru,PER,24.91417121887207,2003,27580485.0,144583674826.0,147.67164611816406,64.4811019897461,35.518898010253906,18.729999542236328,81.68338012695312,0.0,0.0022642356343567,34.970550537109375,5242.245552462185,5354.207734859052
Peru,PER,28.50362968444824,2004,27852190.0,152840586065.0,157.3960723876953,68.84827423095703,31.151721954345703,17.670000076293945,72.86598205566406,0.0,0.0021065415348857,30.76480865478516,5487.560800963945,5651.12015922968
Peru,PER,30.32110595703125,2005,28101175.0,163489485317.0,163.7298583984375,69.17333221435547,30.826669692993164,18.43000030517578,72.2745132446289,0.0,0.002009148010984,30.098709106445312,5817.887875400228,5826.441719908064
Peru,PER,28.299266815185547,2006,28324488.0,176775277493.0,165.59295654296875,66.46797943115234,33.53201675415039,20.049999237060547,73.28215789794922,0.0,0.0019780648872256,32.29899597167969,6241.075831379547,5846.2824303468
Peru,PER,34.56692123413086,2007,28530704.0,192942634714.0,180.28453063964844,69.35454559326172,30.64545631408692,19.96999931335449,66.72235107421875,0.0,0.0018033951055258,29.37850570678711,6762.631399281279,6318.965372871571
Peru,PER,35.57241439819336,2008,28719038.0,211009673563.0,194.6441192626953,72.39379119873047,27.6062068939209,19.5,60.12950897216797,0.0,0.0016547336708754,26.28213691711425,7347.37958712266,6777.529221650646
Peru,PER,39.42384338378906,2009,28896819.0,212830474173.0,198.4400787353516,71.5306167602539,28.46938133239746,19.950000762939453,60.60146331787109,0.0,0.0016146502457559,26.78139305114746,7365.186949227872,6867.194577207671
Peru,PER,42.50510025024414,2010,29086021.0,230353256282.0,225.286376953125,74.48667907714844,25.51332092285156,20.709999084472656,57.70409393310547,0.0,0.0014089029282331,23.54288482666016,7919.723921054722,7745.520673079518
Peru,PER,42.3267936706543,2011,29304083.0,244711917914.0,248.5560913085937,75.34400177001953,24.65600204467773,22.270000457763672,56.76778030395508,0.0,0.0012694749748334,22.805376052856445,8350.778897056769,8481.961073772338
Peru,PER,45.5086784362793,2012,29550367.0,259737230567.0,256.72540283203125,75.1727066040039,24.827293395996094,22.07999992370605,55.25525665283203,0.0608060956001281,0.0012222330551594,22.44009780883789,8789.644831382297,8687.722992815327
Peru,PER,42.71774291992188,2013,29817908.0,274939626306.0,262.5814819335937,75.00916290283203,24.990833282470703,23.46999931335449,53.94162368774414,0.1946304142475128,0.0011861680541187,22.062328338623047,9220.620920354306,8806.167150746916
Peru,PER,49.38801956176758,2014,30115825.0,281488723310.0,268.8290405273437,75.22828674316406,24.77171516418457,23.950000762939453,52.37262344360352,0.1913591772317886,0.2472402900457382,21.325746536254883,9346.870733576117,8926.504272333355
Peru,PER,49.20405578613281,2015,30457598.0,290642734598.0,281.6694641113281,75.10987091064453,24.89012718200684,25.450000762939453,52.72426223754883,0.2099464237689972,0.5419492721557617,21.597824096679688,9542.536302370265,9247.92112993704
Peru,PER,52.69766616821289,2016,30866497.0,302131843581.0,298.9378662109375,76.4402847290039,23.55971336364746,26.020000457763672,50.39705657958984,0.205450028181076,0.9070490598678588,20.575693130493164,9788.342473102795,9684.865315650735
Peru,PER,54.72635269165039,2017,31324639.0,309742529723.0,303.5903015136719,72.37638854980469,27.62360954284668,30.88999938964844,58.60367965698242,0.2760155498981476,0.8985843062400818,24.33866500854492,9888.143634249065,9691.741428007259
Peru,PER,56.01356887817383,2018,31897590.0,322061010919.0,318.4245300292969,71.7530517578125,28.246950149536133,33.38999938964844,61.13145446777344,0.6328397989273071,1.193395972251892,24.415525436401367,10096.719248037234,9982.71436899455
Peru,PER,58.66828155517578,2019,32449302.0,329252610797.0,326.58514404296875,71.9489974975586,28.05100440979004,34.43000030517578,60.54158782958984,0.6420574188232422,1.2757893800735474,24.25318145751953,10146.677755872839,10064.473622359234
Peru,PER,47.23673629760742,2020,32838577.0,292988745490.0,287.8817443847656,68.8868408203125,31.1131591796875,33.63999938964844,63.483673095703125,0.7474537491798401,1.5848028659820557,26.653854370117188,8922.090183444916,8766.571839722703
Peru,PER,59.961856842041016,2021,33155883.0,332691638600.0,327.4928283691406,71.39161682128906,28.608381271362305,35.09000015258789,61.57220458984375,0.6788058280944824,1.3935283422470093,24.410171508789062,10034.166141797521,9877.367113677552
Peru,PER,64.78480529785156,2022,33475436.0,341677633395.0,338.0692749023437,73.84500122070312,26.15500259399414,33.09000015258789,55.242069244384766,0.6749770045280457,1.4248037338256836,21.936830520629883,10206.81652645241,10099.025294318606
Philippines,PHL,71.46669006347656,2000,79625401.0,327247671365.0,307.7135009765625,81.271240234375,18.72876167297364,19.43000030517578,42.8918342590332,0.0,0.0,6.996065139770508,4109.840167272752,3864.5143021202807
Philippines,PHL,69.79888916015625,2001,81401488.0,339580401272.0,300.8520812988281,82.74258422851562,17.25741195678711,17.540000915527344,37.27949142456055,0.0,0.0,6.48093318939209,4171.673142780879,3695.9039532401193
Philippines,PHL,69.49170684814453,2002,83068889.0,354896572700.0,302.2855224609375,83.15196990966797,16.8480281829834,17.270000457763672,35.63764190673828,0.0,0.0,6.331100940704346,4272.316350589449,3638.973941988528
Philippines,PHL,69.50071716308594,2003,84731836.0,375676507230.0,311.8836669921875,83.38807678222656,16.611923217773438,17.690000534057617,33.41518783569336,0.0,0.0,6.832154750823975,4433.711400163688,3680.8321607971234
Philippines,PHL,71.99871063232422,2004,86394510.0,404092179609.0,319.261474609375,82.76200866699219,17.23798942565918,18.8700008392334,33.732574462890625,0.0,0.0,7.243367195129394,4677.290022352115,3695.3907674153716
Philippines,PHL,72.33394622802734,2005,88015959.0,426864086040.0,319.34130859375,83.34669494628906,16.653308868408203,18.309999465942383,32.36697769165039,0.0012680046493187,0.0146016953513026,7.010195255279541,4849.848719366905,3628.2205207097727
Philippines,PHL,65.64551544189453,2006,89508992.0,452834616353.0,305.3097839355469,80.6817626953125,19.318235397338867,20.459999084472656,36.0338134765625,0.0011955989757552,0.0462556034326553,8.63630199432373,5059.096368250913,3410.939807427916
Philippines,PHL,70.00995635986328,2007,91075180.0,486739179739.0,316.7991943359375,82.65877532958984,17.341222763061523,18.84000015258789,31.600135803222656,0.0010894477600231,0.0481404438614845,7.127129554748535,5344.366925643189,3478.436104501111
Philippines,PHL,76.60501861572266,2008,92699091.0,511142140299.0,327.5484924316406,81.64765167236328,18.35234832763672,20.6200008392334,33.903324127197266,0.0010412156116217,0.0490153841674327,7.859048843383789,5513.993015303678,3533.4595938124207
Philippines,PHL,75.58070373535156,2009,94384256.0,521163648845.0,331.4021911621094,82.08272552490234,17.91727638244629,20.170000076293945,32.57429122924805,0.0009828557958826,0.0505778230726718,7.6835198402404785,5521.7222758528715,3511.202028886146
Philippines,PHL,82.24588775634766,2010,96337127.0,565514808274.0,341.0309753417969,84.33331298828125,15.666685104370115,17.809999465942383,26.295583724975582,0.0009485823102295,0.0466855317354202,5.902848720550537,5870.164762895618,3539.974524482102
Philippines,PHL,82.98028564453125,2011,98248614.0,590943092007.0,347.8369445800781,83.12590026855469,16.87409782409668,19.81999969482422,28.66232681274414,0.0008947213063947,0.0651138573884964,7.158901214599609,6014.772808978252,3540.375079286901
Philippines,PHL,87.47627258300781,2012,100175511.0,631700459807.0,359.886474609375,82.82315826416016,17.17683982849121,20.739999771118164,28.453834533691406,0.0009365985170006,0.0534563586115837,7.274343490600586,6305.936985008242,3592.559409149158
Philippines,PHL,94.82543182373048,2013,102076334.0,674346563689.0,385.7322998046875,84.50733947753906,15.492658615112305,19.8700008392334,26.412336349487305,0.0009298482327722,0.0431748107075691,6.588709831237793,6606.2968492677255,3778.8612177695127
Philippines,PHL,100.07381439208984,2014,103767127.0,717154029846.0,405.6751403808594,85.19645690917969,14.803544044494627,19.780000686645508,25.61180877685547,0.0102620925754308,0.0944706425070762,5.677031993865967,6911.187103079379,3909.4764605062196
Philippines,PHL,111.04629516601562,2015,105312988.0,762678999551.0,444.4520263671875,85.62527465820312,14.37472438812256,20.940000534057617,25.412622451782227,0.0781356394290924,0.4221188127994537,4.887258529663086,7242.022223802063,4220.296421246613
Philippines,PHL,120.2156219482422,2016,106735721.0,817202925336.0,485.4219970703125,86.2017593383789,13.798236846923828,21.979999542236328,24.209714889526367,0.5626807808876038,0.5002092123031616,4.160249710083008,7656.320842541551,4547.88699155658
Philippines,PHL,133.5756072998047,2017,108119691.0,873843247356.0,532.516845703125,86.83890533447266,13.161092758178713,23.170000076293945,24.554895401000977,0.5598264932632446,0.5096791982650757,4.479345798492432,8082.184098694844,4925.253122515167
Philippines,PHL,139.8567657470703,2018,109465284.0,929253628653.0,550.4426879882812,87.16941833496094,12.830585479736328,23.309999465942383,23.370763778686523,0.5602741241455078,0.5171065330505371,4.216892719268799,8489.025878314078,5028.468093941831
Philippines,PHL,142.60121154785156,2019,110804685.0,986114678778.0,566.1214599609375,88.02629852294922,11.97370433807373,22.040000915527344,20.786571502685547,0.5404056906700134,0.4517443776130676,3.4883453845977783,8899.57567027062,5109.183424517993
Philippines,PHL,131.45741271972656,2020,112081270.0,892256290776.0,513.7581176757812,87.17324829101562,12.82675552368164,21.600000381469727,21.22850227355957,0.6534463167190552,0.488647997379303,3.4461488723754883,7960.797471120733,4583.799930851794
Philippines,PHL,140.26950073242188,2021,113100947.0,943141651518.0,545.5574951171875,87.05223846435547,12.94776439666748,23.40999984741211,22.1350212097168,0.6610633134841919,0.5790613293647766,4.137032508850098,8338.936821793366,4823.633308014543
Philippines,PHL,150.96302795410156,2022,113964343.0,1014811024029.0,570.979248046875,86.96810150146484,13.031899452209473,24.71999931335449,22.16046524047852,0.7806800007820129,0.4495071172714233,4.324484825134277,8904.636286360199,5010.156975562742
Poland,POL,317.30621337890625,2000,38258077.0,488207682001.0,1017.5245361328124,99.3555908203125,0.6444116830825806,2.3299999237060547,1.6273223161697388,0.0,0.0013654960785061,0.5751469135284424,12760.904893390225,26596.33248510667
Poland,POL,313.26708984375,2001,38247359.0,499086644170.0,1010.4564208984376,99.222900390625,0.7770988941192627,2.7799999713897705,1.934316635131836,0.0,0.003829050110653,0.635895848274231,13048.917813384187,26418.98544938587
Poland,POL,305.8524169921875,2002,38229407.0,514089670231.0,999.5792236328124,99.22479248046876,0.7752066850662231,2.7699999809265137,1.9439959526062007,0.0,0.0167268570512533,0.6249263286590576,13447.492665292977,26146.86708671187
Poland,POL,318.7326965332031,2003,38203527.0,537330337680.0,1034.2066650390625,99.35770416259766,0.6422950029373169,2.25,1.4999001026153564,0.0,0.0326808467507362,0.4404007494449615,14064.940592526968,27070.97344805527
Poland,POL,323.6207580566406,2004,38167568.0,570430122148.0,1041.2186279296875,99.15054321289062,0.849453330039978,3.200000047683716,2.0978105068206787,0.0,0.0369745716452598,0.542120099067688,14945.41444579335,27280.193171587132
Poland,POL,322.5768737792969,2005,38124377.0,595958527688.0,1061.9366455078125,98.91188049316406,1.088115930557251,3.849999904632568,2.4792325496673584,0.0,0.0341901667416095,0.5574263334274292,15631.954528411048,27854.531118182273
Poland,POL,336.3872375488281,2006,38071169.0,638713864539.0,1110.3590087890625,98.7969970703125,1.2030010223388672,4.289999961853027,2.6695706844329834,0.0,0.0616753548383712,0.4919573366641998,16776.838781572482,29165.351050530193
Poland,POL,335.7346496582031,2007,38020420.0,690249985288.0,1104.64404296875,98.48546600341795,1.514532446861267,5.429999828338623,3.4254350662231445,0.0,0.1257528364658355,0.5666104555130005,18154.71752516148,29053.967393541418
Poland,POL,329.4284362792969,2008,37995902.0,726319216200.0,1124.4278564453125,97.84618377685548,2.15381932258606,6.610000133514404,4.278317451477051,0.0,0.1965380758047104,0.5055513978004456,19115.725064245085,29593.398162920636
Poland,POL,315.88629150390625,2009,38002153.0,760579624624.0,1085.1910400390625,97.07679748535156,2.9232027530670166,8.6899995803833,5.760307312011719,0.0,0.2607098221778869,0.574917197227478,20014.119321713166,28556.041023229987
Poland,POL,334.02752685546875,2010,38095356.0,795619859853.0,1157.2503662109375,96.62066650390624,3.379335880279541,10.880000114440918,6.940103054046631,0.0,0.3748425543308258,0.6577765941619873,20884.956682200318,30377.728093968657
Poland,POL,333.40606689453125,2011,38208644.0,843236863910.0,1162.66552734375,96.0407485961914,3.9592514038085938,13.130000114440918,8.061644554138184,4.46196791017428e-05,0.7150303721427917,0.5202654600143433,22069.269558741733,30429.384705297314
Poland,POL,325.7777099609375,2012,38247867.0,856266755052.0,1127.9268798828125,94.87004852294922,5.129951000213623,16.8799991607666,10.453306198120115,0.000251751334872,1.0864214897155762,0.466197669506073,22387.307377219233,29489.928938594472
Poland,POL,321.75714111328125,2013,38259267.0,863601156195.0,1131.318115234375,94.94845581054688,5.05154275894165,17.059999465942383,10.416412353515623,0.0003397011896595,1.359710693359375,0.552354097366333,22572.339302658358,29569.780185134623
Poland,POL,309.41534423828125,2014,38265113.0,896737189458.0,1089.3544921875,94.0777587890625,5.922241687774658,19.850000381469727,12.5355224609375,0.0016385208582505,1.7972233295440674,0.510984480381012,23434.850158628826,28468.607741665364
Poland,POL,312.5488586425781,2015,38266314.0,936043804062.0,1103.0130615234375,93.6132354736328,6.386764049530029,22.690000534057617,13.810103416442873,0.0131149245426058,2.4982779026031494,0.4215182662010193,24461.300455068653,28824.6487896231
Poland,POL,323.30047607421875,2016,38263260.0,963689941627.0,1150.2451171875,94.12212371826172,5.877875804901123,22.809999465942383,13.74096393585205,0.0271565001457929,2.7568230628967285,0.4684496223926544,25185.77720839782,30061.346502820197
Poland,POL,336.5050964355469,2017,38254964.0,1013223736654.0,1208.2889404296875,94.0764617919922,5.9235358238220215,24.1299991607666,14.201635360717772,0.0342321172356605,3.093130826950073,0.5311164259910583,26486.072151420663,31585.154293432024
Poland,POL,335.7186279296875,2018,38241070.0,1073462064151.0,1222.08251953125,94.3790054321289,5.620995044708252,21.6200008392334,12.760433197021484,0.0612067393958568,2.611283302307129,0.4019242227077484,28070.921241246648,31957.330679587416
Poland,POL,317.4440612792969,2019,38225884.0,1121231497071.0,1187.2677001953125,93.28962707519533,6.710374355316162,25.459999084472656,15.598577499389648,0.148585170507431,3.1584713459014893,0.4094591736793518,29331.734933088796,31059.260792904424
Poland,POL,302.1024169921875,2020,38171005.0,1098581305284.0,1139.2342529296875,92.3367156982422,7.663285255432129,28.229999542236328,17.963729858398438,0.4257287681102752,3.435558557510376,0.4606106281280517,28780.518230630816,29845.53990469173
Poland,POL,330.6937255859375,2021,38040303.0,1173809548862.0,1224.75830078125,92.40127563476562,7.598723411560059,30.559999465942383,17.09267807006836,0.7938306331634521,3.27534818649292,0.471963107585907,30856.99787570041,32196.333998213686
Poland,POL,314.8919677734375,2022,38385734.0,1231021338216.0,1186.8681640625,90.63011169433594,9.36988925933838,37.68999862670898,21.1030216217041,1.7275460958480835,4.112083911895752,0.4091779291629791,32069.76159986937,30919.5120265904
Portugal,PRT,65.5036392211914,2000,10283196.0,238756377443.0,294.0285339355469,87.59070587158203,12.409293174743652,12.869999885559082,29.784772872924805,0.0013322451850399,0.1598694324493408,10.775009155273438,23218.110152038334,28593.10801190086
Portugal,PRT,65.18733215332031,2001,10354329.0,244348167969.0,298.7774658203125,85.14217376708984,14.857823371887209,15.739999771118164,34.17281723022461,0.0014921318506821,0.2387411147356033,13.087862968444824,23598.648253208874,28855.318951166464
Portugal,PRT,69.58258819580078,2002,10413045.0,247190712485.0,296.8914489746094,90.76734161376952,9.23265552520752,9.729999542236328,21.361141204833984,0.0016696517122909,0.3357855081558227,7.2351579666137695,23738.56182173418,28511.491977093097
Portugal,PRT,64.48204803466797,2003,10454246.0,245847246169.0,305.1767272949219,83.8428955078125,16.157108306884766,17.700000762939453,38.15477752685547,0.0023437573108822,0.4471167623996734,14.173420906066896,23516.497140874628,29191.653543920995
Portugal,PRT,67.30235290527344,2004,10481386.0,251279602163.0,298.7514343261719,88.52547454833984,11.474528312683104,12.3100004196167,27.551477432250977,0.0026475507766008,0.7449659705162048,9.009889602661133,23973.890682300986,28503.046670180058
Portugal,PRT,69.63978576660156,2005,10502993.0,254196923131.0,298.2631225585937,92.29886627197266,7.70113468170166,8.25,17.930885314941406,0.0034389658831059,1.6045491695404053,4.28151273727417,24202.33195728113,28397.916913644873
Portugal,PRT,64.85612487792969,2006,10524123.0,259159946424.0,295.8743896484375,85.1922607421875,14.80774211883545,15.720000267028809,32.479339599609375,0.0045563112944364,2.6654422283172607,9.950072288513184,24625.32473480213,28113.923568589755
Portugal,PRT,62.38010025024414,2007,10546822.0,266663287450.0,297.4910583496094,84.56466674804688,15.435332298278809,16.209999084472656,34.703487396240234,0.0216313581913709,3.6385750770568848,9.037402153015137,25283.757273043957,28206.70135037923
Portugal,PRT,60.009647369384766,2008,10564086.0,268239264717.0,285.5048217773437,85.44657897949219,14.55341911315918,14.640000343322754,32.28937149047852,0.0381852202117443,5.36176347732544,6.3322272300720215,25391.62069648051,27025.984242966566
Portugal,PRT,57.14699935913086,2009,10576265.0,261270596745.0,288.2337646484375,81.86697387695312,18.13302993774414,18.290000915527344,37.03928756713867,0.1471006721258163,6.966136455535889,7.617056369781494,24703.484334498047,27252.887919169716
Portugal,PRT,52.88993453979492,2010,10578659.0,267277408809.0,304.1046142578125,73.59845733642578,26.40153884887696,28.350000381469727,53.01047134399414,0.1868554502725601,7.980031490325928,14.034149169921877,25265.717404162475,28746.990923690093
Portugal,PRT,51.783668518066406,2011,10557050.0,263425010810.0,289.8306884765625,76.34040069580078,23.65959930419922,24.11000061035156,46.562381744384766,0.2552562952041626,8.293113708496094,10.441973686218262,24952.52090404043,27453.75729740434
Portugal,PRT,49.93198013305664,2012,10513155.0,252737143203.0,264.4667663574219,79.03480529785156,20.96519660949707,19.3700008392334,42.62764358520508,0.3870982229709625,10.10592269897461,5.537572860717773,24040.085321960916,25155.794464879655
Portugal,PRT,48.14619827270508,2013,10458287.0,250405237435.0,289.6614074707031,71.79793548583984,28.20206451416016,29.46999931335449,58.53028869628906,0.4297398328781128,10.775876998901367,12.31441593170166,23943.23634788374,27696.83098873679
Portugal,PRT,47.94233322143555,2014,10406203.0,252388910611.0,291.77362060546875,70.23914337158203,29.760852813720703,31.56999969482422,60.945945739746094,0.5561411380767822,10.737225532531738,13.802538871765137,24253.69854989375,28038.432520052582
Portugal,PRT,52.23304748535156,2015,10370264.0,256911888409.0,289.5222473144531,76.31504821777344,23.68495178222656,24.36000061035156,47.63394927978516,0.704686164855957,10.274057388305664,7.665516376495361,24773.9004917329,27918.503069396607
Portugal,PRT,50.310916900634766,2016,10346377.0,262100101273.0,309.86669921875,71.73226928710938,28.26773262023925,32.29999923706055,54.699405670166016,0.6771937012672424,10.276537895202637,12.953182220458984,25332.548898324505,29949.295218872267
Portugal,PRT,55.165157318115234,2017,10330838.0,271290329012.0,301.8778991699219,79.39429473876953,20.60570526123047,22.57999992370605,39.208194732666016,0.8302676677703857,10.251128196716309,4.935573101043701,26260.244233042857,29221.04665371017
Portugal,PRT,51.340274810791016,2018,10325355.0,279020275961.0,304.0898132324219,73.79953002929688,26.200469970703125,29.40999984741211,50.40274429321289,0.833617091178894,10.465418815612791,10.279617309570312,27022.826426887987,29450.785298173465
Portugal,PRT,47.58304977416992,2019,10343218.0,286505655767.0,293.056640625,74.63350677490234,25.36649513244629,27.40999984741211,53.120155334472656,1.148892521858215,11.7003812789917,7.549130439758301,27699.856637170367,28333.2170534354
Portugal,PRT,41.73814392089844,2020,10370519.0,262724232089.0,265.2476806640625,69.36505889892578,30.63494300842285,30.11000061035156,58.59116744995117,1.6228545904159546,11.633867263793944,11.429463386535645,25333.75929295342,25577.0883466934
Portugal,PRT,40.29984664916992,2021,10390957.0,277181288542.0,266.4899597167969,67.80331420898438,32.196685791015625,31.540000915527344,64.07964324951172,2.102131128311157,12.417932510375977,11.188815116882324,26675.24161075828,25646.33456926026
Portugal,PRT,40.72249603271485,2022,10417074.0,295712910456.0,262.5796813964844,71.24679565429688,28.75320625305176,27.61000061035156,59.594215393066406,3.339264154434204,12.56755256652832,6.213554859161377,28387.32934564927,25206.663732683897
Qatar,QAT,40.4064826965332,2000,644993.0,30159719266.0,134.844482421875,100.0,0.0,0.0,0.0,0.0,0.0,0.0,46759.76214625585,209063.48196317634
Qatar,QAT,45.91439437866211,2001,677934.0,34920337897.0,129.62796020507812,100.0,0.0,0.0,0.0,0.0,0.0,0.0,51509.937393610584,191210.29510996368
Qatar,QAT,45.17464065551758,2002,711215.0,41661485450.0,161.89944458007812,100.0,0.0,0.0,0.0,0.0,0.0,0.0,58577.906048100784,227637.8374754162
Qatar,QAT,46.63093185424805,2003,744690.0,47126236240.0,163.6198272705078,100.0,0.0,0.0,0.0,0.0,0.0,0.0,63283.02547368704,219715.35440318496
Qatar,QAT,47.43956756591797,2004,773341.0,63193934807.0,197.5699615478516,100.0,0.0,0.0,0.0,0.0,0.0,0.0,81715.4848986411,255475.8658183797
Qatar,QAT,47.681827545166016,2005,825419.0,76893678098.0,223.67254638671875,100.0,0.0,0.0,0.0,0.0,0.0,0.0,93157.14576233404,270980.61273937084
Qatar,QAT,59.75280380249024,2006,972841.0,103895902583.0,245.36477661132807,100.0,0.0,0.0,0.0,0.0,0.0,0.0,106796.38562005508,252214.67496880586
Qatar,QAT,59.52984237670898,2007,1208601.0,127834802409.0,279.860107421875,100.0,0.0,0.0,0.0,0.0,0.0,0.0,105770.88915944964,231557.07087936797
Qatar,QAT,61.870849609375,2008,1426942.0,156781224399.0,288.5572509765625,100.0,0.0,0.0,0.0,0.0,0.0,0.0,109872.17728471094,202220.72864668816
Qatar,QAT,65.30536651611328,2009,1586052.0,186164264424.0,288.3623046875,100.0,0.0,0.0,0.0,0.0,0.0,0.0,117375.88958243487,181811.38114481745
Qatar,QAT,73.65118408203125,2010,1709238.0,238648100494.0,335.39581298828125,100.0,0.0,0.0,0.0,0.0,0.0,0.0,139622.51043681454,196225.34309925314
Qatar,QAT,81.80944061279297,2011,1810960.0,296148824653.0,393.1544189453125,99.99169158935548,0.0083045968785882,0.0,0.0,0.0007208879105746,0.0,0.0,163531.4002810664,217097.24065982268
Qatar,QAT,93.738037109375,2012,1907122.0,310156648715.0,448.4490966796875,99.9927215576172,0.007277363911271,0.0099999997764825,0.0287356320768594,0.0006287430878728,0.0,0.0,162630.73296569387,235144.4200631567
Qatar,QAT,91.43348693847656,2013,2032650.0,327388964338.0,483.7272644042969,99.9486083984375,0.0513918325304985,0.0799999982118606,0.2302158176898956,0.0019832381512969,0.0,0.0,161065.0945012668,237978.63105025305
Qatar,QAT,91.64163970947266,2014,2218378.0,344851898869.0,517.1715087890625,99.9352798461914,0.0647229328751564,0.1099999994039535,0.2835051715373993,0.0032010579016059,0.0,0.0,155452.27137530214,233130.47135747943
Qatar,QAT,93.31037139892578,2015,2427340.0,361242719905.0,595.4144897460938,99.93460083007812,0.0653996020555496,0.1299999952316284,0.3122747838497162,0.002766331192106,0.0,0.0,148822.4640573632,245295.05126850534
Qatar,QAT,91.37834167480467,2016,2599382.0,372311173588.0,586.5151977539062,99.93099975585938,0.0690002143383026,0.1299999952316284,0.3063147962093353,0.0035830992273986,0.0,0.0,143230.65004989647,225636.40040359832
Qatar,QAT,105.65658569335938,2017,2706716.0,366733973367.0,564.07080078125,99.92485809326172,0.0751449316740036,0.1400000005960464,0.3063457310199737,0.0037070473190397,0.0,0.0,135490.37777402578,208396.74379626455
Qatar,QAT,102.62140655517578,2018,2761144.0,371263146890.0,573.3528442382812,99.9230499267578,0.0769516751170158,0.1500000059604644,0.3121098577976227,0.0036288904957473,0.0,0.0,134459.90027684177,207650.46815315727
Qatar,QAT,101.42957305908205,2019,2797927.0,373817411294.0,585.2088623046875,99.93367767333984,0.0663234964013099,0.1299999952316284,0.2599999904632568,0.0035377622116357,0.0,0.0,133605.13383444241,209158.01674049662
Qatar,QAT,101.32923126220705,2020,2803375.0,360517012801.0,513.3613891601562,99.91416931152344,0.0858310014009475,0.1400000005960464,0.2834008038043976,0.0040229493752121,0.0,0.0,128601.06578713158,183122.62510729255
Qatar,QAT,104.38568878173828,2021,2814988.0,366245595916.0,543.0693359375,99.91909790039062,0.0809046030044555,0.1500000059604644,0.2896312177181244,0.0037831426598131,0.0,0.0,130105.56205426098,192920.6575436556
Qatar,QAT,109.59440612792967,2022,2892466.0,381778107010.0,565.0037231445312,99.80767059326172,0.1923282444477081,0.7200000286102295,1.315068602561951,0.1179925501346588,0.0,0.0,131990.52538906247,195336.34039070166
Romania,ROU,93.20626068115234,2000,22046264.0,157839292272.0,420.3319091796875,86.53299713134766,9.835689544677734,14.779999732971191,28.66563034057617,0.0,0.0,9.835689544677734,7159.457596624989,19065.902013134175
Romania,ROU,98.92806243896484,2001,21919916.0,173763436827.0,425.1050720214844,86.67203521728516,9.764506340026855,14.920000076293944,27.86181259155273,0.0,0.0,9.764506340026855,7927.194466757993,19393.553881387335
Romania,ROU,99.06888580322266,2002,21770020.0,190219311781.0,441.3067932128906,86.51546478271484,10.036859512329102,16.049999237060547,29.49283218383789,0.0,0.0,10.034719467163086,8737.672807879828,20271.30858000547
Romania,ROU,103.70735931396484,2003,21593448.0,204513401651.0,441.2444763183594,88.7137680053711,8.238625526428223,13.260000228881836,24.179431915283203,0.0,0.0,8.236488342285156,9471.085935465238,20434.183383698582
Romania,ROU,103.2326202392578,2004,21403215.0,228570981481.0,459.2468566894531,86.88937377929688,9.81419849395752,16.510000228881836,29.23676300048828,0.0,0.0,9.811457633972168,10679.282597544341,21456.90994037359
Romania,ROU,101.33659362792967,2005,21213395.0,244044803180.0,460.4491271972656,84.82808685302734,11.901314735412598,20.21999931335449,34.080562591552734,0.0,0.0,11.897208213806152,11504.278460849855,21705.58400469447
Romania,ROU,104.29000091552734,2006,21035732.0,274969703969.0,467.6098327636719,86.17784118652344,10.577703475952148,18.36000061035156,29.34782600402832,0.0,0.0005760750500485,10.574434280395508,13071.553866963128,22229.311191246965
Romania,ROU,108.49659729003906,2007,20870714.0,304650701380.0,451.00396728515625,85.81043243408203,9.61209487915039,16.010000228881836,26.00714683532715,0.0,0.0017813493032008,9.480340957641602,14597.04260141747,21609.41725736629
Romania,ROU,106.997314453125,2008,20718745.0,339689310169.0,449.7973327636719,83.04478454589844,10.316839218139648,17.219999313354492,26.549489974975582,0.0,0.002956697018817,10.168081283569336,16395.264779261484,21709.680425318806
Romania,ROU,87.80574798583984,2009,20576922.0,326954238767.0,392.1224670410156,81.44683074951172,10.620991706848145,15.550000190734863,27.0012149810791,0.0006817818502895,0.0060746753588318,10.484890937805176,15889.365706250916,19056.41995634797
Romania,ROU,84.48790740966797,2010,20432575.0,335489566640.0,396.423828125,78.45331573486328,13.830446243286133,20.299999237060547,33.59814453125,0.0013411653926596,0.2031463235616684,13.19986343383789,16419.34835134583,19401.559917191054
Romania,ROU,92.39070129394533,2011,20282009.0,350086824382.0,408.3410034179688,81.48747253417969,10.997363090515137,16.31999969482422,26.40776634216309,0.0006397411925718,0.8873209357261658,9.422106742858888,17260.954000266935,20133.163505546654
Romania,ROU,89.84770965576172,2012,20158451.0,356825919340.0,393.3322143554688,82.02355194091797,10.40440845489502,14.93000030517578,25.5039291381836,0.0052830358035862,1.7434017658233645,7.968138217926025,17701.05844640543,19512.025718417986
Romania,ROU,78.79546356201172,2013,20062913.0,357789262640.0,369.5765075683594,77.36458587646484,14.507258415222168,20.14999961853028,34.62794494628906,0.2938292622566223,3.16216254234314,10.349435806274414,17833.36560548311,18420.87973806991
Romania,ROU,79.3353500366211,2014,19968179.0,372532510801.0,379.1163940429688,74.55171966552734,17.51321029663086,27.1200008392334,41.77449417114258,0.8803225755691528,3.210292100906372,12.58909511566162,18656.308659943403,18986.027421076746
Romania,ROU,78.04598999023438,2015,19871018.0,384306463712.0,381.13568115234375,73.97388458251953,18.19600296020508,26.190000534057617,39.887298583984375,1.3332713842391968,4.751208782196045,11.188851356506348,19340.049096226474,19180.480896969835
Romania,ROU,76.5869140625,2016,19777049.0,395288226514.0,381.0851135253906,73.5921859741211,18.867429733276367,26.96999931335449,41.99626159667969,1.2159755229949951,4.402900218963623,12.044837951660156,19987.219858432873,19269.058469005697
Romania,ROU,79.43234252929688,2017,19689405.0,456012361225.0,387.9358825683594,75.74812316894531,16.748291015625,24.290000915527344,38.22789001464844,1.2100664377212524,4.829182147979736,9.449731826782228,23160.291599720764,19702.773271633112
Romania,ROU,79.87442016601562,2018,19597874.0,473122658487.0,392.0510864257813,74.92051696777344,17.773447036743164,26.190000534057617,40.87716674804688,1.1372936964035034,4.059836387634277,11.343331336975098,24141.529764248917,20004.776356138493
Romania,ROU,76.69035339355469,2019,19501542.0,456564507688.0,383.8175659179688,75.34137725830078,17.297361373901367,24.6299991607666,41.9162712097168,1.1603126525878906,4.420021057128906,10.168020248413086,23411.713170579023,19681.395754139277
Romania,ROU,73.94638061523438,2020,19392467.0,483499378450.0,369.488525390625,74.12828826904297,18.11705780029297,24.61000061035156,44.57526016235352,1.1720571517944336,4.697021007537842,10.402334213256836,24932.32957158055,19053.198615247096
Romania,ROU,77.50126647949219,2021,19248159.0,505119539256.0,390.00299072265625,74.63670349121094,18.153148651123047,26.34000015258789,44.97950744628906,1.0881677865982056,4.201874256134033,11.125722885131836,26242.485801161554,20261.833390022195
Romania,ROU,73.18602752685547,2022,19166776.0,504741667296.0,360.1657409667969,74.56742095947266,17.783123016357422,23.6200008392334,43.14943313598633,1.3716590404510498,4.826698303222656,9.641412734985352,26334.19763949868,18791.14885919243
Russia,RUS,1480.576416015625,2000,146717784.0,1547057523527.0,7214.09033203125,88.58675384521484,6.353991508483887,164.16000366210938,18.70215034484864,0.0,7.353848195634782e-05,6.350473880767822,10544.444452125857,49169.842505467845
Russia,RUS,1518.0814208984375,2001,146117290.0,1662886727147.0,7328.267578125,88.21649169921875,6.594601631164551,174.00999450683594,19.52382469177246,0.0,0.0001174689823528,6.589593410491943,11380.492528618619,50153.32256795209
Russia,RUS,1508.329833984375,2002,145939502.0,1781424730851.0,7298.46044921875,88.52886962890625,6.127024173736572,162.35000610351562,18.215375900268555,0.0,0.000233945378568,6.11933183670044,12206.597298454533,50010.17784217703
Russia,RUS,1539.00634765625,2003,145794230.0,1955875991276.0,7448.46728515625,88.73548126220703,5.7380547523498535,156.0500030517578,17.030635833740234,0.0,0.0003161298227496,5.722317218780518,13415.31822813564,51088.90307357328
Russia,RUS,1545.353271484375,2004,145180091.0,2143914665541.0,7514.087890625,88.36726379394531,6.387213706970215,176.13999938964844,18.90096664428711,0.0,0.0002537447144277,6.368158340454102,14767.277322763215,51757.01323003717
Russia,RUS,1563.98046875,2005,144597886.0,2331247104465.0,7503.90283203125,88.38333129882812,6.234996795654297,173.07000732421875,18.139419555664062,0.0,0.000244873430347,6.215859413146973,16122.276534976452,51894.96914243442
Russia,RUS,1623.428466796875,2006,144102948.0,2576148450528.0,7836.9365234375,88.67475128173828,5.961686134338379,173.80999755859375,17.51905059814453,0.0,0.0001782870094757,5.941243171691895,17877.139130616535,54384.29006627609
Russia,RUS,1624.3154296875,2007,143859767.0,2858759376272.0,7878.3349609375,88.54512786865234,6.025333881378174,177.52999877929688,17.427112579345703,0.0,0.0002238880842924,6.00579833984375,19871.84767421457,54763.99083099794
Russia,RUS,1652.7314453125,2008,143811837.0,3078094367564.0,7914.6259765625,88.99826049804688,5.539061069488525,165.27999877929688,15.89230728149414,0.0,0.0001741798332659,5.519491195678711,21403.623177165868,55034.59340806904
Russia,RUS,1545.2364501953125,2009,143869128.0,2903690263125.0,7522.18994140625,88.13309478759766,6.130064010620117,174.6999969482422,17.591381072998047,0.0,0.0001332660613115,6.109161853790283,20182.85857077691,52284.94845263989
Russia,RUS,1633.1474609375,2010,143934468.0,3105249267337.0,7814.23583984375,88.69537353515625,5.597348213195801,167.02000427246094,16.090248107910156,0.0,0.000140191434184,5.575630187988281,21574.049013312087,54290.23324589458
Russia,RUS,1684.989013671875,2011,144043751.0,3306765993750.0,8080.548828125,89.15644073486328,5.273504734039307,163.6199951171875,15.511062622070312,3.864932295982726e-05,0.0001736642880132,5.251644611358643,22956.677889830848,56097.8784017156
Russia,RUS,1700.10400390625,2012,144291025.0,3439833075673.0,8128.36328125,89.1198959350586,5.22569751739502,163.9600067138672,15.333826065063477,0.0001341354072792,0.0001672429934842,5.205976963043213,23839.54979648249,56333.117609012756
Russia,RUS,1637.5469970703125,2013,144604105.0,3500216789791.0,8032.525390625,88.66365051269531,5.816118240356445,181.63999938964844,17.15073585510254,0.0003455980040598,0.0001431351702194,5.796801567077637,24205.514703687008,55548.391178971026
Russia,RUS,1637.311279296875,2014,144925639.0,3525987597216.0,8057.76171875,88.7332763671875,5.531414985656738,174.2100067138672,16.370044708251953,0.0050766873173415,0.0030493757221847,5.50168514251709,24329.63291758196,55599.28370403804
Russia,RUS,1635.2435302734375,2015,145307612.0,3456429719677.0,7930.55517578125,88.30801391601562,5.422640323638916,168.9600067138672,15.826892852783203,0.0107637448236346,0.004748011007905,5.388077735900879,23786.983160090746,54577.699451706976
Russia,RUS,1629.328369140625,2016,145778668.0,3463123938280.0,8086.0634765625,88.05194091796875,5.807339191436768,185.67999267578125,17.019716262817383,0.0146260932087898,0.0046261455863714,5.765852451324463,23756.04048103938,55468.08451125716
Russia,RUS,1661.01220703125,2017,146186798.0,3526353842599.0,8135.74267578125,87.95742797851562,5.768985271453857,186.3600006103516,17.078914642333984,0.016800308600068,0.0042927260510623,5.718374252319336,24122.245584714154,55653.06024269886
Russia,RUS,1709.90966796875,2018,146430146.0,3625347362801.0,8432.208984375,88.22664642333984,5.708919525146484,192.0,17.30992889404297,0.018510989844799,0.0070301797240972,5.651106357574463,24758.203565548585,57585.198230800095
Russia,RUS,1704.4586181640625,2019,146533063.0,3705035583500.0,8370.0302734375,87.93292236328125,5.85522985458374,196.22000122070312,17.548471450805664,0.0292794145643711,0.009357345290482,5.777595043182373,25284.63889067821,57120.42116691098
Russia,RUS,1631.901611328125,2020,146371295.0,3606716578675.0,8075.71337890625,86.68297576904297,6.678781032562256,216.25,19.92316246032715,0.0572511442005634,0.0349882133305072,6.531374454498291,24640.87359939666,55172.7944943457
Russia,RUS,1674.5242919921875,2021,145836172.0,3809571453737.0,8331.265625,86.80380249023438,6.586403846740723,220.2400054931641,19.03428649902344,0.0687170773744583,0.0768250748515129,6.376233100891113,26122.267209105023,57127.56657518411
Russia,RUS,1675.4608154296875,2022,145579889.0,3731440829579.0,8626.759765625,87.67830657958984,5.920468807220459,205.1100006103516,17.576740264892578,0.0686377957463264,0.1202142909169197,5.65628719329834,25631.56803601492,59257.908663641036
Saudi Arabia,SAU,309.6391296386719,2000,16177733.0,488272422255.0,1334.879638671875,100.0,0.0,0.0,0.0,0.0,0.0,0.0,30181.75799136999,82513.39286362774
Saudi Arabia,SAU,324.3736267089844,2001,17041405.0,506978101388.0,1422.3323974609375,100.0,0.0,0.0,0.0,0.0,0.0,0.0,29749.78303655127,83463.32931239752
Saudi Arabia,SAU,346.93048095703125,2002,17910909.0,518347038548.0,1481.3826904296875,100.0,0.0,0.0,0.0,0.0,0.0,0.0,28940.297700580133,82708.40360082715
Saudi Arabia,SAU,351.2276916503906,2003,18786771.0,607244594721.0,1569.1910400390625,100.0,0.0,0.0,0.0,0.0,0.0,0.0,32322.989124687792,83526.38354079382
Saudi Arabia,SAU,407.7023010253906,2004,19669486.0,690846607941.0,1702.44775390625,100.0,0.0,0.0,0.0,0.0,0.0,0.0,35122.758568322526,86552.73218152473
Saudi Arabia,SAU,412.23443603515625,2005,20559886.0,768984265306.0,1811.10595703125,100.0,0.0,0.0,0.0,0.0,0.0,0.0,37402.16581482991,88089.29957253898
Saudi Arabia,SAU,444.9772644042969,2006,21459141.0,833723402383.0,1900.169921875,100.0,0.0,0.0,0.0,0.0,0.0,0.0,38851.667099955215,88548.27515579491
Saudi Arabia,SAU,423.3140869140625,2007,22368313.0,896025266041.0,1944.05712890625,100.0,0.0,0.0,0.0,0.0,0.0,0.0,40057.79363159841,86911.20912454372
Saudi Arabia,SAU,469.4303894042969,2008,23287884.0,1005243539213.0,2128.4638671875,99.99992370605467,7.5493888289202e-05,0.0,0.0,7.5493888289202e-05,0.0,0.0,43165.94582886964,91397.90747787562
Saudi Arabia,SAU,503.96966552734375,2009,24217656.0,1040467027041.0,2205.13818359375,99.99992370605467,7.248639303725213e-05,0.0,0.0,7.248639303725213e-05,0.0,0.0,42963.159896275676,91054.98003579496
Saudi Arabia,SAU,555.6397705078125,2010,25157134.0,1156842077931.0,2451.106689453125,99.99956512451172,0.0004344339831732,0.0,0.0,0.0004344339831732,0.0,0.0,45984.653018543366,97431.87317971615
Saudi Arabia,SAU,540.23583984375,2011,26105636.0,1347950226660.0,2557.291015625,99.99945068359376,0.0005462388508021,0.0099999997764825,0.0038587690796703,0.0005462388508021,0.0,0.0,51634.452677575064,97959.34546949939
Saudi Arabia,SAU,605.7122802734375,2012,27062447.0,1421109142119.0,2714.210693359375,99.99756622314452,0.0024344038683921,0.0299999993294477,0.0106522738933563,0.0024344038683921,0.0,0.0,52512.21894749577,100294.35598929302
Saudi Arabia,SAU,583.1779174804688,2013,28026825.0,1461615692896.0,2731.220458984375,99.99602508544922,0.0039774160832166,0.0399999991059303,0.013572203926742,0.0039774160832166,0.0,0.0,52150.59832485485,97450.22702301723
Saudi Arabia,SAU,585.109130859375,2014,28998127.0,1520484201383.0,2931.71728515625,99.99601745605467,0.0039821662940084,0.050000000745058,0.0152346128597855,0.0039821662940084,0.0,0.0,52433.876208039226,101100.22916846491
Saudi Arabia,SAU,624.5469970703125,2015,29974944.0,1591797027903.0,3056.62548828125,99.99620056152344,0.0038000962231308,0.050000000745058,0.0142596391960978,0.0038000962231308,0.0,0.0,53104.25360270898,101972.68386160288
Saudi Arabia,SAU,641.1741943359375,2016,30717804.0,1629412617614.0,3179.843994140625,99.99637603759766,0.003625308861956,0.050000000745058,0.0139797572046518,0.003625308861956,0.0,0.0,53044.56717068707,103517.94659997911
Saudi Arabia,SAU,644.4865112304688,2017,30782400.0,1628276592787.0,3181.8193359375,99.99451446533205,0.0054885460995137,0.0700000002980232,0.0177219677716493,0.0051099876873195,0.0003785583539865,0.0,52896.34962793675,103364.88824579955
Saudi Arabia,SAU,652.2041625976562,2018,30365119.0,1673253984473.0,3101.677734375,99.98682403564452,0.013177553191781,0.1599999964237213,0.0426928512752056,0.0127911437302827,0.0003864094032905,0.0,55104.47643801429,102146.0753825796
Saudi Arabia,SAU,708.334716796875,2019,30472809.0,1687180073621.0,2967.37939453125,99.9822769165039,0.0177201610058546,0.2199999988079071,0.0581164993345737,0.0172451883554458,0.0004749720101244,0.0,55366.739364953195,97377.94092206104
Saudi Arabia,SAU,653.564697265625,2020,30991206.0,1613932868835.0,2888.252685546875,99.92163848876952,0.0783630460500717,0.9200000166893004,0.2415332198143005,0.0778762549161911,0.0004867981479037,0.0,52077.123711642584,93195.87903571338
Saudi Arabia,SAU,695.3944702148438,2021,31328374.0,1677226744197.0,2982.345703125,99.91740417480467,0.0825920775532722,1.0,0.2544853091239929,0.0821230858564376,0.0004689943743869,0.0,53536.98676468175,95196.31319279449
Saudi Arabia,SAU,666.9935302734375,2022,32175351.0,1823886192336.0,3150.0537109375,99.84320831298828,0.1567925065755844,2.009999990463257,0.4904353022575378,0.0948555618524551,0.0619369409978389,0.0,56685.821153466204,97902.69921025881
Singapore,SGP,37.36872100830078,2000,4035251.0,152153574500.0,443.0144348144531,99.8271713256836,0.1728281080722808,0.4900000095367431,1.5472055673599243,0.0,0.0,0.0,37706.09919928153,109786.09132726889
Singapore,SGP,38.52521896362305,2001,4116169.0,152550774197.0,500.7205200195313,99.70478057861328,0.2952183485031128,0.6899999976158142,2.0871143341064453,0.0,0.0,0.0,37061.34859793172,121647.22100077312
Singapore,SGP,40.20840072631836,2002,4146898.0,157982989858.0,482.2401428222656,99.69346618652344,0.3065324425697326,0.7699999809265137,2.221580982208252,0.0,0.0,0.0,38096.666437901295,116289.36685258852
Singapore,SGP,39.53404235839844,2003,4138241.0,160287778605.0,454.2738342285156,99.65946197509766,0.3405409455299377,0.9900000095367432,2.802944660186768,0.0,0.0,0.0,38733.311715049946,109774.62023804695
Singapore,SGP,41.0,2004,4172767.0,175483138246.0,513.5206298828125,99.70848846435548,0.2915109395980835,0.959999978542328,2.60727858543396,0.0,0.0,0.0,42054.38219914987,123064.77449682968
Singapore,SGP,39.59999847412109,2005,4268363.0,190691514722.0,542.3024291992188,99.7247314453125,0.2752655744552612,0.959999978542328,2.5117738246917725,0.0,0.0,0.0,44675.56173690007,127051.61889914676
Singapore,SGP,40.59999847412109,2006,4407064.0,211578605777.0,598.8245239257812,99.75274658203124,0.2472500056028366,0.949999988079071,2.405672073364258,0.0,0.0,0.0,48008.970547511904,135878.336217895
Singapore,SGP,41.09999847412109,2007,4596516.0,237920174358.0,648.4867553710938,99.76212310791016,0.2378780543804168,0.9900000095367432,2.407002210617065,0.0,0.0,0.0,51760.98035077002,141082.2360612024
Singapore,SGP,40.20000076293945,2008,4806742.0,252508208683.0,690.5997314453125,99.76417541503906,0.2358275055885315,1.0399999618530271,2.495800256729126,0.0001134783087763,0.0,0.0,52532.09110932103,143673.14314879235
Singapore,SGP,40.79999923706055,2009,4968574.0,256114472232.0,742.0028076171875,99.7774429321289,0.2225598096847534,1.0499999523162842,2.5119616985321045,0.0005645771161653,0.0,0.0,51546.87687694699,149339.18818904329
Singapore,SGP,44.400001525878906,2010,5077020.0,297586792174.0,792.0330200195312,99.7673110961914,0.2326921820640564,1.1799999475479126,2.6014108657836914,0.0010147131979465,0.0,0.0,58614.46127334539,156003.52569411413
Singapore,SGP,47.0,2011,5182242.0,319718127421.0,824.1597900390625,99.76898193359376,0.2310206741094589,1.2000000476837158,2.60869574546814,0.0015387773746624,0.0,0.0,61694.943505339965,159035.37311438998
Singapore,SGP,46.09999847412109,2012,5293345.0,333899221028.0,831.2716064453125,99.75846099853516,0.2415368258953094,1.2699999809265137,2.7055816650390625,0.0025403369218111,0.0,0.0,63079.058899051546,157040.8893516883
Singapore,SGP,47.0,2013,5385589.0,349985256634.0,843.1290283203125,99.73461151123048,0.2653920352458954,1.690000057220459,3.523035287857056,0.0038089563604444,0.0,0.0,64985.51163744579,156552.79827708958
Singapore,SGP,47.59999847412109,2014,5457899.0,363759075569.0,860.4638671875,99.7226791381836,0.2773183286190033,1.3799999952316284,2.7991886138916016,0.0080241682007908,0.0,0.0,66648.18743787674,157654.78019792965
Singapore,SGP,49.400001525878906,2015,5525343.0,374587437267.0,911.6187133789062,99.70800018310548,0.2920026481151581,1.4600000381469729,2.903739213943481,0.013534509576857,0.0,0.0,67794.42240364083,164988.6194176373
Singapore,SGP,49.09999847412109,2016,5577936.0,388078809982.0,960.8921508789062,99.71617126464844,0.2838297188282013,1.5,2.9075403213500977,0.0231399908661842,0.0,0.0,69573.9086970521,172266.6145468335
Singapore,SGP,50.09999847412109,2017,5604087.0,405715948493.0,986.0951538085938,99.7232894897461,0.2767103016376495,1.5099999904632568,2.888293743133545,0.0311316177248954,0.0,0.0,72396.44004331125,175960.000943703
Singapore,SGP,50.29999923706055,2018,5634366.0,420221993120.0,993.5774536132812,99.726318359375,0.2736794054508209,1.4900000095367432,2.812912940979004,0.0338422358036041,0.0,0.0,74581.94819434875,176342.36995134523
Singapore,SGP,49.0,2019,5669562.0,425816263950.0,974.5073852539062,99.7067413330078,0.2932596802711487,1.5099999904632568,2.789065361022949,0.0494373738765716,0.0,0.0,75105.67199900099,171884.06886703175
Singapore,SGP,46.70000076293945,2020,5620151.0,409204971045.0,913.3707275390624,99.68588256835938,0.3141159415245056,1.4900000095367432,2.807612657546997,0.0797853171825409,0.0,0.0,72810.31613652373,162517.11520545665
Singapore,SGP,50.09999847412109,2021,5546291.0,445551993008.0,912.04638671875,99.6623077392578,0.3376918137073517,1.6200000047683716,2.9037461280822754,0.1071700602769851,0.0,0.0,80333.32419954165,164442.57734019906
Singapore,SGP,48.93388366699219,2022,5649888.0,461801118473.0,895.6299438476562,99.47865295410156,0.5213484764099121,2.3299999237060547,4.093464374542236,0.1830794066190719,0.0,0.0,81736.33149418182,158521.71650971775
Slovakia,SVK,41.18703842163086,2000,5380001.0,74595099937.0,218.2472076416016,72.90819549560547,5.923003673553467,4.610000133514404,14.97725772857666,0.0,0.0,5.923003673553467,13865.257634152857,40566.387932195845
Slovakia,SVK,43.27272415161133,2001,5379439.0,76744257548.0,224.55816650390625,72.30683898925781,6.479548454284668,5.079999923706055,15.964801788330078,0.0,0.0,6.111177444458008,14266.219497609323,41743.78899061896
Slovakia,SVK,42.03369903564453,2002,5377685.0,80059373942.0,226.4268035888672,71.42057800292969,6.657926082611084,5.420000076293945,16.84276008605957,0.0,0.0,6.432486534118652,14887.330504110969,42104.88408838881
Slovakia,SVK,42.35922622680664,2003,5376197.0,84281952821.0,219.8829803466797,73.1960678100586,4.498831272125244,3.5799999237060547,11.555842399597168,0.0,0.0024972120299935,4.34514856338501,15676.872112573255,40899.35326898916
Slovakia,SVK,42.85655975341797,2004,5376038.0,88594621302.0,215.0430145263672,73.12942504882812,5.248497486114502,4.130000114440918,13.55876636505127,0.0,0.0076196696609258,5.20677375793457,16479.537775216617,40000.27799773126
Slovakia,SVK,42.857269287109375,2005,5376697.0,94444699022.0,226.26744079589844,73.10549926757812,5.658271312713623,4.679999828338623,14.932991981506348,0.0,0.0071877581067383,5.5561370849609375,17565.560979538182,42082.98157696043
Slovakia,SVK,42.63935089111328,2006,5376847.0,102275719553.0,220.1784820556641,71.76866149902344,6.177391529083252,4.809999942779541,15.392000198364258,0.0,0.0073464177548885,5.386148929595947,19021.504527281508,40949.36717664908
Slovakia,SVK,41.03185272216797,2007,5376993.0,113160253049.0,206.6288452148437,73.26492309570312,6.843667507171631,4.929999828338623,17.701974868774414,0.0,0.0103776780888438,5.773880481719971,21045.266945484214,38428.32698775016
Slovakia,SVK,41.42530059814453,2008,5379127.0,119380219073.0,212.20860290527344,72.82684326171875,6.237796306610107,4.570000171661377,15.923345565795898,0.0,0.0087737245485186,5.062854766845703,22193.233041904383,39450.37975591084
Slovakia,SVK,37.68112564086914,2009,5385074.0,112760232233.0,192.3178100585937,73.21639251708984,7.410487651824951,4.920000076293945,18.97416114807129,0.0,0.008255005814135,6.009040355682373,20939.402547300186,35713.12298746381
Slovakia,SVK,38.46435546875,2010,5391857.0,118344324253.0,205.49989318847656,73.05313110351562,8.313800811767578,5.949999809265137,21.66788101196289,0.0216605886816978,0.0076710861176252,6.718593120574951,21948.71344937375,38113.00878129308
Slovakia,SVK,38.045108795166016,2011,5398105.0,120554965758.0,197.6913604736328,72.12687683105469,7.509848117828369,5.0,17.680339813232422,0.5245746970176697,0.0066067338921129,4.992295265197754,22332.83082822583,36622.362935443605
Slovakia,SVK,35.96140670776367,2012,5404877.0,122144694992.0,189.89334106445312,70.43702697753906,8.348837852478027,5.46999979019165,19.32862091064453,0.5804964900016785,0.0082145733758807,5.617399215698242,22598.97773658864,35133.70259202071
Slovakia,SVK,35.621707916259766,2013,5410422.0,122917618179.0,194.5870361328125,69.82154083251953,9.315093994140623,6.360000133514404,22.3157901763916,0.7803852558135986,0.0079631153494119,6.434197425842285,22718.67484255387,35965.22343965268
Slovakia,SVK,33.70817184448242,2014,5415238.0,126232947119.0,181.11990356445312,67.83872985839844,10.175565719604492,6.239999771118164,23.000368118286133,0.8468589782714844,0.0085111455991864,5.970568656921387,23310.692368276334,33446.3422594636
Slovakia,SVK,34.527854919433594,2015,5420278.0,132755573802.0,182.98992919921875,68.92863464355469,9.930641174316406,6.050000190734863,22.727272033691406,0.7062726616859436,0.0083747748285532,5.396146774291992,24492.392051108818,33760.24794285805
Slovakia,SVK,34.9775505065918,2016,5427262.0,135336424966.0,184.74371337890625,69.13744354248047,10.576948165893556,6.630000114440918,24.738807678222656,0.7318416833877563,0.0082383677363395,5.985174655914307,24936.40899702281,34039.94746870636
Slovakia,SVK,36.18394470214844,2017,5435702.0,139312659832.0,194.59469604492188,70.55787658691406,9.896001815795898,6.539999961853027,23.85120391845703,0.655814528465271,0.0077764568850398,5.6042327880859375,25629.19376963638,35799.36796478576
Slovakia,SVK,36.18406677246094,2018,5443229.0,144927513498.0,191.295654296875,71.495849609375,9.046905517578123,5.809999942779541,21.79294776916504,0.7668589949607849,0.0078652203083038,4.706023216247559,26625.283172543357,35143.782173572894
Slovakia,SVK,33.85319137573242,2019,5450627.0,148579167627.0,184.8489227294922,68.79341125488281,10.548754692077637,6.650000095367432,23.57320213317871,0.796195924282074,0.0081106554716825,5.888335704803467,27259.096545590077,33913.33193951672
Slovakia,SVK,31.17616081237793,2020,5455028.0,143565091421.0,181.1253967285156,67.70587158203125,11.039277076721191,6.849999904632568,24.026657104492188,0.9124557375907898,0.0055050123482942,6.2165350914001465,26317.938500224012,33203.385340738045
Slovakia,SVK,35.25132369995117,2021,5442766.0,147892579134.0,195.22315979003903,69.77294921875,10.21347427368164,6.769999980926514,22.794612884521484,0.8537258505821228,0.0063615939579904,5.4175333976745605,27172.31994430773,35868.372770396345
Slovakia,SVK,31.58946418762207,2022,5473195.0,150360426456.0,179.8928680419922,68.4053955078125,9.672483444213867,5.820000171661377,21.929162979125977,0.8950614929199219,0.0055080717429518,5.064671039581299,27472.1486181289,32867.98077576118
Slovenia,SVN,15.05975341796875,2000,1986817.0,43078787444.0,78.46461486816406,68.9066390991211,14.026291847229004,3.900000095367432,28.6554012298584,0.0,0.0,13.74399185180664,21682.312686070232,39492.62305897527
Slovenia,SVN,16.30918312072754,2001,1989684.0,44148368411.0,82.23001861572266,68.94810485839844,13.181107521057127,3.869999885559082,26.726518630981445,0.0,0.0,12.904223442077637,22188.63317541881,41328.18006061397
Slovenia,SVN,16.570911407470703,2002,1991571.0,45659924240.0,81.7999267578125,69.65098571777344,11.619203567504885,3.4100000858306885,23.356164932250977,0.0,0.0,11.225010871887209,22926.586217614135,41073.065814782654
Slovenia,SVN,16.2780818939209,2003,1992499.0,46758348275.0,80.23735046386719,71.50601196289062,10.626738548278809,3.0799999237060547,22.27042579650879,0.0,0.0,10.14662265777588,23467.18782543931,40269.70676716384
Slovenia,SVN,16.710708618164062,2004,1993548.0,48578174459.0,85.1431655883789,68.77518463134766,13.640270233154297,4.210000038146973,27.57039833068848,0.0,0.0,13.190821647644045,24367.697421381377,42709.36319987224
Slovenia,SVN,16.94197654724121,2005,1996915.0,50309132737.0,85.30863952636719,69.80863189697266,11.438243865966797,3.569999933242798,23.62673759460449,0.0,0.0,11.030689239501951,25193.42723000228,42720.21569589451
Slovenia,SVN,17.184160232543945,2006,2003116.0,52944721543.0,85.83052825927734,70.79090118408203,11.735153198242188,3.700000047683716,24.48709487915039,0.0,0.0,11.310192108154297,26431.18099151522,42848.506157045995
Slovenia,SVN,17.34908103942871,2007,2014159.0,56590130937.0,85.37916564941406,71.22582244873047,10.853185653686523,3.380000114440918,22.47340583801269,0.0,0.0,10.277430534362791,28096.15871289208,42389.48645534641
Slovenia,SVN,18.284603118896484,2008,2025090.0,57981920900.0,93.65596771240234,69.3769760131836,12.745638847351074,4.309999942779541,26.26447296142578,0.002849893644452,0.0,11.450872421264648,28631.774834698706,46247.80514071095
Slovenia,SVN,16.209409713745117,2009,2035610.0,53266134006.0,86.41146087646484,66.69761657714844,15.641199111938477,4.900000095367432,29.89628028869629,0.0123095894232392,0.0,14.509928703308104,26167.160706618655,42449.90979434412
Slovenia,SVN,16.465505599975586,2010,2044611.0,53649775101.0,86.56666564941406,67.53020477294922,15.227530479431152,4.75,29.212791442871094,0.0396233834326267,0.0,13.770649909973145,26239.600149368267,42338.94156365884
Slovenia,SVN,16.364208221435547,2011,2048805.0,53761447942.0,84.03897857666016,67.85247039794922,12.763014793395996,3.880000114440918,24.37186050415039,0.2058532387018203,0.0,11.109837532043455,26240.39278603869,41018.53450018921
Slovenia,SVN,15.765101432800291,2012,2053322.0,52342432631.0,81.65901947021484,67.59228515625,14.747407913208008,4.329999923706055,27.845659255981445,0.5207362174987793,0.0,12.456137657165527,25491.58516345707,39769.222494189824
Slovenia,SVN,15.136784553527832,2013,2056452.0,51803647300.0,80.77859497070312,65.5287857055664,17.45112419128418,5.110000133514404,32.341773986816406,0.6904374957084656,0.0128453504294157,14.865281105041504,25190.78845506727,39280.564278039616
Slovenia,SVN,13.568340301513672,2014,2058395.0,53237651266.0,82.86103057861328,58.65804672241211,21.441112518310547,6.599999904632568,38.48396682739258,0.8029067516326904,0.0124966036528348,19.03232765197754,25863.67109616959,40255.16510612068
Slovenia,SVN,13.658673286437988,2015,2059946.0,54414237086.0,74.71550750732422,64.990234375,15.61939525604248,4.349999904632568,29.391891479492188,0.9406800866127014,0.0205988325178623,13.073393821716309,26415.37063884199,36270.614621608634
Slovenia,SVN,14.468011856079102,2016,2061379.0,56151179265.0,79.85813903808594,65.13119506835938,16.630552291870117,5.059999942779541,31.176834106445312,0.8520757555961609,0.0192002300173044,14.370400428771973,27239.619334920942,38740.15357587612
Slovenia,SVN,14.637192726135254,2017,2062410.0,58855036945.0,80.7209243774414,65.733154296875,14.54961109161377,4.440000057220459,27.66355323791504,0.8905059099197388,0.0179313980042934,12.135204315185549,28537.02074029897,39139.12576909606
Slovenia,SVN,14.56335163116455,2018,2069484.0,61476689663.0,82.39095306396484,65.04605102539062,17.277667999267578,5.21999979019165,32.38212966918945,0.7801973223686218,0.0184246525168418,14.395525932312012,29706.288941108025,39812.317014272565
Slovenia,SVN,14.053007125854492,2019,2083438.0,63598215879.0,80.00228881835938,64.30716705322266,17.43036460876465,5.039999961853027,31.718061447143555,0.9506952166557312,0.0192938037216663,14.052775382995604,30525.610015272832,38399.169458538905
Slovenia,SVN,12.872990608215332,2020,2102421.0,60849951865.0,77.29536437988281,59.61441040039063,19.778379440307617,5.579999923706055,33.03730010986328,1.194360375404358,0.0202770996838808,16.00518798828125,28942.800640309433,36764.93165730499
Slovenia,SVN,13.076157569885254,2021,2113495.0,65846342756.0,76.58191680908203,61.77369689941406,19.610496520996094,5.440000057220459,34.894161224365234,1.4782922267913818,0.0182473007589578,15.374682426452637,31155.192113537058,36234.7281678367
Slovenia,SVN,12.727840423583984,2022,2115231.0,69385349463.0,70.60175323486328,64.34564971923828,15.911842346191406,4.070000171661377,30.464073181152344,2.273747205734253,0.0201844908297061,11.088991165161133,32802.729093418166,33377.79809149132
South Africa,ZAF,378.33251953125,2000,47159715.0,356072104365.0,1185.3831787109375,96.5623016357422,0.3863939940929413,1.5800000429153442,0.7500237226486206,0.002181178657338,0.0,0.2582233548164367,7550.344703419009,25135.503442099627
South Africa,ZAF,371.60198974609375,2001,47566805.0,374889022813.0,1191.536376953125,97.00010681152344,0.5128658413887024,2.140000104904175,1.018611192703247,0.002505823271349,0.0,0.3993075489997864,7881.316031484562,25049.745866957535
South Africa,ZAF,356.50115966796875,2002,48019414.0,396137571619.0,1161.125,96.50640869140624,0.6614810824394226,2.559999942779541,1.160576581954956,0.0029287105426192,0.0,0.4922123253345489,8249.52948444977,24180.324233027917
South Africa,ZAF,404.4060363769531,2003,48500351.0,413710071358.0,1257.9580078125,96.92684173583984,0.3283068835735321,1.2699999809265137,0.5421789288520813,0.0030129898805171,0.0013005711371079,0.1793513745069503,8530.04283119518,25937.090801930484
South Africa,ZAF,449.3216247558594,2004,48991420.0,439265862379.0,1372.7725830078125,97.0332260131836,0.3265353143215179,1.3600000143051147,0.5559870600700378,0.0030619734898209,0.0023705603089183,0.1876573115587234,8966.1794326231,28020.673477270357
South Africa,ZAF,416.2048645019531,2005,49490041.0,470188845104.0,1299.321533203125,97.27783203125,0.3841322362422943,1.7899999618530271,0.7308210730552673,0.0035196829121559,0.0024844817817211,0.2757650911808014,9500.676006794984,26254.201995975818
South Africa,ZAF,446.7443237304688,2006,49998271.0,505574497707.0,1326.0606689453125,97.28472900390624,0.6920068860054016,3.3399999141693115,1.315945029258728,0.003753509838134,0.0024216193705797,0.5847443342208862,10111.839621554112,26522.13051417943
South Africa,ZAF,465.0337219238281,2007,50528575.0,542976204451.0,1362.1934814453125,97.06591033935548,0.7227087020874023,3.3299999237060547,1.2638051509857178,0.0039276084862649,0.0023448409046977,0.559951901435852,10745.923558125278,26958.873893540684
South Africa,ZAF,494.6725463867188,2008,51114595.0,571660802378.0,1459.6966552734375,97.2746810913086,0.3731110692024231,1.7599999904632568,0.6814045906066895,0.0039251656271517,0.0037985474336892,0.227844089269638,11183.90554357322,28557.335830860786
South Africa,ZAF,474.5122680664063,2009,51728518.0,574768021657.0,1453.214111328125,97.29598236083984,0.3895322978496551,1.950000047683716,0.7813752293586731,0.0042111165821552,0.0054220384918153,0.2623579800128937,11111.240837346239,28093.09385836503
South Africa,ZAF,467.3525085449219,2010,52344047.0,607601612432.0,1463.9886474609375,97.28218841552734,0.309906005859375,1.590000033378601,0.6125043630599976,0.0049130050465464,0.0060522533021867,0.2034446597099304,11607.845538423882,27968.57964499645
South Africa,ZAF,474.2727661132813,2011,52995212.0,645388107070.0,1446.2139892578125,96.99488067626952,0.6918544173240662,3.5299999713897705,1.3448642492294312,0.0143973855301737,0.0066339136101305,0.5493282675743103,12178.234272749018,27289.521726185612
South Africa,ZAF,461.4383850097656,2012,53782570.0,660853021773.0,1424.103759765625,97.29403686523438,0.357633888721466,1.5099999904632568,0.5855664014816284,0.0155741395428776,0.0067005017772316,0.1844466775655746,12287.494289934453,26478.908682973404
South Africa,ZAF,456.18798828125,2013,54678789.0,677278303675.0,1430.568603515625,97.0791473388672,0.3971041440963745,1.6699999570846558,0.6524711847305298,0.0434758961200714,0.0066197868436574,0.1975050717592239,12386.490558066309,26163.1361937373
South Africa,ZAF,481.6378479003906,2014,55594840.0,686853872664.0,1448.0450439453125,96.76350402832033,0.8101888298988342,4.309999942779541,1.6917219161987305,0.189080998301506,0.1875047981739044,0.3157432973384857,12354.633499511825,26046.392865692436
South Africa,ZAF,457.4732360839844,2015,56723536.0,695933197143.0,1415.4158935546875,96.51828002929688,1.2903200387954712,6.519999980926514,2.607478380203247,0.4922909736633301,0.5499547719955444,0.1307284086942672,12268.861326681044,24952.88540465262
South Africa,ZAF,457.04974365234375,2016,57259550.0,700558003750.0,1480.0606689453125,95.96306610107422,1.4823064804077148,8.170000076293945,3.2316761016845703,0.5566248893737793,0.7155877351760864,0.1060885637998581,12234.78011528208,25848.2762953134
South Africa,ZAF,440.0102844238281,2017,57635158.0,708670169977.0,1475.1417236328125,95.43010711669922,2.160073518753052,12.130000114440918,4.754252433776856,0.7197377681732178,1.192261815071106,0.1317566633224487,12295.796429967279,25594.476962010107
South Africa,ZAF,453.7659912109375,2018,58613001.0,719458334697.0,1409.859375,95.66316986083984,2.2899694442749023,12.479999542236328,4.869293689727783,0.808315098285675,1.1330196857452393,0.1949642598628997,12274.722713771302,24053.697148180487
South Africa,ZAF,470.7274169921875,2019,59587880.0,721641639539.0,1471.708251953125,95.5270538330078,2.2399826049804688,13.199999809265137,5.215948104858398,0.8261565566062927,1.1174933910369873,0.1248586550354957,12110.54394851772,24698.113978096302
South Africa,ZAF,435.2976684570313,2020,60562374.0,675871755463.0,1399.5968017578125,95.66731262207033,2.582289695739746,15.270000457763672,6.342942714691162,1.0075000524520874,1.1331723928451538,0.2589451968669891,11159.928365143018,23110.005591224224
South Africa,ZAF,439.4643859863281,2021,61502602.0,709077881289.0,1405.6502685546875,94.58261108398438,3.247384548187256,18.920000076293945,7.707976818084717,1.1917017698287964,1.5196174383163452,0.354436844587326,11529.233857276478,22855.13495111455
South Africa,ZAF,428.78216552734375,2022,62378417.0,723559323969.0,1346.169189453125,94.5037612915039,3.64823317527771,23.6200008392334,9.875821113586426,1.1344177722930908,1.7748149633407593,0.5672088861465454,11599.514042958159,21580.68854894354
South Korea,KOR,439.9806823730469,2000,46766660.0,1086261690312.0,2260.79833984375,86.0610580444336,0.507887065410614,4.119999885559082,1.4184885025024414,0.0006513147964142,0.0020566212479025,0.4942242503166199,23227.266824528415,48342.09541249578
South Korea,KOR,455.6306457519531,2001,47043467.0,1127616204375.0,2315.476806640625,86.29002380371094,0.2929415106773376,2.440000057220459,0.787401556968689,0.0007399329333566,0.0015064288163557,0.2787837088108063,23969.666274277788,49219.94390083165
South Korea,KOR,476.06488037109375,2002,47299118.0,1203066586464.0,2420.716064453125,86.0833511352539,0.3927483260631561,3.430000066757202,1.0331014394760132,0.0007998321671038,0.0016897078603506,0.3670754730701446,25435.285843258218,51178.88381033078
South Korea,KOR,485.2127990722656,2003,47514158.0,1229830453921.0,2497.259033203125,85.2414321899414,0.5620511770248413,5.110000133514404,1.4693620204925537,0.0008486920269206,0.0027222300413995,0.5348749160766602,25883.452547364934,52558.20871756004
South Korea,KOR,491.3894348144531,2004,47697076.0,1281243847324.0,2564.5830078125,85.64521026611328,0.4988533854484558,4.659999847412109,1.2662354707717896,0.0010464444058015,0.0050289118662476,0.4569798111915588,26862.104656562176,53768.1389067225
South Korea,KOR,498.6882934570313,2005,47851646.0,1322354601142.0,2642.63720703125,84.59516906738281,0.4205606877803802,4.070000171661377,1.045009970664978,0.0014699543826282,0.0132599081844091,0.374997079372406,27634.464259432163,55225.628122201895
South Korea,KOR,503.4781799316406,2006,48006518.0,1381281470156.0,2686.0419921875,84.72252655029297,0.420154333114624,3.9800000190734863,0.9876176118850708,0.0030985353514552,0.0238628778606653,0.3463441729545593,28772.790189782147,55951.61040814291
South Korea,KOR,521.708740234375,2007,48178122.0,1446721509093.0,2765.685302734375,85.73582458496094,0.4769841730594635,4.460000038146973,1.0484004020690918,0.0068753091618418,0.036232940852642,0.3502954840660095,30028.599061893696,57405.419470986744
South Korea,KOR,532.6507568359375,2008,48356485.0,1477425172333.0,2816.135986328125,85.30628967285156,0.5023927092552185,4.440000057220459,1.0031404495239258,0.0267280116677284,0.0409908778965473,0.2886164486408233,30552.782575760004,58236.98695900095
South Korea,KOR,537.81982421875,2009,48546690.0,1477640571750.0,2832.923828125,85.72126007080078,0.54491126537323,4.610000133514404,1.0188971757888794,0.052621841430664,0.063696764409542,0.2614563703536987,30437.51431354022,58354.62372666396
South Korea,KOR,594.339111328125,2010,48769329.0,1562822824921.0,3056.2275390625,86.66808319091797,0.6298218965530396,5.690000057220459,1.1494252681732178,0.0661130547523498,0.0698339417576789,0.3147380650043487,32045.1984262691,62666.99997169327
South Korea,KOR,623.4428100585938,2011,49127640.0,1609219825000.0,3208.351318359375,86.72503662109375,0.7427980303764343,7.400000095367432,1.4281303882598877,0.074740745127201,0.0698917731642723,0.3723990321159363,32755.89515392964,65306.440902908726
South Korea,KOR,627.9430541992188,2012,49599580.0,1647889319531.0,3242.84375,87.2026138305664,0.8157147169113159,8.170000076293945,1.537998080253601,0.0898340120911598,0.0727515891194343,0.3163478672504425,33223.85632158579,65380.46793944626
South Korea,KOR,634.5806884765625,2013,50071168.0,1700045113031.0,3242.373779296875,88.02234649658203,0.9986501336097716,10.229999542236328,1.9044605493545528,0.1319247037172317,0.0908333510160446,0.3393177986145019,33952.57552272398,64755.30547433755
South Korea,KOR,629.366455078125,2014,50539055.0,1754480590300.0,3269.3701171875,86.52979278564453,1.2593660354614258,12.890000343322754,2.3853585720062256,0.2103511393070221,0.0894384160637855,0.2148065418004989,34715.342229885384,64689.973272897565
South Korea,KOR,634.1773071289062,2015,50983909.0,1803763858886.0,3320.508544921875,85.94723510742188,1.451361894607544,15.199999809265137,2.774735450744629,0.323515921831131,0.1026768013834953,0.1641094982624054,35379.08124867397,65128.55938374351
South Korea,KOR,637.9140625,2016,51297836.0,1856920794289.0,3438.94189453125,86.47476196289062,1.650458812713623,18.1299991607666,3.231844186782837,0.4043518900871277,0.1233851760625839,0.2086414545774459,36198.813421466744,67038.73228748383
South Korea,KOR,654.5372924804688,2017,51486268.0,1915599559593.0,3479.51708984375,87.33140563964844,1.9714481830596924,22.32999992370605,3.873978853225708,0.5577649474143982,0.1563283652067184,0.2024322599172592,37206.02859762529,67581.45861035703
South Korea,KOR,670.168701171875,2018,51640894.0,1971285914824.0,3562.572021484375,88.26760864257812,2.383721351623535,27.799999237060547,4.688738822937012,0.7119778990745544,0.1726091802120208,0.2352423816919326,38172.96259092649,68987.41957264286
South Korea,KOR,646.1022338867188,2019,51767844.0,2015521635585.0,3515.9345703125,86.8858642578125,2.8068885803222656,33.0099983215332,5.625425815582275,1.0026057958602903,0.1892655491828918,0.1969959288835525,38933.85313834975,67917.3459553869
South Korea,KOR,597.63427734375,2020,51858481.0,2001231642062.0,3389.709228515625,84.81975555419922,3.4662952423095703,40.400001525878906,7.000399112701416,1.414150953292847,0.2303501367568969,0.2835349440574646,38590.24798782672,65364.60696786751
South Korea,KOR,616.0750122070312,2021,51848401.0,2084182684453.0,3573.318115234375,85.18961334228516,3.8773114681243896,48.09999847412109,7.914308071136475,1.7102121114730835,0.220025360584259,0.2113409638404846,40197.62700980885,68918.5789014858
South Korea,KOR,606.8772583007812,2022,51782515.0,2137558645699.0,3619.569580078125,83.66788482666016,4.332525253295898,55.4900016784668,8.91276741027832,2.094257354736328,0.2296573519706726,0.2413616329431533,41279.54475944245,69899.45505887702
Spain,ESP,309.259521484375,2000,41019772.0,1094998702299.0,1525.34814453125,81.9992904663086,6.598010063171387,34.4900016784668,15.611987113952637,0.0032994975335896,0.8664848208427429,5.420341491699219,26694.412204412056,37185.68071346789
Spain,ESP,311.0312805175781,2001,41245602.0,1147959133197.0,1587.078125,80.11666107177734,8.709261894226074,49.29999923706055,21.152442932128903,0.0042094849050045,1.185496211051941,7.195939540863037,27832.279746989752,38478.72374368545
Spain,ESP,331.0281982421875,2002,41755703.0,1191323484900.0,1614.6258544921875,83.22551727294922,6.0164313316345215,33.16999816894531,13.826017379760742,0.0051215793937444,1.5948598384857178,3.912886619567871,28530.79697640344,38668.39110557395
Spain,ESP,335.5389099121094,2003,42506540.0,1239651963472.0,1694.781005859375,80.76741790771484,9.206891059875488,55.75,21.667314529418945,0.006643287371844,1.9565290212631223,6.652037143707275,29163.793700263537,39871.064684619705
Spain,ESP,352.1392822265625,2004,43234562.0,1289831715789.0,1744.4593505859375,82.03133392333984,8.0197114944458,50.130001068115234,18.122989654541016,0.0087592583149671,2.4557204246521,4.954611301422119,29833.34758402317,40348.72263967743
Spain,ESP,367.4470825195313,2005,43958883.0,1348839731490.0,1770.329833984375,84.7691879272461,6.4418535232543945,42.27000045776367,14.603055000305176,0.006262662820518,3.234589099884033,2.729910135269165,30684.12205765101,40272.40259913736
Spain,ESP,358.8694763183594,2006,44695446.0,1415738502534.0,1783.066650390625,82.98896789550781,7.933479309082031,52.150001525878906,17.642681121826172,0.0179660879075527,3.5172770023345947,3.908756494522095,31675.22934068048,39893.69857480838
Spain,ESP,366.468505859375,2007,45516501.0,1481143208580.0,1828.4080810546875,83.06056213378906,8.869269371032715,58.29999923706055,19.313589096069336,0.0743996649980545,4.03749942779541,3.988436698913574,32540.79676686923,40170.224882942726
Spain,ESP,335.2844543457031,2008,46235055.0,1510615290401.0,1774.5941162109375,81.19107055664062,9.972074508666992,62.150001525878906,20.06197738647461,0.386302500963211,4.936820030212402,3.5261716842651367,32672.509860775554,38382.00508706948
Spain,ESP,296.1593322753906,2009,46635182.0,1468765814163.0,1652.0989990234375,78.62841033935547,12.912885665893556,74.08000183105469,25.481563568115234,0.972652554512024,6.074037551879883,4.2248358726501465,31494.8018035611,35426.022332740926
Spain,ESP,282.5850830078125,2010,46840469.0,1480376411582.0,1692.3475341796875,73.91641235351562,16.490276336669922,97.7699966430664,32.83076095581055,1.0999438762664795,6.801263809204102,6.545031547546387,31604.645367278452,36130.02965832147
Spain,ESP,283.2750244140625,2011,46998040.0,1477187548437.0,1661.355712890625,75.57411193847656,15.328784942626951,87.52999877929688,30.02332305908203,1.3676989078521729,6.686482906341553,4.821239471435547,31430.833039782083,35349.46803931877
Spain,ESP,277.4321594238281,2012,47018323.0,1433478645419.0,1647.5111083984375,74.36555480957031,15.91716194152832,86.97000122070312,29.5866641998291,1.891591191291809,7.820617198944092,3.247788429260254,30487.660000527878,35039.767547609845
Spain,ESP,252.10916137695312,2013,46860394.0,1413362053623.0,1578.5306396484375,71.39185333251953,19.29036521911621,111.41000366210938,39.58289337158203,2.153385162353516,9.159417152404783,6.040878772735596,30161.121855334804,33685.81663330525
Spain,ESP,253.6578369140625,2014,46720187.0,1433089409797.0,1554.2188720703125,71.04557037353516,19.44547271728516,110.26000213623048,40.176361083984375,2.268845796585083,8.630823135375977,6.499542713165283,30673.880003883547,33266.53791155229
Spain,ESP,270.2480163574219,2015,46683683.0,1488098863146.0,1573.1444091796875,73.69312286376953,16.977323532104492,97.08000183105467,35.02543640136719,2.256225347518921,8.030369758605957,4.5813398361206055,31876.209577252077,33697.94986354627
Spain,ESP,259.5546875,2016,46732768.0,1533303930046.0,1582.9134521484375,72.45917510986328,18.11742401123047,104.62999725341795,38.651641845703125,2.1929969787597656,7.863260746002197,5.849229335784912,32810.03877292267,33871.59631007599
Spain,ESP,273.4838562011719,2017,46868594.0,1578931492849.0,1602.0426025390625,75.51683807373047,15.319087028503418,87.93000030517578,32.2821044921875,2.258323431015014,7.747168064117432,2.889319896697998,33688.47575946059,34181.58015448602
Spain,ESP,268.5205993652344,2018,47092817.0,1615001473949.0,1628.6715087890625,73.46038055419922,17.922855377197266,103.87000274658205,38.27192687988281,1.969157338142395,7.864267826080322,5.305166721343994,34294.008658454215,34584.28721282616
Spain,ESP,250.67364501953125,2019,47435121.0,1647042667976.0,1583.87109375,73.72380065917969,17.063373565673828,100.98999786376952,37.33180618286133,2.3884127140045166,8.392653465270996,3.554740190505981,34722.008361188746,33390.26148473407
Spain,ESP,211.7647399902344,2020,47679482.0,1460507935923.0,1422.9599609375,67.80819702148438,21.929208755493164,113.79000091552734,43.85478210449219,3.638087272644043,9.935917854309082,5.370173454284668,30631.791174304286,29844.28314337601
Spain,ESP,228.8057098388672,2021,47735670.0,1541121952313.0,1531.8994140625,68.50476837158203,22.27165031433105,125.75,46.44506072998047,4.418720722198486,10.11994457244873,4.8309478759765625,32284.494012821022,32091.293870233727
Spain,ESP,234.2234649658203,2022,47828386.0,1625139888517.0,1592.16552734375,69.96370697021484,20.876808166503903,122.91000366210938,42.80341339111328,5.584645748138428,9.815143585205078,2.7498788833618164,33978.56428851686,33289.13351464024
Sri Lanka,LKA,9.99037265777588,2000,19293056.0,114541758869.0,53.5466194152832,83.1773910522461,16.82260513305664,3.2100000381469727,47.34513092041016,0.0022653602063655,0.0178292244672775,16.80251121520996,5936.942227763191,2775.4348204495545
Sri Lanka,LKA,10.157687187194824,2001,19600361.0,111509565283.0,52.032958984375,83.24771118164062,16.752288818359375,3.119999885559082,46.776611328125,0.0048455246724188,0.0187791064381599,16.72866439819336,5689.158749831189,2654.6939101976236
Sri Lanka,LKA,10.786742210388184,2002,19805750.0,114770992462.0,53.50914001464844,86.0208511352539,13.979145050048828,2.700000047683716,38.90489959716797,0.0077560963109135,0.0186305325478315,13.9527587890625,5794.831928202669,2701.6972351286086
Sri Lanka,LKA,10.761432647705078,2003,19951521.0,121043287225.0,55.06167984008789,83.37201690673828,16.627981185913086,3.319999933242798,43.512451171875,0.0120237367227673,0.0170340836048126,16.598922729492188,6066.870151152887,2759.773545089013
Sri Lanka,LKA,11.908245086669922,2004,20087608.0,127113013921.0,53.50688171386719,84.78386688232422,15.216132164001465,2.970000028610229,36.71199035644531,0.0180974844843149,0.013836171478033,15.183490753173828,6327.931823490383,2663.6761188224696
Sri Lanka,LKA,11.66974925994873,2005,20216531.0,134388316813.0,61.786399841308594,84.7564468383789,15.243550300598145,3.470000028610229,39.342403411865234,0.0202796161174774,0.0105707617476582,15.201053619384766,6647.446924153308,3056.231548395152
Sri Lanka,LKA,11.502949714660645,2006,20352416.0,144414690368.0,66.33404541015625,81.01559448242188,18.98440742492676,4.650000095367432,49.25847625732422,0.021977549418807,0.0094072259962558,18.94453430175781,7095.7025626834675,3259.271302736552
Sri Lanka,LKA,11.843646049499512,2007,20492546.0,153829219297.0,67.4401626586914,84.2033920288086,15.796607971191406,3.9700000286102295,40.18218612670898,0.0238039977848529,0.0091836946085095,15.758472442626951,7506.59382670167,3290.9606575333005
Sri Lanka,LKA,11.6482515335083,2008,20629377.0,162474916511.0,63.5758056640625,82.55814361572266,17.441852569580078,4.159999847412109,41.93548202514648,0.0267577543854713,0.0136062838137149,17.37305450439453,7875.900300382314,3081.809288960229
Sri Lanka,LKA,12.572464942932127,2009,20756438.0,167647716585.0,64.4598388671875,83.83798217773438,16.162015914916992,3.920000076293945,39.63599395751953,0.0279232040047645,0.0144040156155824,16.006986618041992,8076.902047692383,3105.5347197427373
Sri Lanka,LKA,12.696773529052734,2010,20879092.0,180642805306.0,69.61589813232422,78.20649719238281,21.79349899291992,5.730000019073486,53.45149230957031,0.0273009315133094,0.2017041146755218,21.416475296020508,8651.851589427357,3334.2397328544853
Sri Lanka,LKA,14.476176261901855,2011,21009054.0,195461606183.0,75.57897186279297,83.64202117919922,16.357982635498047,4.760000228881836,41.21212387084961,0.0301852077245712,0.3173668980598449,15.878284454345703,9303.684315486076,3597.447646276361
Sri Lanka,LKA,15.389399528503418,2012,21169461.0,212333854625.0,77.95245361328125,88.38976287841797,11.61023998260498,3.470000028610229,29.40678024291992,0.0333326794207096,0.4889671802520752,10.998395919799805,10030.196547044821,3682.3069615840122
Sri Lanka,LKA,14.143107414245604,2013,21358829.0,220937614421.0,79.2141342163086,76.35984802246094,23.640151977539062,7.210000038146973,60.18364334106445,0.0471564345061779,0.7690986394882202,22.718181610107425,10344.088359010693,3708.73020315433
Sri Lanka,LKA,17.07601547241211,2014,21547454.0,235029015924.0,85.89106750488281,85.30477142333984,14.695231437683104,4.900000095367432,39.35742950439453,0.0839843899011612,0.8147645592689514,13.64445972442627,10907.507491325889,3986.1353227570557
Sri Lanka,LKA,19.17897605895996,2015,21729975.0,244914328998.0,91.30020141601562,81.93135070800781,18.068649291992188,6.440000057220459,48.75094604492188,0.1366389095783233,0.9625583291053772,16.77105140686035,11270.805833784898,4201.578760031506
Sri Lanka,LKA,22.33918571472168,2016,21910763.0,257292293131.0,100.87174987792967,88.08012390136719,11.91987419128418,4.71999979019165,32.983924865722656,0.2082579135894775,0.8656370639801025,10.621330261230469,11742.735436963103,4603.753410044628
Sri Lanka,LKA,22.167978286743164,2017,22087525.0,273915973018.0,106.73147583007812,88.89774322509766,11.102258682250977,4.619999885559082,31.02753448486328,0.5298336744308472,0.8652699589729309,9.509596824645996,12401.388250516977,4832.206226368872
Sri Lanka,LKA,20.136762619018555,2018,22253116.0,280243422762.0,112.36917114257812,83.97069549560547,16.029300689697266,7.050000190734863,43.870567321777344,0.7184732556343079,0.7296536564826965,14.336504936218262,12593.446363286832,5049.5926567128
Sri Lanka,LKA,21.10557556152344,2019,22410552.0,279626891521.0,113.03538513183594,87.1756820678711,12.82431411743164,5.630000114440918,33.77324676513672,1.1047441959381104,0.7687288522720337,10.623339653015137,12477.46559393093,5043.846538533988
Sri Lanka,LKA,20.41240882873535,2020,22561808.0,269918239631.0,104.9807586669922,85.11036682128906,14.889630317687988,5.869999885559082,35.57575607299805,1.9447652101516724,0.8313681483268738,11.813641548156738,11963.502199424798,4653.029520816426
Sri Lanka,LKA,20.823087692260746,2021,22700377.0,278898406287.0,108.84929656982422,78.99536895751953,21.0046329498291,8.649999618530273,49.40034103393555,2.4701080322265625,1.497604489326477,16.56349754333496,12286.069358539728,4795.043561163069
Sri Lanka,LKA,18.37696075439453,2022,22834965.0,254748598293.0,97.40702056884766,76.55103302001953,23.4489688873291,8.430000305175781,50.32836151123047,3.6366159915924072,1.8892730474472048,17.58246421813965,11156.07570640025,4265.696074806669
Sweden,SWE,54.892391204833984,2000,8872099.0,303452362920.0,651.7828979492188,38.228885650634766,36.65571975708008,83.13999938964844,57.24712753295898,0.0004381917242426,0.2002535909414291,34.43485641479492,34202.995584246746,73464.34005630671
Sweden,SWE,55.78230667114258,2001,8896018.0,308398096624.0,695.75634765625,36.394187927246094,34.20278549194336,83.31999969482422,51.55940246582031,0.0008155161631293,0.1965393871068954,32.237762451171875,34666.98208389417,78209.86284607899
Sweden,SWE,56.63379669189453,2002,8925045.0,317463771012.0,649.472412109375,39.41846466064453,31.103418350219727,71.1500015258789,48.50034332275391,0.000865590525791,0.2631395161151886,28.71942710876465,35569.99107701978,72769.65125771075
Sweden,SWE,57.22099304199219,2003,8958434.0,326402407102.0,609.2373046875,41.84830856323242,27.30537986755371,58.72999954223633,43.37838745117188,0.0009151172125712,0.3106823265552521,24.49768829345703,36435.20810690797,68007.12096416629
Sweden,SWE,56.42752456665039,2004,8993805.0,341901244849.0,664.5967407226562,38.24484634399414,29.33614730834961,68.18000030517578,44.9854850769043,0.0008347777184098,0.3547804951667785,25.28875541687012,38015.19433087553,73894.94665746659
Sweden,SWE,53.787479400634766,2005,9029771.0,354496929423.0,673.010009765625,36.2705078125,33.911415100097656,81.22000122070312,51.288204193115234,0.0008204088080674,0.3853217959403991,29.70018768310547,39258.684347919785,74532.34525721915
Sweden,SWE,53.65084457397461,2006,9080628.0,372234670461.0,630.1431274414062,39.04973983764648,31.83307456970215,71.05999755859375,49.59519577026367,0.0008694652933627,0.4296192526817322,26.78630828857422,40992.17261856779,69394.22333360714
Sweden,SWE,52.87879943847656,2007,9148280.0,387881844813.0,641.107177734375,37.36492919921875,34.159507751464844,77.43000030517578,52.029293060302734,0.0012756107607856,0.608765721321106,28.13562774658203,42399.42861532441,70079.53164249181
Sweden,SWE,50.765438079833984,2008,9219903.0,388980516356.0,638.5652465820312,36.84742736816406,36.04814910888672,81.41000366210938,54.30954360961914,0.0016969699645414,0.8487275838851929,29.391319274902344,42189.22003365979,69259.43218513593
Sweden,SWE,47.14330673217773,2009,9298738.0,373026350439.0,579.81298828125,37.09537887573242,38.65645980834961,79.80999755859375,58.426055908203125,0.0032533619087189,1.1574583053588867,30.46050071716309,40115.8039337166,62353.94397403712
Sweden,SWE,53.02858352661133,2010,9378234.0,399838964466.0,621.7354125976562,37.79684829711914,37.37033462524414,82.08999633789062,55.29808044433594,0.0038715300615876,1.499799728393555,28.896961212158203,42634.78224855554,66295.57468897196
Sweden,SWE,49.11376953125,2011,9449263.0,397617949429.0,612.0157470703125,35.01607894897461,38.67585754394531,84.08999633789062,55.95554733276367,0.0056552728638052,2.6580734252929688,29.17401695251465,42079.25522117439,64768.622385715425
Sweden,SWE,46.60691452026367,2012,9519477.0,395278763366.0,645.2445068359375,31.322673797607425,42.34619903564453,98.30999755859376,59.06632614135742,0.007812543772161,2.9462242126464844,32.458778381347656,41523.15966160746,67781.50804250459
Sweden,SWE,45.10588455200195,2013,9600620.0,399973749048.0,603.5433959960938,32.82370376586914,38.22019958496094,82.69000244140625,54.03516006469727,0.0152500225231051,4.288403511047363,26.73596954345703,41661.24157064856,62865.0437155198
Sweden,SWE,43.38474655151367,2014,9696438.0,410604225974.0,600.776611328125,32.03605270385742,39.70317840576172,85.75,55.84136581420898,0.0204735845327377,4.893664836883545,27.775672912597656,42345.88268124851,61958.485304410235
Sweden,SWE,43.31014251708984,2015,9799483.0,429037422635.0,622.0618286132812,30.830293655395508,45.53510665893555,102.5,63.2716064453125,0.0406855046749115,6.84637975692749,31.58893203735352,43781.638545115085,63479.04564080383
Sweden,SWE,43.30837631225586,2016,9923281.0,437921057919.0,609.4005737304688,32.32610321044922,40.90560531616211,89.12999725341797,57.174930572509766,0.0606626309454441,6.566586017608643,26.358030319213867,44130.67189360051,61411.19794254226
Sweden,SWE,42.35542297363281,2017,10057864.0,449166531542.0,631.3428344726562,31.60917091369629,41.625465393066406,95.05999755859376,57.88223648071289,0.0937049686908721,7.174021720886231,26.507369995117188,44658.24269864854,62771.06495699845
Sweden,SWE,41.85600280761719,2018,10175400.0,457925387676.0,609.1948852539062,29.60662269592285,41.60682678222656,91.1500015258789,55.79701232910156,0.1641968041658401,6.978038311004639,26.098291397094727,45003.18293885253,59869.3796070824
Sweden,SWE,40.77248001098633,2019,10279120.0,467020665386.0,625.8190307617188,29.31192779541016,43.74651718139648,98.94000244140624,58.74599456787109,0.2701087296009063,8.085575103759766,26.60233497619629,45433.91510031987,60882.549358478034
Sweden,SWE,36.62221908569336,2020,10353682.0,456885314424.0,600.2793579101562,28.042049407958984,51.05582809448242,112.13999938964844,68.46990203857422,0.4397270381450653,11.694706916809082,30.711219787597656,44127.810224806984,57977.38021219468
Sweden,SWE,38.56798553466797,2021,10416134.0,481492421258.0,633.6795654296875,28.76150131225586,50.009986877441406,115.75,67.38269805908203,0.6040090322494507,10.86508560180664,29.576854705810547,46225.63623490251,60836.34920880314
Sweden,SWE,36.34215545654297,2022,10487335.0,494214521158.0,621.680908203125,26.39167213439941,52.433502197265625,118.2300033569336,68.32129669189453,0.8002042770385742,13.47668170928955,28.45677947998047,47124.891229087276,59279.20755874824
Switzerland,CHE,43.62051010131836,2000,7184003.0,315545366882.0,364.3362731933594,50.03802490234375,29.476491928100582,37.68000030517578,56.9872932434082,0.0085804350674152,0.0023401186335831,28.73457717895508,43923.33450890819,50714.93889873924
Switzerland,CHE,45.08489990234375,2001,7226391.0,325520166982.0,389.1265258789063,49.91358947753906,30.747568130493164,42.20000076293945,59.39479064941406,0.009442719630897,0.002905452158302,30.015411376953125,45046.02186374914,53847.975549469484
Switzerland,CHE,43.46707534790039,2002,7278744.0,331802188855.0,362.244384765625,51.06218719482422,28.020713806152344,36.09999847412109,55.19033432006836,0.0116016119718551,0.0038672038353979,27.203319549560547,45585.0884239094,49767.43031017783
Switzerland,CHE,44.65065002441406,2003,7333451.0,337991874208.0,358.3592529296875,50.92045211791992,27.866378784179688,35.720001220703125,54.66789627075195,0.0139888636767864,0.0038857953622937,27.01959228515625,46089.06150842216,48866.38677066057
Switzerland,CHE,45.23113632202149,2004,7384196.0,353894703206.0,357.158447265625,52.21979904174805,27.04122734069824,34.7599983215332,54.42304611206055,0.0139444964006543,0.0046481657773256,26.147262573242188,47925.96285445294,48367.95329723439
Switzerland,CHE,45.77611541748047,2005,7431824.0,371135459405.0,340.7818603515625,55.19681167602539,26.139724731445312,32.290000915527344,55.86505508422852,0.016908997669816,0.0064415228553116,25.14601325988769,49938.67715449128,45854.40402673186
Switzerland,CHE,45.364933013916016,2006,7478514.0,393075108386.0,350.0934143066406,53.25685119628906,25.216665267944336,32.130001068115234,51.714149475097656,0.0187015626579523,0.0116884764283895,24.12646484375,52560.59002978399,46813.232455891724
Switzerland,CHE,43.359413146972656,2007,7545386.0,416832821635.0,354.8929748535156,50.65082931518555,28.119028091430664,36.47999954223633,54.914947509765625,0.022202031686902,0.0122493980452418,26.989561080932617,55243.405921844154,47034.43599220976
Switzerland,CHE,44.700870513916016,2008,7641730.0,433739216893.0,362.5415344238281,51.564208984375,27.97214698791504,37.33000183105469,55.68317794799805,0.0275255311280488,0.0141347320750355,26.810895919799805,56759.29624482938,47442.33758897895
Switzerland,CHE,43.52584838867188,2009,7737644.0,431737407420.0,355.0060729980469,51.04342651367188,28.183937072753903,37.02999877929688,55.54222106933594,0.0407992750406265,0.0173774696886539,26.993337631225582,55797.011004900196,45880.38335674876
Switzerland,CHE,45.03368377685547,2010,7825750.0,451139715920.0,359.477294921875,52.38043975830078,27.96947479248047,37.470001220703125,56.7297477722168,0.0696192234754562,0.0274033099412918,26.710289001464844,57648.11243906335,45935.18767170878
Switzerland,CHE,40.97322845458984,2011,7914379.0,467103594697.0,334.92340087890625,51.59447860717773,27.143543243408203,34.02000045776367,54.10305404663086,0.1327625811100006,0.0553177446126937,25.59896850585937,59019.61413485505,42318.34245983245
Switzerland,CHE,42.2421875,2012,7998927.0,472611933649.0,354.06451416015625,50.47181701660156,30.44843292236328,40.52999877929688,59.48921203613281,0.2226167023181915,0.0655193030834198,28.7421932220459,59084.416403475116,44264.001179177685
Switzerland,CHE,43.18292617797852,2013,8091199.0,481081829913.0,359.1459655761719,50.99615859985352,29.92626571655273,40.66999816894531,59.2080307006836,0.3643540441989898,0.065583735704422,28.029550552368164,59457.42156545649,44387.236746515795
Switzerland,CHE,39.24414825439453,2014,8190238.0,492386642888.0,344.4395446777344,47.88774490356445,31.115068435668945,40.66999816894531,58.03367233276367,0.6369226574897766,0.0764004588127136,28.775022506713867,60118.72217730425,42054.88835339515
Switzerland,CHE,38.75606155395508,2015,8283940.0,500484653705.0,336.32159423828125,49.96027755737305,32.12223052978516,41.119998931884766,62.23701858520508,0.8620588779449463,0.0847421586513519,29.476287841796875,60416.25768716336,40599.23107099777
Switzerland,CHE,39.22477722167969,2016,8374903.0,510838097521.0,316.24517822265625,51.30461502075195,31.375621795654297,37.810001373291016,61.88216400146485,1.0839080810546875,0.0886316448450088,28.15715980529785,60996.300198462,37761.05564717063
Switzerland,CHE,38.23400115966797,2017,8453630.0,517799793781.0,316.9949035644531,52.1533432006836,31.29273223876953,37.7599983215332,62.77638626098633,1.357364296913147,0.1072664558887481,27.4984130859375,61251.76921405361,37498.081127805825
Switzerland,CHE,36.945068359375,2018,8516341.0,532611137213.0,321.4579162597656,49.24226379394531,31.434001922607425,38.880001068115234,58.65138244628906,1.5394716262817385,0.0965632647275924,27.39324951171875,62539.902666297654,37746.01278410125
Switzerland,CHE,36.822242736816406,2019,8577525.0,538693495449.0,335.9553527832031,48.36579513549805,32.55885314941406,42.25,59.86963272094727,1.6434379816055298,0.1101661771535873,28.397193908691406,62802.90590222704,39166.93367646298
Switzerland,CHE,34.34325408935547,2020,8640582.0,525896489462.0,309.6021728515625,45.60362243652344,35.59849166870117,42.61000061035156,62.20438003540039,2.12508511543274,0.1185599565505981,30.6322021484375,60863.549406972816,35831.17119327871
Switzerland,CHE,35.90244674682617,2021,8707019.0,548098275898.0,290.08795166015625,46.59634399414063,37.27571868896485,42.0099983215332,66.58740997314453,2.473588466644287,0.1262034922838211,31.82894325256348,62949.015719157156,33316.56352882155
Switzerland,CHE,32.9505615234375,2022,8792180.0,559384947989.0,297.4852294921875,49.40755462646485,31.095836639404297,35.9900016784668,58.31173324584961,3.254355430603028,0.1265301555395126,24.93920135498047,63623.00908182043,33835.20691025292
Taiwan,TWN,226.9340057373047,2000,22332873.0,591153923509.0,1021.1063842773438,87.9267349243164,1.5663151741027832,5.610000133514404,3.035057544708252,3.274656046414748e-05,0.0003773659409489,1.2443640232086182,26470.12426520314,45722.12380723894
Taiwan,TWN,231.4309844970703,2001,22446254.0,582366336280.0,1053.745849609375,88.9364242553711,1.734182596206665,6.420000076293945,3.405293703079224,6.94057162036188e-05,0.0032149497419595,1.338241457939148,25944.923205448893,46945.28760163611
Taiwan,TWN,238.56700134277344,2002,22566898.0,612808812199.0,1095.924560546875,88.92667388916016,1.158005952835083,4.400000095367432,2.212834596633911,8.723831706447527e-05,0.0039807744324207,0.6966282725334167,27155.20813711304,48563.3674839526
Taiwan,TWN,249.1289978027344,2003,22664130.0,636240085985.0,1145.43359375,89.51039123535156,1.2143278121948242,4.820000171661377,2.305558204650879,0.0001099442088161,0.0056669255718588,0.7237038612365723,28072.557207578673,50539.49098200549
Taiwan,TWN,259.36700439453125,2004,22745432.0,675272430215.0,1193.2882080078125,89.7880630493164,1.2219690084457395,5.090000152587891,2.330479383468628,0.0001329483784502,0.0057488358579576,0.7307309508323669,29688.265767605557,52462.76298501662
Taiwan,TWN,266.88800048828125,2005,22824932.0,709313986797.0,1208.751708984375,89.67805480957031,1.4086278676986694,6.010000228881836,2.641758441925049,0.0002140694850822,0.0203589964658021,0.9078717231750488,31076.28039360643,52957.51632400811
Taiwan,TWN,276.552001953125,2006,22914644.0,745965982529.0,1241.097412109375,89.97740173339844,1.4112448692321775,6.21999979019165,2.640740394592285,0.0003146874078083,0.0596274845302104,0.8830147385597229,32554.116159474266,54161.758398226695
Taiwan,TWN,280.0799865722656,2007,23006921.0,791900583149.0,1292.834228515625,90.10910034179688,1.5311206579208374,6.739999771118164,2.772407531738281,0.0004495485045481,0.0906385630369186,0.9109646677970886,34420.102679059055,56193.27455923481
Taiwan,TWN,266.9750061035156,2008,23086238.0,794389614968.0,1244.9500732421875,89.81085968017578,1.513166427612305,6.71999979019165,2.8198564052581787,0.0009505716152489,0.1250101327896118,0.91486257314682,34409.66063712936,53926.06942899001
Taiwan,TWN,253.0279998779297,2009,23164353.0,779014502319.0,1208.295654296875,89.4778060913086,1.4682763814926147,6.300000190734863,2.738535165786743,0.0019846505019813,0.1713240444660186,0.8163525462150574,33629.88391339918,52161.85637893167
Taiwan,TWN,270.7179870605469,2010,23224049.0,859487483344.0,1294.5360107421875,90.07071685791016,1.5323740243911743,7.070000171661377,2.861768960952759,0.0043825469911098,0.2070222496986389,0.8459908366203308,37008.51145052269,55741.18495625752
Taiwan,TWN,276.77099609375,2011,23273078.0,888546864638.0,1290.1553955078125,89.91597747802734,1.604309320449829,7.380000114440918,2.9268293380737305,0.0124070532619953,0.3005348145961761,0.8053030371665955,38179.17271785021,55435.52921997737
Taiwan,TWN,273.2820129394531,2012,23345963.0,908290377366.0,1279.3853759765625,89.86375427246094,1.9710166454315183,9.06999969482422,3.622638463973999,0.0322938747704029,0.2855221033096313,1.1452566385269165,38905.67192991782,54801.13953648271
Taiwan,TWN,274.57598876953125,2013,23416870.0,930852328389.0,1304.70849609375,89.8499755859375,1.9640555381774905,9.229999542236328,3.6579082012176514,0.0631249919533729,0.3224125504493713,1.066097378730774,39751.35568455562,55716.60499860784
Taiwan,TWN,276.9590148925781,2014,23472811.0,974779255338.0,1333.887451171875,90.2049560546875,1.6875749826431274,8.270000457763672,3.1811363697052,0.1011329442262649,0.2869880497455597,0.8258498311042786,41528.01534243172,56826.915667317175
Taiwan,TWN,276.2640075683594,2015,23529260.0,989069527295.0,1332.9505615234375,91.29711151123048,1.759594202041626,8.789999961853027,3.4051287174224854,0.1618721932172775,0.2903711199760437,0.8510169982910156,42035.72604047046,56650.76426217559
Taiwan,TWN,280.1969909667969,2016,23586140.0,1010482869589.0,1339.7584228515625,91.88491821289062,2.162194967269897,11.039999961853027,4.17991828918457,0.2085121572017669,0.2739605009555816,1.2337777614593506,42842.231479546885,56802.78429838721
Taiwan,TWN,285.7359924316406,2017,23632950.0,1043939947916.0,1340.767822265625,93.71707916259766,2.089095115661621,10.699999809265137,3.959150314331055,0.3115544617176056,0.321832001209259,1.0177077054977417,44173.06971478381,56732.98603287465
Taiwan,TWN,284.1510009765625,2018,23659308.0,1073034529603.0,1354.5511474609375,92.81211853027344,2.093775987625122,10.859999656677246,3.941494464874268,0.4975995123386383,0.3146255612373352,0.8248320817947388,45353.588938569126,57252.35697768242
Taiwan,TWN,274.7040100097656,2019,23674137.0,1105912366266.0,1328.145751953125,91.34756469726562,2.6114068031311035,13.4399995803833,4.901889324188232,0.7507554888725281,0.3536450862884521,1.0362842082977295,46713.94637388472,56101.12638754794
Taiwan,TWN,272.4642028808594,2020,23663461.0,1143369531447.0,1289.16650390625,91.2859344482422,2.6757972240448,13.399999618530272,4.785885334014893,1.166674256324768,0.4434314370155334,0.5798447132110596,48317.93335078922,54479.20335517488
Taiwan,TWN,283.8209228515625,2021,23558330.0,1218008773904.0,1370.3448486328125,92.06039428710938,2.931974172592163,15.720000267028809,5.401504993438721,1.4362987279891968,0.4092153012752533,0.6261648535728455,51701.83004924373,58168.165936754114
Taiwan,TWN,273.98883056640625,2022,23420107.0,1247874288934.0,1316.8175048828125,91.31856536865234,4.234935283660889,22.09000015258789,7.665081977844238,1.998550534248352,0.6696426868438721,1.092494010925293,53282.17710252135,56225.9388858818
Thailand,THA,167.35215759277344,2000,63007815.0,579217712636.0,741.691162109375,97.56796264648438,2.432036638259888,6.420000076293945,6.721106052398682,0.0,0.0,2.209709644317627,9192.79160269246,11771.415372987858
Thailand,THA,172.26683044433594,2001,63651137.0,596448007832.0,782.20849609375,97.56785583496094,2.4321439266204834,6.789999961853027,6.723438262939453,0.0,0.0,2.1836562156677246,9370.57900210015,12288.99487048833
Thailand,THA,184.6654663085937,2002,64266433.0,630177413705.0,847.94091796875,97.33812713623048,2.6618728637695312,8.119999885559082,7.488011360168457,0.0,0.0,2.38413405418396,9805.700803481655,13194.149393179328
Thailand,THA,191.08773803710932,2003,64868164.0,672602585235.0,911.6903076171876,97.419677734375,2.580325126647949,8.4399995803833,7.279626846313477,0.0,0.0,2.1573874950408936,10368.762483165085,14054.510739924559
Thailand,THA,207.3306884765625,2004,65452049.0,712165919937.0,989.731201171875,97.79573059082033,2.204270839691162,7.739999771118164,6.235398292541504,0.0,0.0,1.6163445711135864,10880.727659679531,15121.470088306556
Thailand,THA,214.3251495361328,2005,66017415.0,739238460898.0,1021.1172485351562,97.89244842529295,2.107552051544189,7.53000020980835,5.77321195602417,0.0,0.0,1.494619607925415,11197.628094011254,15467.392180308125
Thailand,THA,215.8246612548828,2006,66567685.0,773067090714.0,1042.9984130859375,97.27555847167967,2.7244410514831543,9.979999542236328,7.296388149261475,0.0093653928488492,3.363120777066797e-05,2.0409905910491943,11613.24884159634,15668.239222769089
Thailand,THA,224.0825653076172,2007,67102388.0,811667437725.0,1078.6527099609375,97.16827392578124,2.831724166870117,10.420000076293944,7.310741901397705,0.0095702009275555,9.728223085403442e-05,1.965732455253601,12095.954583985893,16074.72911338025
Thailand,THA,224.24874877929688,2008,67619835.0,822020817321.0,1078.544677734375,97.13765716552734,2.862342834472656,9.130000114440918,6.277502536773682,0.0095233488827943,0.0001180620820377,1.7025163173675537,12156.504335170295,15950.122885309835
Thailand,THA,228.8362274169922,2009,68121077.0,812859746470.0,1108.913330078125,97.0204849243164,2.97951340675354,9.260000228881836,6.346813201904297,0.0105215813964605,0.0002369725698372,1.6506882905960083,11932.573327782236,16278.564269882652
Thailand,THA,241.0189819335937,2010,68579443.0,870109340511.0,1179.4449462890625,97.24964904785156,2.7503528594970703,8.770000457763672,5.565780162811279,0.0128894140943884,0.0008672506664879,1.1816959381103516,12687.611658073689,17198.22872123739
Thailand,THA,244.878158569336,2011,69007212.0,873642799890.0,1212.4820556640625,96.55829620361328,3.4417028427124023,12.0,7.827788352966309,0.0202056355774402,0.001069760415703,1.6976933479309082,12660.166590848505,17570.36721993728
Thailand,THA,262.34765625,2012,69436091.0,936920832597.0,1292.8707275390625,96.21868133544922,3.781315088272095,13.649999618530272,8.078834533691406,0.0995078980922699,0.0034293518401682,1.6830787658691406,13493.283091022506,18619.578218178533
Thailand,THA,263.7535095214844,2013,69845112.0,962095812070.0,1312.863525390625,96.1995849609375,3.800414800643921,12.649999618530272,7.501185894012451,0.2452550828456878,0.0685175359249115,1.05556058883667,13774.704979641238,18796.784596617512
Thailand,THA,272.4876403808594,2014,70216362.0,971562808709.0,1357.1695556640625,95.7604522705078,4.23954439163208,14.210000038146973,8.177947044372559,0.3629534840583801,0.074337437748909,0.9693100452423096,13836.701034283149,19328.39465058105
Thailand,THA,277.0987243652344,2015,70540787.0,1002011619070.0,1377.4461669921875,95.79840087890624,4.201601028442383,13.8100004196167,7.765843868255615,0.4375467896461487,0.0603512823581695,0.6919665932655334,14204.712786518812,19526.946403251604
Thailand,THA,284.04547119140625,2016,70859835.0,1036430730493.0,1405.5716552734375,95.38287353515624,4.617123126983643,16.06999969482422,8.936714172363281,0.6359425783157349,0.0685522109270095,0.6341666579246521,14626.490881512778,19835.9431019482
Thailand,THA,283.3476257324219,2017,71160183.0,1079732734924.0,1432.6826171875,94.68236541748048,5.31763219833374,19.6299991607666,11.107338905334473,0.7940133213996887,0.1938280165195465,0.8192136883735657,15173.270913651248,20133.205913586535
Thailand,THA,288.3049011230469,2018,71376081.0,1125329902301.0,1478.376220703125,93.62100219726562,6.378995895385742,25.520000457763672,14.356436729431152,0.7649450898170471,0.2766750752925873,1.2808679342269895,15766.20467998236,20712.487993045248
Thailand,THA,281.87744140625,2019,71522264.0,1149130685920.0,1479.7451171875,93.0494155883789,6.950582027435303,27.71999931335449,14.862473487854004,0.8627085089683533,0.6152623891830444,1.0578418970108032,16066.754904738475,20689.29357699723
Thailand,THA,271.9233093261719,2020,71641484.0,1078332670656.0,1379.6341552734375,93.03008270263672,6.969916343688965,25.07999992370605,14.21124267578125,0.9022539854049684,0.5774712562561035,0.814171314239502,15051.791370709183,19257.475951690747
Thailand,THA,267.1418151855469,2021,71727338.0,1095187026392.0,1386.81787109375,92.96560668945312,7.034392833709717,26.46999931335449,15.009072303771973,0.8879309296607971,0.6286173462867737,0.8080174326896667,15268.75326659969,19334.578833718184
Thailand,THA,272.5733642578125,2022,71735321.0,1124143758569.0,1387.88037109375,92.75205993652344,7.247942924499512,28.479999542236328,15.789765357971191,0.89177405834198,0.530167281627655,1.1708431243896484,15670.714829156477,19347.238595248637
Trinidad and Tobago,TTO,24.35003471374512,2000,1319781.0,24996996038.0,119.04322814941406,99.94625854492188,0.0537416338920593,0.0199999995529651,0.3663003444671631,0.0012390607735142,0.0,0.0,18940.260572019146,90199.22862157742
Trinidad and Tobago,TTO,26.73974609375,2001,1325573.0,25814786793.0,126.97976684570312,99.9263687133789,0.0736312121152877,0.0299999993294477,0.5319148898124695,0.002260371344164,0.0,0.0,19474.436181937923,95792.36062118279
Trinidad and Tobago,TTO,28.682531356811523,2002,1332017.0,27665233734.0,141.28659057617188,99.93983459472656,0.0601627454161644,0.0299999993294477,0.5319148898124695,0.00265470193699,0.0,0.0,20769.429920188708,106069.66020416547
Trinidad and Tobago,TTO,32.369930267333984,2003,1338718.0,31435997895.0,154.78419494628906,99.97242736816406,0.0275757350027561,0.0099999997764825,0.1552795022726059,0.0033482746221125,0.0,0.0,23482.165695090378,115621.20995332031
Trinidad and Tobago,TTO,32.68836212158203,2004,1345386.0,33689560531.0,169.7802276611328,99.95355224609376,0.0464512780308723,0.0199999995529651,0.3110419809818268,0.004116641357541,0.0,0.0,25040.81396045447,126194.43614035884
Trinidad and Tobago,TTO,38.204891204833984,2005,1352040.0,35495977662.0,187.23141479492188,99.95934295654295,0.0406579487025737,0.0199999995529651,0.2836879193782806,0.0039382986724376,0.0,0.0,26253.644612585427,138480.67719514354
Trinidad and Tobago,TTO,42.7078971862793,2006,1358706.0,39852731106.0,216.94561767578125,99.958740234375,0.0412605591118335,0.0299999993294477,0.4184100329875946,0.0038083822000771,0.0,0.0,29331.386706174846,159670.75855687784
Trinidad and Tobago,TTO,45.56360626220703,2007,1365381.0,41413662308.0,221.3761138916016,99.96923065185548,0.0307676661759614,0.0199999995529651,0.2604166567325592,0.0039465753361582,0.0,0.0,30331.213271606972,162135.0479401732
Trinidad and Tobago,TTO,44.4425048828125,2008,1372090.0,42494149374.0,218.08712768554688,99.9670639038086,0.0329341664910316,0.0199999995529651,0.2587321996688843,0.0042756400071084,0.0,0.0,30970.38049544855,158945.20598907277
Trinidad and Tobago,TTO,44.4174919128418,2009,1379056.0,40299152132.0,216.49208068847656,99.9677963256836,0.0322017334401607,0.0199999995529651,0.2551020383834839,0.0047755436971783,0.0,0.0,29222.273883004025,156985.70666345424
Trinidad and Tobago,TTO,47.09234619140625,2010,1386657.0,41285434067.0,233.5212860107422,99.99508666992188,0.0049156993627548,0.0,0.0,0.0049156993627548,0.0,0.0,29773.35712220109,168405.94754920804
Trinidad and Tobago,TTO,47.04340362548828,2011,1394990.0,40819362692.0,230.5396270751953,99.99504852294922,0.0049534761346876,0.0,0.0,0.0049534761346876,0.0,0.0,29261.401653058445,165262.56609380376
Trinidad and Tobago,TTO,46.15908432006836,2012,1403814.0,42669299120.0,225.9202117919922,99.9928970336914,0.0071049947291612,0.0,0.0,0.0071049947291612,0.0,0.0,30395.265412654382,160933.15196457095
Trinidad and Tobago,TTO,45.79930877685547,2013,1412658.0,44309506041.0,228.57896423339844,99.99303436279295,0.006968471687287,0.0,0.0,0.006968471687287,0.0,0.0,31366.053242186008,161807.71583313047
Trinidad and Tobago,TTO,46.865814208984375,2014,1421135.0,45781910542.0,228.8343963623047,99.99307250976562,0.0069252694956958,0.0,0.0,0.0069252694956958,0.0,0.0,32215.032732287924,161022.27892656552
Trinidad and Tobago,TTO,45.53367614746094,2015,1429190.0,45435797433.0,221.6360626220703,99.99285888671876,0.0071448273956775,0.0099999997764825,0.1044932082295417,0.0071139866486191,3.0840979889035225e-05,0.0,31791.29257341571,155078.09502030542
Trinidad and Tobago,TTO,39.86735534667969,2016,1437031.0,42362516644.0,195.7725830078125,99.99197387695312,0.0080277640372514,0.0099999997764825,0.1061571091413497,0.0079931123182177,3.465222107479349e-05,0.0,29479.194703524143,136234.07080836286
Trinidad and Tobago,TTO,40.29689407348633,2017,1445265.0,40368511597.0,207.0669708251953,99.99244689941406,0.0075519410893321,0.0099999997764825,0.1072961390018463,0.0075193424709141,3.259830555180088e-05,0.0,27931.563828778806,143272.66682940174
Trinidad and Tobago,TTO,40.30735778808594,2018,1470522.0,40016907555.0,194.03857421875,99.99198150634766,0.0080189108848571,0.0099999997764825,0.1083423644304275,0.007984297350049,3.461400410742499e-05,0.0,27212.722798434843,131952.17359464872
Trinidad and Tobago,TTO,40.75453567504883,2019,1484898.0,40060922958.0,195.2032012939453,99.9920654296875,0.0079316077753901,0.0099999997764825,0.1086956486105918,0.0078973704949021,3.423715315875597e-05,0.0,26978.905593515516,131458.99670815456
Trinidad and Tobago,TTO,35.04307174682617,2020,1481026.0,36985045051.0,169.3433074951172,99.99088287353516,0.0091202510520815,0.0099999997764825,0.1083423644304275,0.00908088311553,3.9367991121253e-05,0.0,24972.583230139106,114341.88697235375
Trinidad and Tobago,TTO,36.38881301879883,2021,1487715.0,36605213818.0,173.1243133544922,99.99110412597656,0.0088990908116102,0.0099999997764825,0.1078748553991317,0.0088606774806976,3.841334182652645e-05,0.0,24604.99075293319,116369.27325091982
Trinidad and Tobago,TTO,37.49288940429688,2022,1495923.0,37513383973.0,173.05648803710938,99.99111938476562,0.008880702778697,0.0099999997764825,0.1052631586790084,0.0088423695415258,3.833397204289213e-05,0.0,25077.082157972036,115685.42500991654
Turkey,TUR,232.9339599609375,2000,65425957.0,785054993224.0,863.5399169921875,89.90442657470703,10.09557056427002,31.15999984741211,25.05225944519043,0.0,0.0108131263405084,9.99679946899414,11999.136569358856,13198.735740192344
Turkey,TUR,216.8724822998047,2001,66245125.0,732284634333.0,784.4693603515625,91.36790466308594,8.632096290588379,24.34000015258789,19.91164970397949,0.0,0.022091994062066,8.500425338745117,11054.166390855176,11841.91833514636
Turkey,TUR,224.3197631835937,2002,67048792.0,796073298321.0,859.1864013671875,89.0820083618164,10.917990684509276,33.959999084472656,26.436243057250977,0.0,0.0154139110818505,10.81664752960205,11873.04460788794,12814.345728513461
Turkey,TUR,239.8485565185547,2003,67831735.0,848549642280.0,909.4176635742188,89.2656478881836,10.734353065490724,35.560001373291016,25.48373413085937,0.0,0.0185225289314985,10.657844543457031,12509.62609580899,13406.964506719734
Turkey,TUR,247.84304809570312,2004,68592621.0,931152861082.0,973.8414306640624,87.00004577636719,12.999957084655762,46.310001373291016,30.92487525939941,0.0,0.0161880459636449,12.929030418395996,13575.117082666953,14197.466381464887
Turkey,TUR,267.710693359375,2005,69329557.0,1017383777200.0,996.1152954101562,89.19281768798828,10.807185173034668,39.7400016784668,24.58702087402344,0.0,0.0160332843661308,10.750588417053224,14674.60375089372,14367.83009316151
Turkey,TUR,285.4294128417969,2006,70045351.0,1096826103018.0,1105.0513916015625,89.12614440917969,10.873854637145996,44.52000045776367,25.25957489013672,0.0,0.0317941382527351,10.77935791015625,15658.799440065623,15776.227484413099
Turkey,TUR,316.4974060058594,2007,70750593.0,1158406990670.0,1173.7197265625,91.67401123046876,8.3259916305542,36.459999084472656,19.03717613220215,0.0,0.0799674689769744,8.165473937988281,16373.106451136035,16589.53906665489
Turkey,TUR,312.6282043457031,2008,71562343.0,1179868355277.0,1176.6810302734375,92.21566009521484,7.784343719482422,34.41999816894531,17.35141372680664,0.0,0.1907532960176468,7.497134208679199,16487.279563736476,16442.740426671575
Turkey,TUR,318.56793212890625,2009,72464846.0,1122756788420.0,1192.738525390625,91.52811431884766,8.471883773803711,38.150001525878906,19.58318519592285,0.0,0.3307587802410126,7.953587055206299,15493.813212823223,16459.54681792362
Turkey,TUR,318.7103271484375,2010,73346766.0,1240496805446.0,1253.1666259765625,88.28963470458984,11.710368156433104,55.720001220703125,26.38507652282715,0.0005023817066103,0.6104837656021118,10.842121124267578,16912.767571047374,17085.506210001986
Turkey,TUR,344.2148132324219,2011,74215203.0,1364782716000.0,1337.0264892578125,88.60767364501953,11.392329216003418,58.09000015258789,25.32368469238281,0.0005583367310464,0.921716332435608,10.212177276611328,18389.53018830926,18015.533680583107
Turkey,TUR,358.64459228515625,2012,75197196.0,1430132002360.0,1421.0411376953125,87.96888732910156,12.03111171722412,65.20999908447266,27.22869300842285,0.0007777485297992,1.0705537796020508,10.569910049438477,19018.421941690485,18897.528276124984
Turkey,TUR,350.6335754394531,2013,76403032.0,1551491738617.0,1412.1876220703125,86.96673583984375,13.033267974853516,69.22000122070312,28.82365226745605,0.0012380294501781,1.379053235054016,10.842817306518556,20306.677601708267,18483.397649327744
Turkey,TUR,367.2716369628906,2014,78036154.0,1628131977724.0,1454.3551025390625,90.49919128417967,9.500808715820312,52.619998931884766,20.88509559631348,0.0030588558875024,1.497793197631836,7.145187854766846,20863.816247581857,18636.93977715845
Turkey,TUR,387.7038879394531,2015,80014222.0,1727192876718.0,1589.021240234375,86.32703399658203,13.672967910766602,83.6500015258789,31.955535888671875,0.0311424955725669,1.869395136833191,10.772147178649902,21586.07349475947,19859.23502742269
Turkey,TUR,405.55224609375,2016,81652087.0,1784590365590.0,1669.2388916015625,86.01406860351562,13.98593044281006,90.23999786376952,32.88629913330078,0.1580706238746643,2.3514504432678223,10.18812370300293,21856.028806587638,20443.309570293808
Turkey,TUR,430.6216735839844,2017,83083667.0,1918472081554.0,1787.341552734375,87.36840057373047,12.631601333618164,87.23999786376953,29.345083236694336,0.4062672853469848,2.517470359802246,8.186159133911133,23090.845058078623,21512.55014700272
Turkey,TUR,423.81829833984375,2018,84415966.0,1975637604336.0,1787.8729248046875,85.87017059326172,14.129833221435549,96.81999969482422,32.257205963134766,1.091141939163208,2.7907650470733643,8.385011672973633,23403.601213732483,21179.321987557276
Turkey,TUR,406.5677490234375,2019,85357670.0,1991116616493.0,1849.128662109375,81.61630249023438,18.383697509765625,131.47000122070312,43.79705810546875,1.2477394342422483,2.931326389312744,11.981593132019045,23326.74517114865,21663.298237983476
Turkey,TUR,416.32806396484375,2020,86091691.0,2029749392174.0,1821.829345703125,81.89738464355469,18.10261344909668,127.33000183105467,42.16225051879883,1.49403178691864,3.387538433074951,10.655118942260742,23576.60035013135,21161.500309049858
Turkey,TUR,457.3772888183594,2021,86686254.0,2260196231771.0,1950.923095703125,84.30375671386719,15.696240425109863,116.06999969482422,35.400146484375,1.768791437149048,3.9880661964416495,7.094875335693359,26073.294524539037,22505.56467353088
Turkey,TUR,443.6026916503906,2022,87058469.0,2385996374127.0,1969.0498046875,81.96412658691406,18.035873413085938,134.35000610351562,41.91103363037109,2.119548797607422,4.385981559753418,8.384340286254883,27406.826716961907,22617.55607817431
Turkmenistan,TKM,39.36149597167969,2000,4582675.0,18299208667.0,130.27792358398438,99.99327850341795,0.0067249676212668,0.0,0.0,0.0,0.0,0.0067249676212668,3993.1281766653756,28428.357582412973
Turkmenistan,TKM,34.034183502197266,2001,4675416.0,22282743473.0,151.92221069335938,99.9942626953125,0.0057350010611116,0.0,0.0,0.0,0.0,0.0057350010611116,4765.938148177616,32493.838129774842
Turkmenistan,TKM,30.130800247192383,2002,4769473.0,26092440396.0,130.34510803222656,99.99337005615234,0.0066294269636273,0.0,0.0,0.0,0.0,0.0066294269636273,5470.71770738612,27329.037827077867
Turkmenistan,TKM,40.56755828857422,2003,4863871.0,30907677346.0,167.9640655517578,99.99488067626952,0.0051165907643735,0.0,0.0,0.0,0.0,0.0051165907643735,6354.542985617834,34533.001708260315
Turkmenistan,TKM,49.3551025390625,2004,4958091.0,35857575608.0,187.1451110839844,99.99542999267578,0.0045672850683331,0.0,0.0,0.0,0.0,0.0045672850683331,7232.1334174786225,37745.39658186677
Turkmenistan,TKM,47.92866516113281,2005,5052260.0,41000508021.0,175.24269104003906,99.9951629638672,0.0048381597734987,0.0,0.0,0.0,0.0,0.0048381597734987,8115.280690423691,34686.00013460097
Turkmenistan,TKM,49.49959564208984,2006,5147103.0,46019998793.0,180.04165649414062,99.9953155517578,0.0046840161085128,0.0,0.0,0.0,0.0,0.0046840161085128,8940.951598015426,34979.22161148526
Turkmenistan,TKM,49.18292617797852,2007,5244047.0,51693703669.0,165.961181640625,99.99494934082033,0.0050543895922601,0.0,0.0,0.0,0.0,0.0050543895922601,9857.597323021704,31647.538940941035
Turkmenistan,TKM,59.438419342041016,2008,5345033.0,60001295021.0,154.9123992919922,99.99462890625,0.0053720222786068,0.0,0.0,0.0,0.0,0.0053720222786068,11225.617320042738,28982.496327336463
Turkmenistan,TKM,52.462364196777344,2009,5451597.0,64409212896.0,226.6389923095703,99.99634552001952,0.0036526082549244,0.0,0.0,0.0,0.0,0.0036526082549244,11814.742156472681,41572.95418380528
Turkmenistan,TKM,59.18406677246094,2010,5564356.0,71115148352.0,246.7654266357422,99.99650573730467,0.003496813122183,0.0,0.0,0.0001683240407146,0.0,0.0033284889068454,12780.481398386444,44347.5267642369
Turkmenistan,TKM,65.15507507324219,2011,5683413.0,82520290491.0,266.9771728515625,99.99649810791016,0.0035037812776863,0.0,0.0,0.0004432187124621,0.0,0.0030605625361204,14519.495678213074,46974.79716000975
Turkmenistan,TKM,66.93863677978516,2012,5808548.0,87581261691.0,315.57196044921875,99.99662017822266,0.0033774708863347,0.0,0.0,0.0008015502244234,0.0,0.0025759206619113,15077.995686873897,54328.88915598507
Turkmenistan,TKM,64.33964538574219,2013,5939348.0,87286119372.0,267.65106201171875,99.9952163696289,0.0047804024070501,0.0,0.0,0.0017665822524577,0.0,0.0030138201545923,14696.246014208968,45064.04777287318
Turkmenistan,TKM,62.79934310913086,2014,6075286.0,90639646545.0,283.7026672363281,99.99437713623048,0.0056249289773404,0.0,0.0,0.00279609602876,0.0,0.0028288329485803,14919.404048632443,46697.829079376366
Turkmenistan,TKM,63.0916748046875,2015,6215773.0,93346148579.0,322.2480163574219,99.99342346191406,0.0065788109786808,0.0,0.0,0.0041009546257555,0.0,0.0024778563529253,15017.625093290892,51843.59473188964
Turkmenistan,TKM,62.09092330932617,2016,6360041.0,92434154525.0,348.6648864746094,99.9926986694336,0.0073021664284169,0.0,0.0,0.0050293076783418,0.0,0.0022728587500751,14533.578403818467,54821.16962368786
Turkmenistan,TKM,62.956573486328125,2017,6507065.0,96785037864.0,323.5747375488281,99.9921875,0.0078143086284399,0.0,0.0,0.0053774556145071,0.0,0.0024368525482714,14873.839106263731,49726.679777876525
Turkmenistan,TKM,61.30165863037109,2018,6655523.0,97638670425.0,365.4077453613281,99.9931182861328,0.0068852710537612,0.0,0.0,0.0047381338663399,0.0,0.0021471371874213,14670.322741728936,54902.934804872304
Turkmenistan,TKM,62.25421524047852,2019,6803943.0,94329707021.0,350.6770324707031,99.99285888671876,0.0071389814838767,0.0,0.0,0.004912725649774,0.0,0.0022262553684413,13863.976670733426,51540.266059063564
Turkmenistan,TKM,62.90496826171875,2020,6949915.0,91559235694.0,444.2612915039063,99.9943618774414,0.0056366259232163,0.0,0.0,0.0038788726087659,0.0,0.001757753547281,13174.151870058842,63923.269781559386
Turkmenistan,TKM,91.69364166259766,2021,7092042.0,95789282239.0,444.796875,99.99440002441406,0.005598412360996,0.0099999997764825,0.0352112688124179,0.0038540998939424,0.0,0.0017443125834688,13506.586994126656,62717.744057353295
Turkmenistan,TKM,102.06282806396484,2022,7230197.0,97502944727.0,471.770751953125,99.99473571777344,0.0052653481252491,0.0099999997764825,0.030674846842885,0.0036248094402253,0.0,0.0016405388014391,13485.517023533384,65250.05500584908
Ukraine,UKR,285.6634826660156,2000,49556654.0,253196030608.0,1585.45654296875,84.407958984375,1.984610915184021,11.279999732971191,6.564245700836182,0.0,0.0010556440101936,1.9835551977157595,5109.223689880273,31992.808533214327
Ukraine,UKR,303.87603759765625,2001,49106854.0,281110336028.0,1562.9002685546875,84.34322357177734,2.138282537460327,12.050000190734863,6.95326042175293,0.0,0.0028396847192198,2.1354427337646484,5724.462333262074,31826.519950854265
Ukraine,UKR,295.9009094238281,2002,48677280.0,301087057315.0,1553.2376708984375,84.47657012939453,1.7091200351715088,9.649999618530272,5.545020580291748,0.0,0.003896843176335,1.7052232027053833,6185.371436427837,31908.883793392677
Ukraine,UKR,307.245361328125,2003,48315133.0,335257370240.0,1591.927734375,84.41752624511719,1.5928751230239868,9.270000457763672,5.133459091186523,0.0,0.0053273416124284,1.587547779083252,6938.972314119471,32948.84305451462
Ukraine,UKR,310.6257629394531,2004,47979502.0,381078098070.0,1585.8719482421875,83.04214477539062,2.0227644443511963,11.779999732971191,6.4569172859191895,0.0,0.0056636030785739,2.0171008110046387,7942.518829603525,33053.113978594185
Ukraine,UKR,313.51251220703125,2005,47585558.0,399366244154.0,1605.4925537109375,82.98362731933594,2.086064338684082,12.399999618530272,6.652717113494873,0.0,0.0063922619447112,2.07967209815979,8392.593487166841,33739.07170975987
Ukraine,UKR,333.05419921875,2006,47278691.0,436786761547.0,1624.43115234375,82.94534301757812,2.136420488357544,12.93000030517578,6.678374290466309,0.0,0.005787068977952,2.130633592605591,9238.554458857585,34358.632144526804
Ukraine,UKR,336.8287658691406,2007,47062802.0,480580682697.0,1617.8817138671875,82.98777770996094,1.736243486404419,10.470000267028809,5.335031986236572,0.0,0.0074281860142946,1.6743130683898926,10211.476203584309,34377.08009538377
Ukraine,UKR,325.9833984375,2008,46819168.0,499592169886.0,1562.052734375,82.739990234375,2.0142500400543213,11.81999969482422,6.13770866394043,0.0,0.007636371999979,1.9535536766052248,10670.67594806469,33363.5303894123
Ukraine,UKR,277.5933532714844,2009,46623731.0,431074416655.0,1330.5576171875,81.15320587158203,2.407578468322754,12.119999885559082,6.981164455413818,0.0,0.0085245091468095,2.3662450313568115,9245.815540909844,28538.20551571688
Ukraine,UKR,294.36578369140625,2010,46455997.0,439429783004.0,1426.9146728515625,81.1791763305664,2.4636332988739014,13.390000343322754,7.091409683227539,0.0,0.0091737657785415,2.413067579269409,9459.053973246984,30715.403069523243
Ukraine,UKR,308.3764038085937,2011,46307854.0,471221167316.0,1474.744384765625,82.0897216796875,1.9812614917755127,11.1899995803833,5.739933013916016,0.0053127501159906,0.015797046944499,1.93162214756012,10175.836852988265,31846.528339784974
Ukraine,UKR,304.4299011230469,2012,46210051.0,472276721174.0,1442.9893798828125,81.80463409423828,2.0209784507751465,11.229999542236328,5.646620750427246,0.0598078444600105,0.0517150349915027,1.880300760269165,10220.216402141603,31226.742854770113
Ukraine,UKR,297.54022216796875,2013,46126760.0,472286166147.0,1369.5684814453125,81.49988555908203,2.8779475688934326,15.109999656677246,7.773833274841309,0.1070152968168258,0.1198946833610534,2.591799736022949,10238.87578808917,29691.408662678943
Ukraine,UKR,257.7030639648437,2014,45972379.0,441233307180.0,1208.370849609375,79.08771514892578,2.198574542999268,10.170000076293944,5.562848567962647,0.0908277258276939,0.2392855435609817,1.7950160503387451,9597.791473441042,26284.714341395622
Ukraine,UKR,223.8498077392578,2015,45784904.0,398045419167.0,1003.4078979492188,75.91372680664062,1.8503942489624023,7.099999904632568,4.337732315063477,0.1209142059087753,0.2751718163490295,1.3693424463272097,8693.813558438389,21915.6929530576
Ukraine,UKR,234.10565185546875,2016,45616831.0,407666198456.0,1049.995361328125,78.23946380615234,2.27720308303833,9.260000228881836,5.626442909240723,0.1181275099515914,0.2295640110969543,1.8474390506744385,8936.749649619458,23017.718204233104
Ukraine,UKR,223.2877655029297,2017,45436037.0,417287091525.0,975.3308715820312,75.0516128540039,2.86985445022583,10.859999656677246,6.95975399017334,0.1861975491046905,0.2537157535552978,2.3084702491760254,9184.055632426745,21466.019837558262
Ukraine,UKR,231.8999786376953,2018,45208903.0,431842093109.0,1011.9885864257812,75.84077453613281,3.282193899154663,13.029999732971191,8.15088176727295,0.2739553451538086,0.2939670979976654,2.579435110092163,9552.147131484257,22384.71892197387
Ukraine,UKR,222.1878967285156,2019,44957451.0,445656664440.0,957.6632080078124,75.18289184570312,3.219956398010254,11.869999885559082,7.700791358947754,0.7631091475486755,0.5256523489952087,1.6934475898742676,9912.854366231752,21301.545944137542
Ukraine,UKR,207.10064697265625,2020,44680008.0,428931213784.0,918.4515991210938,74.66094970703125,4.707267761230469,16.950000762939453,11.468976974487305,1.4537038803100586,0.883804976940155,2.047889709472656,9600.070210014286,20556.209370443572
Ukraine,UKR,210.63607788085932,2021,44298642.0,443313281092.0,934.9348754882812,71.21835327148438,5.89018440246582,21.670000076293945,13.85195541381836,1.7271639108657837,1.0150915384292605,2.773252248764038,10007.378580408853,21105.271703098286
Ukraine,UKR,143.0398712158203,2022,41048768.0,309166674673.0,618.78076171875,67.58657836914062,7.502861022949219,18.299999237060547,16.411083221435547,2.033341884613037,0.5679464340209961,4.415936470031738,7531.691929779719,15074.283391860872
United Arab Emirates,ARE,112.2768096923828,2000,3493583.0,160530689682.0,535.7819213867188,100.0,0.0,0.0,0.0,0.0,0.0,0.0,45950.157669647466,153361.7267392012
United Arab Emirates,ARE,101.89553833007812,2001,3723596.0,177271829556.0,541.5660400390625,100.0,0.0,0.0,0.0,0.0,0.0,0.0,47607.69684895998,145441.6752083369
United Arab Emirates,ARE,85.2130355834961,2002,3956829.0,195394872658.0,591.693115234375,100.0,0.0,0.0,0.0,0.0,0.0,0.0,49381.68231631946,149537.19638487662
United Arab Emirates,ARE,107.1058349609375,2003,4192465.0,224547226340.0,631.1553344726562,100.0,0.0,0.0,0.0,0.0,0.0,0.0,53559.71399641977,150545.1648308707
United Arab Emirates,ARE,112.4686050415039,2004,4428964.0,252047957126.0,675.0653686523438,100.0,0.0,0.0,0.0,0.0,0.0,0.0,56909.01012652169,152420.60415310302
United Arab Emirates,ARE,115.27328491210938,2005,4664797.0,262413275144.0,704.5980834960938,100.0,0.0,0.0,0.0,0.0,0.0,0.0,56253.95384708059,151045.8190348034
United Arab Emirates,ARE,122.72318267822266,2006,5009106.0,307378573765.0,741.29296875,100.0,0.0,0.0,0.0,0.0,0.0,0.0,61363.95871139481,147989.07604470738
United Arab Emirates,ARE,134.1031494140625,2007,5624640.0,367816178792.0,818.3610229492188,100.0,0.0,0.0,0.0,0.0,0.0,0.0,65393.728094953636,145495.71580567266
United Arab Emirates,ARE,155.03038024902344,2008,6302669.0,464692468324.0,938.4005126953124,100.0,0.0,0.0,0.0,0.0,0.0,0.0,73729.47370772605,148889.38522637193
United Arab Emirates,ARE,169.08810424804688,2009,6707063.0,480551549339.0,925.5753173828124,99.99819946289062,0.0018018182599917,0.0099999997764825,0.011668611317873,0.0018018182599917,0.0,0.0,71648.58140425995,138000.09294423094
United Arab Emirates,ARE,185.8484039306641,2010,6938372.0,490048925162.0,972.49169921875,99.99506378173828,0.0049336487427353,0.0199999995529651,0.0212879199534654,0.0049336487427353,0.0,0.0,70628.80531081355,140161.36627133138
United Arab Emirates,ARE,198.5181884765625,2011,7199436.0,551070287560.0,1020.9313354492188,99.9947509765625,0.0052517494186758,0.0199999995529651,0.020175527781248,0.0052517494186758,0.0,0.0,76543.53584919707,141807.12703734275
United Arab Emirates,ARE,208.3235626220703,2012,7497122.0,577394943300.0,1074.099853515625,99.9941864013672,0.0058169281110167,0.0199999995529651,0.0188306178897619,0.0058169281110167,0.0,0.0,77015.545872136,143268.2906208042
United Arab Emirates,ARE,214.1880645751953,2013,7831851.0,606587973942.0,1131.859375,99.98036193847656,0.0196388531476259,0.0900000035762786,0.0818256288766861,0.0193023942410945,0.0003364581789355,0.0,77451.41907602685,144520.0342805296
United Arab Emirates,ARE,214.53033447265625,2014,8236880.0,631858461256.0,1135.19287109375,99.93019104003906,0.0698053315281868,0.3100000023841858,0.2660031020641327,0.0691377818584442,0.0006675474578514,0.0,76710.8979681627,137818.30876421047
United Arab Emirates,ARE,225.0448303222656,2015,8674633.0,674742705535.0,1223.078857421875,99.93778228759766,0.0622212551534175,0.3000000119209289,0.2355157881975174,0.0619130358099937,0.0003082196926698,0.0,77783.42963154752,140994.88213759303
United Arab Emirates,ARE,227.8977203369141,2016,9030873.0,712265114847.0,1269.522216796875,99.9374542236328,0.062543399631977,0.3199999928474426,0.2468945235013961,0.062543399631977,0.0,0.0,78870.01786505025,140575.80222829786
United Arab Emirates,ARE,196.49282836914065,2017,9234330.0,717500233045.0,1211.8883056640625,99.84627532958984,0.1537216752767563,0.75,0.5573307275772095,0.1537216752767563,0.0,0.0,77699.21943930961,131237.27500144162
United Arab Emirates,ARE,204.10479736328125,2018,9346870.0,726928170282.0,1132.72509765625,99.7368392944336,0.2631571292877197,1.2000000476837158,0.8822881579399109,0.2631571292877197,0.0,0.0,77772.36339887042,121187.63796396548
United Arab Emirates,ARE,204.05807495117188,2019,9377855.0,734982504070.0,1216.9576416015625,99.25606536865234,0.7439355850219727,3.660000085830689,2.643553733825684,0.7439355850219727,0.0,0.0,78374.26619093599,129769.29602788297
United Arab Emirates,ARE,215.26617431640625,2020,9448529.0,698549476819.0,1184.4989013671875,98.5788345336914,1.0817803144454956,5.179999828338623,3.772485494613648,1.081542730331421,0.0,0.0,73932.08792807854,125363.31331228252
United Arab Emirates,ARE,212.17295837402344,2021,9789055.0,725904671328.0,1240.6063232421875,96.6604232788086,1.2428938150405884,6.25,4.193223476409912,1.2427847385406494,8.944703040469903e-06,0.0,74154.72395731763,126734.02317610715
United Arab Emirates,ARE,207.10340881347656,2022,10242085.0,779701520404.0,1352.9476318359375,94.93209838867188,1.4112470149993896,7.75,4.986488342285156,1.4083703756332395,8.18465014162939e-06,0.0,76127.22608765696,132096.89548914478
United Kingdom,GBR,569.03369140625,2000,59057333.0,1889565292321.0,2664.1162109375,90.02240753173828,1.08696711063385,9.90999984741211,2.6282289028167725,0.00010451838898,0.098874382674694,0.5315538644790649,31995.438946100054,45110.67594158883
United Kingdom,GBR,577.9705810546875,2001,59288095.0,1939268312671.0,2691.80615234375,89.68949127197266,1.0432146787643433,9.539999961853027,2.479403257369995,0.0002057280653389,0.0992637947201728,0.4170774519443512,32709.236359694136,45402.13599954173
United Kingdom,GBR,560.273193359375,2002,59540764.0,1983994308619.0,2630.840087890625,89.59056854248047,1.2373026609420776,11.119999885559082,2.8716042041778564,0.0003132259589619,0.1314504891633987,0.4998548328876495,33321.61321643437,44185.52788289087
United Kingdom,GBR,571.6187744140625,2003,59820385.0,2050625402735.0,2668.734375,89.72917938232422,1.1942470073699951,10.6899995803833,2.684513092041016,0.0003070342354476,0.1318200230598449,0.3303381502628326,34279.70921175114,44612.45735880837
United Kingdom,GBR,573.4297485351562,2004,60169964.0,2099526641365.0,2690.65185546875,90.3754653930664,1.5487816333770752,14.140000343322754,3.5895612239837646,0.000403792160796,0.1957382261753082,0.489038735628128,34893.26736783489,44717.524768150935
United Kingdom,GBR,570.33837890625,2005,60596107.0,2161729510824.0,2712.682373046875,90.0311279296875,1.860344648361206,16.93000030517578,4.250031471252441,0.0007947775302454,0.2892990112304687,0.4890762865543365,35674.39589516864,44766.61137730969
United Kingdom,GBR,567.8456420898438,2006,61051093.0,2212618867772.0,2678.33740234375,90.40276336669922,2.0468766689300537,18.100000381469727,4.556095600128174,0.0011007713619619,0.4238970577716827,0.4596627652645111,36242.08444182973,43870.425093679325
United Kingdom,GBR,559.5664672851562,2007,61535859.0,2267631534502.0,2604.1923828125,91.21160888671876,2.337247848510742,19.68000030517578,4.959552764892578,0.0014329423429444,0.5397911071777344,0.5196774005889893,36850.57089236375,42319.91598284993
United Kingdom,GBR,544.9324340820312,2008,62027303.0,2252034759561.0,2558.816162109375,91.76602935791016,2.80961275100708,21.940000534057617,5.640683174133301,0.0017569331685081,0.7334935069084167,0.5313364863395691,36307.15266728589,41253.06177038481
United Kingdom,GBR,494.1076965332031,2009,62506222.0,2151479208521.0,2422.8115234375,89.50402069091797,2.988893985748291,25.239999771118164,6.699224948883057,0.002172912005335,1.008326292037964,0.5679816603660583,34420.2407325306,38761.12562742154
United Kingdom,GBR,511.9045715332031,2010,63006482.0,2190919919855.0,2475.146484375,90.40059661865234,3.0432705879211426,26.18000030517578,6.8523268699646,0.0042494935914874,1.0852017402648926,0.3789132535457611,34772.92891634547,39283.997547665014
United Kingdom,GBR,469.71331787109375,2011,63509285.0,2223011392593.0,2332.1884765625,88.04132843017578,4.268152713775635,35.20000076293945,9.565997123718262,0.0271656364202499,1.779685139656067,0.6345638632774353,35002.93528092782,36722.008074291814
United Kingdom,GBR,487.4767761230469,2012,63960488.0,2255210551431.0,2375.14599609375,87.46199035644531,4.868680953979492,41.2400016784668,11.333718299865724,0.1474674195051193,2.161975383758545,0.5783243775367737,35259.4331586557,37134.5821516207
United Kingdom,GBR,477.61126708984375,2013,64389386.0,2296252599482.0,2388.47314453125,85.74849700927734,6.655430316925049,53.209999084472656,14.851512908935549,0.2162692248821258,3.055039644241333,0.5058006048202515,35661.97384584472,37094.205938401865
United Kingdom,GBR,438.80706787109375,2014,64865914.0,2369725553442.0,2255.70751953125,84.26520538330078,8.505534172058105,64.51000213623047,19.081283569335938,0.4597458839416504,3.624298095703125,0.667704164981842,36532.67806327373,34774.928470617866
United Kingdom,GBR,422.4607849121094,2015,65382107.0,2426435869267.0,2279.46728515625,81.57610321044922,10.561546325683594,83.36000061035156,24.59940528869629,0.8419374823570251,4.501448154449463,0.7038367390632629,37111.61938031456,34863.77832938681
United Kingdom,GBR,399.4301452636719,2016,65893359.0,2478973016876.0,2246.921875,81.26726531982422,10.659087181091309,83.01000213623047,24.473731994628903,1.171539068222046,4.182745933532715,0.6045247316360474,37620.984185614216,34099.36766161822
United Kingdom,GBR,387.36712646484375,2017,66354473.0,2539548543933.0,2251.04296875,79.68952178955078,12.440467834472656,98.88999938964844,29.238365173339844,1.2819637060165403,5.554405212402344,0.6581213474273682,38272.45442719438,33924.50978775764
United Kingdom,GBR,379.7297668457031,2018,66752473.0,2582848171416.0,2246.42431640625,78.75836944580078,13.980070114135742,110.13999938964844,32.999759674072266,1.4138787984848022,6.351273059844971,0.6075089573860168,38692.921105949135,33653.05007360926
United Kingdom,GBR,364.7532653808594,2019,67110958.0,2624285076706.0,2192.984619140625,77.91927337646484,15.68440055847168,119.73999786376952,36.596473693847656,1.413745641708374,7.267348766326904,0.6754371523857117,39103.67479340706,32676.9976840537
United Kingdom,GBR,326.2632141113281,2020,67351860.0,2334804059780.0,1982.8426513671875,74.61165618896484,19.06827163696289,133.6300048828125,43.06478118896485,1.578398585319519,9.513378143310549,0.8652767539024353,34665.76958349777,29440.057800440663
United Kingdom,GBR,342.3655700683594,2021,67668788.0,2512190098029.0,1990.96728515625,76.76358032226562,17.48206901550293,122.48999786376952,39.78239822387695,1.5137903690338137,8.103324890136719,0.676284909248352,37124.79818655833,29422.239469639237
United Kingdom,GBR,311.1180114746094,2022,68179315.0,2615230634906.0,2009.94384765625,75.07656860351562,19.072383880615234,135.05999755859375,41.61069869995117,1.6465338468551636,9.942047119140623,0.6987606883049011,38358.12423322235,29480.258750857938
United States,USA,6023.15771484375,2000,281484126.0,12947417795437.0,26546.236328125,87.80986785888672,3.855929374694824,350.92999267578125,9.229898452758787,0.0054454933851957,0.059334572404623,2.864578485488892,45996.97318433154,94308.11145678957
United States,USA,5903.56201171875,2001,284279634.0,13073810008320.0,25918.357421875,88.05923461914062,3.28743314743042,280.0599975585937,7.513205528259277,0.006141242571175,0.0727665051817894,2.2479889392852783,45989.26002669611,91172.05146632135
United States,USA,5947.8193359375,2002,287084335.0,13307343638671.0,26297.26953125,87.56272888183594,3.850827693939209,336.3399963378906,8.749216079711914,0.0062908972613513,0.1093682423233985,2.6996545791625977,46353.43004232885,91601.19980510257
United States,USA,6006.43994140625,2003,289908091.0,13680911930765.0,26383.083984375,87.65520477294922,4.012036323547363,349.17999267578125,9.025211334228516,0.0063294544816017,0.1171297952532768,2.798259258270264,47190.51435775554,91004.99366323308
United States,USA,6111.544921875,2004,292786248.0,14198910513593.0,26899.1171875,87.6646499633789,3.944401502609253,345.1400146484375,8.733410835266113,0.0070575703866779,0.1444263756275177,2.654221296310425,48495.82454976847,91872.88464279237
United States,USA,6126.9033203125,2005,295716666.0,14673826218839.0,26912.564453125,87.69306945800781,4.055190563201904,353.0400085449219,8.74946403503418,0.0075074811466038,0.1803483366966247,2.670849800109864,49621.235141474914,91007.93951574242
United States,USA,6045.326171875,2006,298730208.0,15065164240312.0,26699.962890625,87.16900634765625,4.501955986022949,381.1600036621094,9.418474197387695,0.0082866325974464,0.2699555158615112,2.8700947761535645,50430.669001214636,89378.18197021776
United States,USA,6121.54248046875,2007,301844223.0,15333183877566.0,27066.7109375,87.40882110595703,4.222331523895264,347.9100036621094,8.398409843444824,0.0107994629070162,0.343066543340683,2.3961293697357178,50798.33473429107,89671.12462344526
United States,USA,5919.22119140625,2008,304970325.0,15288552732632.0,26407.25,86.65611267089844,4.832541465759277,377.1099853515625,9.180943489074709,0.0163786299526691,0.5608670711517334,2.517918348312378,50131.27992906195,86589.57228051615
United States,USA,5486.10400390625,2009,308023452.0,14864003344421.0,25110.52734375,85.57359313964844,5.601161003112793,415.55999755859375,10.547689437866213,0.0217872206121683,0.78326815366745,2.8497419357299805,48256.076762690784,81521.47890268434
United States,USA,5669.25,2010,311062785.0,15239586726210.0,25953.546875,85.79938507080078,5.641783714294434,424.4800109863281,10.318089485168455,0.0303589049726724,0.9633352756500244,2.59226131439209,48991.9960248861,83435.0752533769
United States,USA,5538.97314453125,2011,314105075.0,15477885525000.0,25729.087890625,84.9336166381836,6.652554035186768,509.739990234375,12.466524124145508,0.0479353442788124,1.2278989553451538,3.19739317893982,49276.13960073711,81912.35971155512
United States,USA,5331.46728515625,2012,317115349.0,15830886903539.0,25047.3671875,84.97840881347656,6.652078628540039,492.3200073242188,12.184118270874023,0.0933975577354431,1.4700934886932373,2.8321008682250977,49921.54102114748,78985.0357810968
United States,USA,5473.43603515625,2013,320110752.0,16122472460312.0,25728.62890625,84.81784057617188,6.8875813484191895,520.3800048828125,12.831114768981934,0.1601873189210891,1.693135142326355,2.6620144844055176,50365.29500987208,80374.14783946401
United States,USA,5531.38525390625,2014,323115377.0,16491319003554.0,25995.9140625,84.73380279541016,7.0149126052856445,546.8300170898438,13.35031032562256,0.2872893810272217,1.8043020963668823,2.51485538482666,51038.48401357265,80453.96756991853
United States,USA,5368.49658203125,2015,326126496.0,16937633974582.0,25747.42578125,84.4923095703125,7.219233989715576,556.489990234375,13.626134872436523,0.3894284963607788,1.902829647064209,2.4343132972717285,51935.78008019931,78949.19945802257
United States,USA,5245.36181640625,2016,329179423.0,17220065720000.0,25727.05078125,83.68087768554688,7.99330997467041,624.9099731445312,15.288092613220217,0.5440620183944702,2.2509028911590576,2.589376926422119,52312.09643380412,78155.10017845192
United States,USA,5195.41748046875,2017,332204657.0,17606124654726.0,25822.15625,82.99665832519531,8.75450325012207,707.1900024414062,17.451526641845703,0.7599108815193176,2.5007097721099854,2.8894879817962646,52997.82614042644,77729.6636452631
United States,USA,5361.236328125,2018,335056492.0,18124692769570.0,26768.98828125,83.42341613769531,8.639647483825684,733.1699829101562,17.449989318847656,0.8810619711875916,2.573093891143799,2.7047553062438965,54094.43840762829,79893.95496103386
United States,USA,5235.912109375,2019,337790069.0,18540552700117.0,26578.494140625,83.05303955078125,8.966625213623047,760.760009765625,18.29462432861328,1.0113338232040403,2.7993710041046143,2.6738269329071045,54887.79689410289,78683.46816503063
United States,USA,4689.95361328125,2020,339436156.0,18027359681343.0,24630.39453125,81.48905181884766,10.12306022644043,821.4000244140625,20.315692901611328,1.332066535949707,3.4436395168304443,2.852759838104248,53109.721409121186,72562.6722312104
United States,USA,5020.11083984375,2021,340161438.0,19099378164000.0,25956.828125,82.0498046875,10.115880966186523,861.5800170898438,20.742870330810547,1.5854507684707642,3.646789073944092,2.3766348361968994,56147.98160631012,76307.38004170831
United States,USA,5055.40283203125,2022,341534041.0,19493170182843.0,26512.509765625,81.55218505859375,10.874505996704102,958.1400146484376,22.35046768188477,1.9316476583480835,4.09076452255249,2.3431453704833984,57075.33610930162,77627.72251924663
Uzbekistan,UZB,123.47847747802734,2000,24787052.0,116875841754.0,594.814208984375,97.24964141845705,2.7503597736358643,3.5299999713897705,7.533077239990234,0.0,0.0,2.7503597736358643,4715.197343919721,23996.97265267265
Uzbekistan,UZB,126.2225341796875,2001,25090289.0,119890046302.0,596.1539306640625,97.20692443847656,2.7930736541748047,4.360000133514404,9.090909957885742,0.0,0.0,2.7930736541748047,4778.344573950503,23760.345313840844
Uzbekistan,UZB,132.57655334472656,2002,25399987.0,122757832356.0,611.1537475585938,97.22185516357422,2.7781429290771484,6.019999980926514,12.186234474182127,0.0,0.0,2.7781429290771484,4832.987999403307,24061.18347850311
Uzbekistan,UZB,130.2958221435547,2003,25711261.0,125924032405.0,553.15576171875,96.46755981445312,3.5324366092681885,8.170000076293945,16.762413024902344,0.0,0.0,3.5324366092681885,4897.621801007737,21514.143616633584
Uzbekistan,UZB,129.09922790527344,2004,26029350.0,133132057133.0,555.8468627929688,96.8277816772461,3.1722209453582764,6.099999904632568,12.273641586303713,0.0,0.0,3.1722209453582764,5114.690037707434,21354.619412047123
Uzbekistan,UZB,121.60163879394533,2005,26356977.0,140239285325.0,561.6619873046875,96.7021942138672,3.297809600830078,8.930000305175781,18.73295783996582,0.0,0.0,3.297809600830078,5320.765174435596,21309.80299086225
Uzbekistan,UZB,124.89879608154295,2006,26699046.0,148405074458.0,524.7894897460938,97.01386260986328,2.9861390590667725,4.650000095367432,9.428224563598633,0.0,0.0,2.9861390590667725,5558.441094037592,19655.7393753355
Uzbekistan,UZB,123.82270050048828,2007,27076013.0,159993748436.0,557.5254516601562,96.91374969482422,3.086249828338623,4.670000076293945,9.526723861694336,0.0,0.0,3.086249828338623,5909.05863562704,20591.120696394857
Uzbekistan,UZB,128.38685607910156,2008,27494780.0,171692630381.0,523.3160400390625,97.78547668457033,2.2145233154296875,4.489999771118164,8.94066047668457,0.0,0.0,2.2145233154296875,6244.553707321899,19033.287047179954
Uzbekistan,UZB,109.2297592163086,2009,27939333.0,182715813772.0,524.1907348632812,96.74699401855467,3.25300931930542,6.480000019073486,12.93413257598877,0.0,0.0,3.25300931930542,6539.734279698087,18761.748351805007
Uzbekistan,UZB,107.66824340820312,2010,28385509.0,195160171269.0,525.6619262695312,95.93070220947266,4.069295406341553,8.1899995803833,15.759090423583984,0.0,0.0,4.069295406341553,6875.345137161359,18518.671843070748
Uzbekistan,UZB,116.75460052490234,2011,28823194.0,208063390835.0,549.9613037109375,97.30017852783205,2.699820280075073,5.699999809265137,10.795454025268556,0.0,0.0,2.699820280075073,7218.609805526758,19080.512163604682
Uzbekistan,UZB,118.86036682128906,2012,29261908.0,222840047403.0,543.4570922851562,96.9803695678711,3.0196328163146973,6.650000095367432,12.54716968536377,0.0,0.0,3.0196328163146973,7615.3628602413755,18572.168714533454
Uzbekistan,UZB,112.39472198486328,2013,29724065.0,239100684823.0,545.5870971679688,97.05513763427734,2.944864511489868,5.699999809265137,10.43764877319336,0.0,0.0,2.944864511489868,8044.010293444049,18355.06338611387
Uzbekistan,UZB,107.49562072753906,2014,30222994.0,255536474727.0,566.1685180664062,97.21527099609376,2.7847325801849365,6.070000171661377,10.887892723083496,0.0,0.0,2.7847325801849365,8455.035087754708,18733.03876070009
Uzbekistan,UZB,103.37357330322266,2015,30749349.0,273983640646.0,540.15478515625,97.17317962646484,2.82682204246521,6.820000171661377,11.879464149475098,0.0,0.0,2.82682204246521,8910.225730177248,17566.381166516727
Uzbekistan,UZB,109.83733367919922,2016,31284565.0,290236358613.0,520.7319946289062,96.6806640625,3.319338321685791,6.860000133514404,11.684551239013672,0.0022451430559158,0.0,3.317093133926392,9277.302037378497,16645.013112022054
Uzbekistan,UZB,108.88287353515624,2017,31819172.0,302992216928.0,537.743896484375,96.3017807006836,3.698218822479248,7.940000057220459,13.05062484741211,0.0029312316328287,0.0,3.6952874660491934,9522.31619754279,16899.996533045392
Uzbekistan,UZB,102.33026885986328,2018,32373489.0,320808179800.0,539.00830078125,97.27047729492188,2.7295260429382324,5.909999847412109,9.35866928100586,0.0031561779323965,0.0,2.726369857788086,9909.59546559841,16649.682114314277
Uzbekistan,UZB,107.94720458984376,2019,32964700.0,339998944961.0,543.3712158203125,97.04044342041016,2.9595539569854736,6.46999979019165,10.179357528686523,0.0031159156933426,0.0070743653923273,2.9493637084960938,10314.03122009301,16483.42669037827
Uzbekistan,UZB,108.13882446289062,2020,33586373.0,346785285756.0,539.8177490234375,97.70687866210938,2.293123960494995,5.010000228881836,7.53043794631958,0.0031358073465526,0.0,2.2899880409240723,10325.178183306663,16072.5228956231
Uzbekistan,UZB,123.16163635253906,2021,34243696.0,372457828275.0,575.91748046875,97.83287811279295,2.167122840881348,5.019999980926514,7.0268754959106445,0.020993385463953,0.0005139035638421,2.145615577697754,10876.683062336495,16818.204450499445
Uzbekistan,UZB,119.10547637939452,2022,34938953.0,393572464308.0,592.5219116210938,97.61267852783205,2.387324571609497,6.920000076293945,9.218063354492188,0.1809762120246887,0.0,2.206348419189453,11264.57522376243,16958.776973685897
Venezuela,VEN,142.90232849121094,2000,24526707.0,330236189305.0,772.01220703125,77.03778076171875,22.962221145629883,62.88999938964844,73.75395965576172,0.0,0.0,22.962221145629883,13464.350893293584,31476.39049266785
Venezuela,VEN,130.61778259277344,2001,24979934.0,343312598582.0,817.0016479492188,79.29520416259766,20.704797744750977,60.43999862670898,67.07357788085938,0.0,0.0,20.704797744750977,13743.535054255948,32706.317316499666
Venezuela,VEN,164.23291015625,2002,25435674.0,314003719638.0,815.8416137695312,79.7427749633789,20.257225036621094,59.52999877929688,64.81219482421875,0.0,0.0,20.257225036621094,12345.012742261126,32074.700036237737
Venezuela,VEN,154.3640594482422,2003,25892710.0,291333920302.0,734.0148315429688,77.19976043701172,22.800235748291016,60.52999877929688,65.82925415039062,0.0,0.0,22.800235748291016,11251.580862026416,28348.32010797513
Venezuela,VEN,142.84205627441406,2004,26340843.0,346317458927.0,816.9638061523438,76.40745544433594,23.592544555664062,70.06999969482422,71.10095977783203,0.0,0.0,23.592544555664062,13147.546527914843,31015.097206734947
Venezuela,VEN,148.4082489013672,2005,26785797.0,383570387195.0,849.1861572265625,75.2024917602539,24.79751205444336,77.2300033569336,73.28020477294922,0.0,0.0,24.79751205444336,14319.916902043273,31702.851971384778
Venezuela,VEN,155.8412322998047,2006,27224691.0,423878563812.0,933.9674682617188,76.33873748779297,23.66125869750977,81.5999984741211,73.899658203125,0.0,0.0,23.66125869750977,15569.637275662742,34305.89784331138
Venezuela,VEN,154.16748046875,2007,27649369.0,462276737389.0,975.6624145507812,77.03710174560547,22.962900161743164,83.05999755859375,72.72567749023438,0.0,0.0,22.962900161743164,16719.250894622586,35286.96855797256
Venezuela,VEN,155.75830078125,2008,28053694.0,488287068325.0,1000.3211669921876,76.78272247314453,23.21727561950684,86.83999633789062,72.79127502441406,0.0,0.0,23.21727561950684,17405.446438711424,35657.377848071905
Venezuela,VEN,152.17568969726562,2009,28438296.0,474358611901.0,1010.7821044921876,77.38764953613281,22.612350463867188,85.95999908447266,71.89094543457031,0.0,0.0,22.612350463867188,16680.27549544459,35542.99120074521
Venezuela,VEN,189.5816650390625,2010,28813101.0,477591738082.0,957.0090942382812,78.8486099243164,21.1513900756836,76.77999877929688,67.49296569824219,0.0006787229795008,0.0,21.150711059570312,16575.50633241455,33214.37335878152
Venezuela,VEN,168.71250915527344,2011,29185220.0,502688619769.0,1009.9186401367188,78.36894989013672,21.631053924560547,83.66999816894531,70.93082427978516,0.0007751603843644,0.0,21.630277633666992,17224.081907520314,34603.76999511118
Venezuela,VEN,175.84507751464844,2012,29553829.0,530969916373.0,1054.928466796875,79.77171325683594,20.22828483581543,82.05999755859375,63.95448303222656,0.0012917869025841,0.0,20.226993560791016,17966.19708305817,35695.15363971535
Venezuela,VEN,198.45216369628903,2013,29912195.0,538100828642.0,1037.0093994140625,79.60847473144531,20.391525268554688,83.62999725341797,61.88854598999024,0.0013396138092502,0.0220611412078142,20.36812400817871,17989.346105894267,34668.44875189074
Venezuela,VEN,175.99159240722656,2014,30254080.0,517147151484.0,1013.2381591796876,79.4986801147461,20.50131797790528,64.37999725341797,55.8708610534668,0.0014245704514905,0.027919266372919,20.449037551879883,17093.468103607844,33490.95920879721
Venezuela,VEN,166.328369140625,2015,30573968.0,484975458402.0,969.3006591796876,80.19377899169922,19.80622291564941,75.0,58.81430435180664,0.0014985270099714,0.0197469126433134,19.765851974487305,15862.365604686967,31703.462866831273
Venezuela,VEN,152.7334442138672,2016,30765719.0,402335647692.0,890.0844116210938,81.98481750488281,18.01517868041992,63.060001373291016,53.92509078979492,0.0016234192298725,0.0279859881848096,17.981630325317383,13077.401106471785,28931.04535021898
Venezuela,VEN,139.09329223632812,2017,30565331.0,339285602968.0,872.974365234375,79.6449966430664,20.3550033569336,60.61000061035156,58.3911361694336,0.0014219628646969,0.0277513414621353,20.319902420043945,11100.341199249568,28560.932817458284
Venezuela,VEN,111.23958587646484,2018,29807591.0,272599019803.0,727.8723754882812,77.35017395019531,22.649826049804688,58.20000076293945,58.36927032470703,0.0001216836972162,0.0001487245172029,22.631744384765625,9145.288520732856,24419.027203113503
Venezuela,VEN,105.43048095703124,2019,28938096.0,197170883456.0,656.968017578125,75.94990539550781,24.050092697143555,49.709999084472656,58.37932968139648,0.0005016569048166,0.0230964981019496,24.0264949798584,6813.540305346973,22702.530863748776
Venezuela,VEN,80.90115356445312,2020,28444080.0,138029481377.0,527.8601684570312,67.91881561279297,32.08118438720703,62.540000915527344,77.6797866821289,0.0006257590721361,0.0094891106709837,32.07075881958008,4852.661129380876,18557.821819409564
Venezuela,VEN,94.90249633789062,2021,28237830.0,138656126606.0,604.0859985351562,71.84269714355469,28.157299041748047,65.70999908447266,79.2354965209961,0.0004723556048702,0.0079430975019931,28.148557662963867,4910.296811263472,21392.791108068723
Venezuela,VEN,108.42350006103516,2022,28213015.0,149682062815.0,646.047119140625,73.51570129394531,26.48430061340332,64.54000091552734,78.36328125,0.00043999357149,0.0062690866179764,26.47759056091309,5305.425982122081,22898.903897390086
Vietnam,VNM,53.93546676635742,2000,77154016.0,220383060780.0,214.14895629882807,80.89288330078125,19.107120513916016,14.550000190734863,54.7816276550293,0.0,0.0,19.107120513916016,2856.4042703882064,2775.6034928736317
Vietnam,VNM,60.9833869934082,2001,77969357.0,234846323475.0,242.0448760986328,78.93928527832031,21.06071853637696,18.209999084472656,59.490360260009766,0.0,0.0,21.06071853637696,3012.0336053944884,3104.3590124596362
Vietnam,VNM,69.53095245361328,2002,78772227.0,250683369279.0,264.7552795410156,80.93372344970703,19.066280364990234,18.200000762939453,50.83799362182617,0.0,0.0,19.066280364990234,3182.382659804705,3361.0231629101413
Vietnam,VNM,77.26105499267578,2003,79563778.0,268202912195.0,285.3287048339844,81.65496826171875,18.345029830932617,18.989999771118164,46.39628601074219,0.0,0.0,18.345029830932617,3370.917255776869,3586.163352298132
Vietnam,VNM,88.9391860961914,2004,80338977.0,288148996981.0,347.7745666503906,85.99217987060547,14.007817268371582,17.81999969482422,38.57142639160156,0.0,0.0,14.007817268371582,3586.665000489115,4328.839868727612
Vietnam,VNM,95.84205627441406,2005,81088309.0,308988652738.0,369.7912902832031,87.84236907958984,12.157632827758787,16.579999923706055,31.835636138916016,0.0,0.0,12.115044593811035,3810.5203641378193,4560.35271722343
Vietnam,VNM,99.65592193603516,2006,82167901.0,329425429734.0,338.9682006835937,84.23442077636719,15.765579223632812,19.770000457763672,34.145076751708984,0.0,0.0,15.705049514770508,4009.174211885977,4125.311667430737
Vietnam,VNM,101.43263244628906,2007,83633374.0,351786434406.0,370.27386474609375,83.6507339477539,16.349266052246094,22.520000457763672,35.09975051879883,0.0,0.0,16.281906127929688,4206.292507175425,4427.345771630518
Vietnam,VNM,114.29957580566406,2008,85175789.0,370681828207.0,457.2085876464844,84.81808471679688,15.181914329528809,26.030000686645508,36.68780899047852,0.0,0.0009907264029607,15.142961502075195,4351.962365819705,5367.823333535359
Vietnam,VNM,124.49339294433594,2009,86460023.0,389670892896.0,467.7254028320313,82.9463882446289,17.053613662719727,30.049999237060547,37.26438522338867,0.0,0.0065803723409771,17.005157470703125,4506.948753599106,5409.730261487801
Vietnam,VNM,139.5638427734375,2010,87455148.0,413666257649.0,540.2252197265625,86.06910705566406,13.930892944335938,28.6200008392334,31.203662872314453,0.00286820018664,0.0197991412132978,13.876118659973145,4730.038964075619,6177.1688926369725
Vietnam,VNM,152.56393432617188,2011,88468315.0,438354712953.0,597.1419677734375,81.92072296142578,18.07927322387696,41.18999862670898,40.5772819519043,0.002587906550616,0.017864279448986,18.029170989990234,4954.934576893434,6749.783442506365
Vietnam,VNM,144.28753662109375,2012,89510355.0,462486159336.0,621.0375366210938,77.51197814941406,22.488021850585938,53.41999816894531,46.38763046264648,0.0024819676764309,0.0171329844743013,22.439313888549805,5166.845325727956,6938.164155656558
Vietnam,VNM,151.45936584472656,2013,90573103.0,488172621311.0,656.1240844726562,77.06549072265625,22.934511184692383,57.959999084472656,46.56917953491211,0.002332805423066,0.0272609032690525,22.87687873840332,5389.818888185822,7244.13830088891
Vietnam,VNM,180.04751586914062,2014,91679582.0,519523061605.0,723.7809448242188,77.77861785888672,22.221385955810547,62.29999923706055,44.10619354248047,0.0023782276548445,0.0245703812688589,22.168596267700195,5666.725897648617,7894.679808032051
Vietnam,VNM,213.3913116455078,2015,92823254.0,555822142751.0,810.4799194335938,82.20296478271484,17.797033309936523,56.31999969482422,34.780460357666016,0.0021067548077553,0.0382242240011692,17.729406356811523,5987.9622702194865,8731.431882721907
Vietnam,VNM,221.02700805664065,2016,94000115.0,593006635951.0,876.6734619140625,81.34711456298828,18.652881622314453,64.2699966430664,35.8709602355957,0.0015346070285886,0.0583092719316482,18.54901885986328,6308.573515585593,9326.302014780114
Vietnam,VNM,227.69436645507807,2017,95176978.0,634161327073.0,950.0255737304688,76.88316345214844,23.11683464050293,86.51000213623047,44.42789840698242,0.0021344041451811,0.0934736579656601,22.95178985595703,6662.969768519021,9981.67407385501
Vietnam,VNM,255.46841430664065,2018,96237319.0,681501440291.0,1078.9119873046875,80.34451293945312,19.655488967895508,84.08000183105469,38.71443176269531,0.0051354523748159,0.1136802360415458,19.393569946289062,7081.467432514408,11210.95224301383
Vietnam,VNM,339.3123474121094,2019,97173778.0,731653148132.0,1208.173583984375,85.08586120605469,14.914142608642578,72.01000213623047,30.39807510375977,0.9966084361076356,0.1497601717710495,13.676371574401855,7529.326976789973,12433.123511822037
Vietnam,VNM,362.598876953125,2020,98079196.0,752629620043.0,1228.728271484375,82.72383117675781,17.27617073059082,84.94999694824219,34.81557083129883,2.186126470565796,0.1994959861040115,14.803129196166992,7673.692798654263,12527.919493593474
Vietnam,VNM,314.19659423828125,2021,98935101.0,771912038182.0,1223.3848876953125,77.83990478515625,22.16009521484375,108.4800033569336,42.77434158325195,5.3376007080078125,0.6819213628768921,16.057706832885742,7802.205995443417,12365.529274542434
Vietnam,VNM,322.65313720703125,2022,99680656.0,833803909046.0,1293.4947509765625,74.68779754638672,25.31220245361328,131.1300048828125,49.46249008178711,4.966702461242676,1.7534871101379397,18.49928092956543,8364.751422241843,12976.38682250007
